y_true,y_prob
0,0.4585438626731739
1,0.49991845993654865
0,0.5047362417644722
1,0.4913894209954337
0,0.4811944665645684
1,0.4868431393229571
0,0.47728062627796797
1,0.519532677079532
0,0.5083928169487791
0,0.4863450072006485
1,0.5465196028125965
0,0.5351869830270691
0,0.532162778962069
1,0.5103975278462285
1,0.49856761246480075
0,0.49138952972188754
1,0.46517825387582223
1,0.5239788466592191
1,0.45196793153984777
1,0.48712315619154856
1,0.5245526681905489
0,0.5313474772271922
0,0.45529742557620156
1,0.47635499068748144
0,0.5155833004702768
1,0.5827234985465155
0,0.47466696995006596
1,0.6372840537037283
1,0.47159202957869506
0,0.4979628602865297
1,0.5098599762735353
1,0.4526039680027317
0,0.49297132815930683
0,0.47474823733035054
1,0.4768678857170852
1,0.4844529534203941
0,0.4609059057476219
0,0.5587122058174329
0,0.5286405004119805
1,0.5442385151094346
0,0.4547030596581073
0,0.471069031974444
0,0.46980257696142824
0,0.5371003783586411
0,0.4924329371783858
0,0.45005774119478836
1,0.48540099231422945
1,0.47942357614712233
1,0.5614913899767603
1,0.4910393949047481
0,0.4924279823320342
0,0.48033137868476483
0,0.5280722733543897
1,0.5226625674284624
0,0.5273167561742221
0,0.5092678089980797
0,0.4841596797190068
0,0.4913380959194998
0,0.4806810484493915
1,0.5290229867044921
1,0.523554141798964
1,0.5138874285294704
1,0.5613522298389529
1,0.5043789852837645
1,0.5109997526658231
1,0.5057987204476435
0,0.5714223692631647
0,0.5798422108477961
1,0.5266153598904684
1,0.5255020298204461
0,0.5006210945798618
0,0.4476743555473673
0,0.4606454524940225
0,0.46151219215919853
1,0.520433108460954
1,0.4642395423051811
1,0.5334568054367184
1,0.5007389627693214
1,0.4835751536783847
0,0.46549641522580637
0,0.5115628041065329
1,0.47221869507635617
0,0.5240445088502452
1,0.5029775090502169
1,0.5146778390431997
0,0.4723089650924607
1,0.4666422210854649
0,0.459320288345797
1,0.46661712026719343
1,0.508334350100316
1,0.45465608376823125
1,0.45169410090704915
1,0.5005865598943425
0,0.5371605043335456
1,0.5147415469505073
0,0.5152680496615694
1,0.5277694514906737
1,0.49750208164612153
0,0.516545723864454
0,0.47516036147670815
1,0.47846947835409903
1,0.5043908624242345
0,0.46814364956650306
1,0.5252205233053785
1,0.49387638121613037
0,0.46141571932682235
0,0.47932472562817574
0,0.5283862162082195
1,0.5307244859592696
1,0.492676711557562
0,0.5125774211312755
1,0.4632294009492938
1,0.460339187018038
0,0.4594391851633767
1,0.5621718733933618
0,0.49656833436123365
1,0.500673494214845
0,0.4912483946988717
0,0.4595909695380326
0,0.551346060814166
0,0.4592669957673785
1,0.49730716137158787
0,0.46826838003811244
1,0.508972583097397
0,0.4766350402112209
0,0.46141806610948505
0,0.5541128790251294
0,0.5169570843529973
1,0.4644653505993354
1,0.509423240725791
0,0.4970164962351727
1,0.4728198247149916
0,0.5119447076895076
0,0.4789408769257697
1,0.5035257631051676
0,0.4914717292636692
0,0.4814335215565221
1,0.47036054309729003
1,0.5256863726244275
0,0.47525055405631356
1,0.497136482345709
0,0.49295908758932
1,0.5522917655593957
1,0.5174126387459926
0,0.4694586509731829
1,0.4847936811359019
1,0.46115614146646194
0,0.46427008086038957
0,0.4634088564355506
1,0.48700624695873174
1,0.5113297586444547
1,0.5083383817584467
0,0.6103257196291182
1,0.5675345043798256
0,0.5197408650785265
0,0.47970779229296007
0,0.47444632918502355
1,0.5169249252688933
0,0.4943441805251114
0,0.5302872612788812
1,0.4584762552357847
0,0.48028127694048955
1,0.48542774406902095
1,0.5035789407546796
1,0.4811883805419811
1,0.5099643517618285
1,0.5219152180559772
1,0.5033397365366239
0,0.5450482461905349
1,0.46357624739917547
1,0.47047207101615307
0,0.5358540359099233
0,0.5081265900336965
1,0.48585897552543816
1,0.528010961099296
1,0.4698748446817936
0,0.4702741702270853
0,0.4526464506837478
0,0.47174981768495194
1,0.5325023231119588
1,0.5011256097755992
1,0.5625825362676921
1,0.46749224993530575
1,0.47942953039321323
0,0.5491829911751904
1,0.5372306570672198
1,0.5015338241883449
0,0.5045308821728242
0,0.5140800827610836
0,0.4771079351174644
1,0.5607899480817169
1,0.534710901113585
0,0.4876738845849265
1,0.48597903498957906
0,0.46033431122356616
0,0.5187502894476491
1,0.49046207891704663
1,0.5121095280286263
1,0.5063314412471976
0,0.47474940335718063
0,0.5258293130695586
0,0.493153112639382
1,0.5006705177822492
1,0.4692863285724052
1,0.6162219404808417
0,0.482458389069459
1,0.5195827155747971
0,0.49901226682345223
1,0.487349356096336
0,0.5457195513152457
0,0.4872449150628974
1,0.48053592233136544
1,0.5067574921221273
0,0.49015093606074744
0,0.5178531004204944
1,0.5792490027780802
0,0.4997193166091027
0,0.4867774203068932
1,0.5085442670866565
1,0.49331746224091194
1,0.5309389326003904
0,0.5009018440887937
1,0.4675238843937214
1,0.49994709147421196
1,0.46302670089577147
1,0.5234103293340236
1,0.4651208638293748
0,0.504546668394369
0,0.5226228723828348
0,0.5032980249228123
0,0.4623961114007792
0,0.49658094464339014
0,0.4958317484101595
0,0.4728855986530348
1,0.529478076033291
0,0.49781970942139137
1,0.5397620352938536
1,0.48078522004307006
0,0.5150380826259777
1,0.5345819549594785
0,0.476467677576936
1,0.47623383616620313
0,0.49065743150985675
1,0.5065086197329641
0,0.5281843083643487
1,0.5908586741420772
1,0.5249494907402682
0,0.49076974479414487
1,0.5362941677943706
1,0.48385401667297256
0,0.46811083137583565
0,0.4988151758659263
0,0.46136896632401103
0,0.4619506357875148
1,0.48760366483468554
0,0.5212018233804597
1,0.4916438464866949
1,0.5020258088905963
0,0.5080254161345239
0,0.48390103535766904
1,0.5189546500676516
0,0.46760236161175234
0,0.47959687517768596
0,0.45401713617696526
1,0.4596420162532237
0,0.5221341437741792
1,0.4897808617232994
1,0.4859717700902211
1,0.5117906375332271
1,0.4959182645711697
0,0.5180326426348522
0,0.4666138910588948
1,0.4941265760466035
1,0.5171372206220854
0,0.5052006819420375
1,0.5176897854496739
1,0.4917302194081058
0,0.4572345408768393
0,0.4994200996552137
1,0.479540468318662
1,0.5086682555046845
0,0.5290380148335874
0,0.5461509851584483
1,0.5102190909706066
0,0.4895287206484401
1,0.4707064199829814
0,0.46598648751557703
0,0.469426260497276
1,0.48323427684257014
0,0.5131184502092466
0,0.45212775645958936
0,0.4995468086901819
1,0.5890694202936235
1,0.4782043255152139
0,0.5337203421414448
0,0.48958158211383745
1,0.4713108249235605
1,0.522279434256464
0,0.5234146852290306
1,0.5675838937541735
0,0.48600871052704225
0,0.4637484729905901
0,0.45232238839272937
1,0.5530455595116581
1,0.5458650533251117
0,0.5161419333928772
1,0.5333415726393272
0,0.5030912963039397
1,0.511509956118147
1,0.49485716099306376
0,0.46910701976186986
0,0.5053850926776026
1,0.5212561767835757
1,0.582636543193284
1,0.5434072263206302
0,0.4662864556462963
0,0.44900821728691515
0,0.4576216810976662
1,0.46999540080155877
0,0.46992539376343406
1,0.498956123040069
1,0.5942831048158941
0,0.4853964900124881
0,0.5100990767968419
0,0.5134128084582088
0,0.5438831914562696
0,0.5131320551827979
0,0.48505905592079235
1,0.5553352119519724
1,0.4820772105811612
1,0.6219804990464775
0,0.47497766890403864
1,0.5155611026603683
1,0.48016510162787207
0,0.4857544316110777
1,0.543739612455303
1,0.4833485426004878
1,0.5695991810805127
1,0.5368193015706942
0,0.4914260937581085
0,0.46602736856732696
1,0.48447005668368615
0,0.49964688792546297
1,0.5270263159607037
0,0.502603770003122
0,0.5384990721901175
0,0.5088781126945231
0,0.5153530911325955
0,0.497580487857544
0,0.4651857484569393
1,0.45485386172108816
1,0.5168175917914085
0,0.4801439869236112
0,0.48088736385359654
0,0.5291453460878941
1,0.4654074849013772
1,0.5049443323548316
1,0.5260766802338799
0,0.4475380548970499
0,0.4519606179901449
1,0.5772616576063228
0,0.4567286478782832
1,0.4701404835245426
1,0.5294459761894637
1,0.5437252904729427
1,0.4862536914533293
0,0.4948650777063779
1,0.5367881723367897
0,0.5368109031939479
0,0.4942750958364848
1,0.4801348042444384
0,0.5194567863210954
1,0.49449339123771796
0,0.45135915887647976
1,0.507515665747583
0,0.47163853277780776
1,0.46609684336563467
1,0.5484724928566618
0,0.47599205972363745
1,0.5117078514199195
0,0.47529538602997023
1,0.573325241632568
1,0.4802856075040759
0,0.5216664301718565
0,0.49514078924462573
1,0.5235325439587559
0,0.47856234391802377
0,0.4886657852530172
1,0.5000563422324427
1,0.6220636290111765
0,0.4752691983694915
1,0.56940378834951
1,0.5083337164581344
1,0.47769039798867047
1,0.4888210367037013
0,0.4585658103999375
0,0.4781111471399986
1,0.4695478507079943
1,0.5022607519249062
0,0.4916637418487863
0,0.5358061127213081
0,0.5583263931702135
1,0.47826525303639794
0,0.4992948334005917
1,0.48390268855301
1,0.48955302492461183
0,0.489148336362558
0,0.47040507966076167
0,0.46793686593968953
0,0.45072720179305487
0,0.5498395117917774
1,0.540848483281779
0,0.4613745554634037
0,0.47078732703519893
1,0.5045549935881222
1,0.47571848266810235
0,0.47487840853066476
0,0.4557887432845879
0,0.47906551852257906
0,0.48702338333760664
1,0.5486543216259594
0,0.5070115828796693
0,0.4510650104818437
0,0.4802679688032143
0,0.4820487902660488
0,0.4609381802037837
1,0.5877346677493193
1,0.48869655001372986
0,0.47068945252753525
0,0.47799188221857003
1,0.5515020895319562
1,0.5117534086375756
1,0.46846971444968954
0,0.48664366879875753
0,0.5679867381496916
0,0.4959730015619481
0,0.562312514718582
0,0.44640844748981734
0,0.5059711489972779
0,0.501550621299998
1,0.4574903549813591
1,0.5045257657132726
0,0.46229353420438163
1,0.5154926922950838
0,0.47012179422013817
0,0.505271586501907
1,0.4887692719681959
1,0.4842204533359332
0,0.49761955205483793
0,0.5070908846570795
1,0.46684559134899095
1,0.47934370399910525
1,0.5012642921550133
0,0.49144188817012036
0,0.4973140844764702
1,0.4821623724373562
1,0.5397677358763499
1,0.5439427492569524
0,0.4675410019354613
1,0.5045404402077602
0,0.5387749464125767
0,0.4599762664083246
1,0.4791482353231431
0,0.4681665462993807
1,0.48976638107923476
1,0.5872745024507257
1,0.5736990315303768
1,0.5152493560246332
1,0.4781378316738053
1,0.5039274401126237
1,0.4900625484076045
0,0.46732800775382394
1,0.5180959948719093
0,0.4628742611680644
1,0.4785999576583246
1,0.5421967365239919
1,0.5058250961347192
0,0.4621887769989454
1,0.48103016961210376
0,0.48267147293614027
1,0.501889934340228
0,0.49238402327779396
1,0.5028936640947871
0,0.4638509193951316
1,0.5338164169709144
0,0.48085417194204877
1,0.468169482222472
1,0.5011540885064271
0,0.46710753484476525
0,0.49908046488499136
1,0.45455345370173816
0,0.49962383131945287
1,0.512552127561641
1,0.5889437931232875
0,0.4977206804619087
1,0.508684854780715
0,0.5339824406581446
1,0.4668640588143437
0,0.4537997353553923
0,0.46874003385273233
0,0.5662082535890597
0,0.4747884250202199
0,0.5357447784742025
1,0.527932971952287
0,0.5280194217415727
1,0.4668608631071575
0,0.4496992848465618
0,0.4525052597457646
1,0.4782159639604456
0,0.5098254584606982
0,0.4648294213996846
0,0.45608676664814907
1,0.487599023083946
0,0.46815650812040194
0,0.5238861945972725
1,0.5414104697947663
1,0.4936974001126167
0,0.5295762906560069
1,0.4882940479067842
1,0.5320595236715691
1,0.4878466344096805
0,0.49551709111197706
0,0.4527661278534629
0,0.5433139257122342
1,0.4992624221321585
0,0.45136369770044216
1,0.5300428667004073
1,0.5080555084866335
1,0.5084907019527736
1,0.48223192353679717
0,0.5345567266498692
1,0.5289011301166674
0,0.4700743371256892
1,0.49826384117505795
1,0.5056549556669222
1,0.5323016820275271
0,0.5522529882728013
1,0.4848229983918193
1,0.4980490709830729
1,0.47332905327223157
0,0.4571171154660343
1,0.4792426759742324
0,0.4842627896891509
0,0.477428011268695
0,0.5097826812061341
1,0.4660364157205711
0,0.48126231654737456
0,0.4607012530244817
0,0.520543832100661
1,0.4882209031252763
1,0.51852260876672
0,0.46492383593190933
0,0.4659582152389364
0,0.4784736180493613
0,0.47987131361679125
0,0.46347939345956374
0,0.5031393971431758
0,0.5118547469547589
1,0.4716823289279305
0,0.4792272825725743
1,0.5829750836792378
1,0.5457499772318276
1,0.5143022846454811
0,0.5004680558332836
1,0.5085553049021074
0,0.4616718341638843
1,0.5345024799699293
1,0.5057265290863846
1,0.5015837180337319
1,0.49294561165695705
1,0.5367843969043447
0,0.45172152137480803
0,0.4821569276496091
0,0.4690971919814097
0,0.5142199861617093
1,0.4942630335997943
1,0.5531539416691718
0,0.4727514617225229
0,0.46563956418226127
0,0.4745348734553162
1,0.5319175036540685
1,0.5612618360179036
1,0.5019070339241016
1,0.5415575139128501
1,0.4862653487781078
1,0.5247713622940833
0,0.4708412954142508
0,0.4938490816271866
0,0.4661790305072155
1,0.5721880919786618
0,0.4587080690710638
0,0.5200791220686127
1,0.4845080764663898
0,0.48621942601672963
0,0.46366748162534555
1,0.47104396892104516
1,0.6626006651888858
1,0.5283076756809777
0,0.48092521810904515
1,0.5098485765695071
0,0.4550683525448049
0,0.45609895512126075
0,0.4802458865258995
1,0.6014199396953908
1,0.5663932807231284
1,0.5556166218601133
1,0.5125682856255491
0,0.4683275384679504
0,0.4588474669421553
1,0.5775593200144846
1,0.4920097264722259
0,0.4803582885939349
0,0.5248448296433996
0,0.5395381087205281
0,0.49488050659071386
1,0.4953994508370303
1,0.5582487100673671
0,0.5586632856973238
0,0.47177087867216755
0,0.4485925353385141
0,0.47056385623233676
0,0.4617629110096162
1,0.5135423698229248
1,0.5308526739086191
1,0.5052706787400232
0,0.49486644166548766
0,0.48138911094538234
1,0.4706565841167145
1,0.4695333087928548
1,0.46157346919429876
0,0.531314205254624
1,0.5056542593644435
0,0.5146951168262399
1,0.4910744857967758
0,0.506729296552775
0,0.497861490214834
1,0.5265346718092402
1,0.5041473293611684
0,0.4883158558076958
1,0.4699398246675852
0,0.4899173523247757
1,0.4728164872551688
1,0.5549192361382833
0,0.4687565589217669
0,0.48019515629486564
1,0.5230528574763362
1,0.48235203320033654
0,0.5162449062389902
1,0.5032288889126353
0,0.4650469578373403
0,0.480554242011762
1,0.46903887050535226
0,0.518756915163617
0,0.48196099110472124
1,0.560520393582753
1,0.45378858728719584
0,0.49910688509665546
1,0.470460837006836
0,0.47909296377587907
1,0.5451676836894125
1,0.4862117290811801
1,0.5326061209422495
1,0.5484092318887572
1,0.5287069435848963
1,0.47375828097694056
1,0.5120965554473328
0,0.49399412898793427
0,0.45244672668876706
1,0.461165971268138
0,0.47793697456192913
1,0.5262415493111617
0,0.4603947698487116
0,0.514756446025677
0,0.5354207678599213
0,0.4776402542802523
1,0.5112870684225366
0,0.4658761310826651
0,0.48034218794176253
1,0.4854258223280982
1,0.5501077675019095
0,0.47767334295481295
1,0.4825247323590313
1,0.5323277230656311
0,0.5119278134104414
1,0.5078590408186814
0,0.4581790324621033
1,0.5425104742385902
0,0.5212860253144078
1,0.5109868479142685
0,0.4798893895009991
0,0.47321562175880294
1,0.4868896917193082
1,0.47100860782141185
0,0.4600713443182838
0,0.46910042988886963
0,0.48771183562483184
0,0.46270559389497157
0,0.48346328359438506
1,0.4953827770748626
1,0.5291761615391619
0,0.46414959930441685
0,0.48408731938144267
1,0.47005633501226785
0,0.5534507309954346
1,0.5394699523209181
1,0.5605997080764618
1,0.4713287100172856
0,0.48999035789390416
1,0.4839225745714511
0,0.4687254314147022
1,0.5120387422856284
1,0.48349317467224695
1,0.5631930373384972
0,0.4766922690919384
0,0.4874821803749234
0,0.5677247837531427
0,0.500334279083154
0,0.5167340780180978
1,0.5475209703442027
1,0.5071576079663294
0,0.47052140700718026
0,0.4785607576898932
1,0.5065364087029703
0,0.5218276639917373
1,0.4685771929848065
1,0.4736928903560448
0,0.4680582931912796
0,0.47648111291228923
0,0.4904855711821005
1,0.5260687259982688
0,0.5239160683548229
0,0.48184563223265364
0,0.46095040768133183
1,0.5239356973198459
0,0.518443796264748
0,0.4914690147437004
0,0.4953484939924565
0,0.46892149379267956
0,0.5038700091630504
0,0.4849873592972003
0,0.48672549526643527
0,0.49967288870594306
1,0.5103788252603634
0,0.48217920057134644
1,0.4817318229875424
1,0.4601257635967607
1,0.49223813821213713
1,0.503921522232253
0,0.4670850409572727
0,0.46752447029276184
0,0.5065392892608999
1,0.46350805899751574
0,0.4783233900285849
1,0.47358032291565777
0,0.49413344353253147
0,0.494330735047414
0,0.4603709423266708
0,0.5054949042879584
1,0.5075135919073746
0,0.4585521466979637
0,0.4971219441445626
1,0.498636576350338
1,0.5657359765091842
1,0.5005323348255278
0,0.4828225463951058
0,0.49786826405126317
1,0.5369132119056665
1,0.5175625256219003
0,0.500072159063461
0,0.4551772192971337
1,0.4807752551426568
0,0.5401654169559926
1,0.5295445357961464
1,0.4475349124976662
0,0.4915892432479432
1,0.48517505201413547
0,0.500952246940048
1,0.47524626008609455
0,0.47028484547108035
0,0.49269594501482683
0,0.5081950755537752
0,0.47563200712313186
0,0.47557275396704074
0,0.45768553000658746
1,0.5178218604325941
0,0.5076327039248816
1,0.47384458590946366
1,0.496319481229855
1,0.5414321872359812
1,0.4866633059351083
1,0.4950727344869932
0,0.48745758924102167
1,0.49292497681440667
1,0.4912078414411187
0,0.4840939125203354
1,0.49812992684166746
1,0.4796320280227322
0,0.48929283495217296
0,0.44785031145110726
1,0.4524039450604831
0,0.5055340712140395
1,0.5668919520927085
0,0.47985728898448804
1,0.5352850741613825
0,0.4899330155227664
1,0.46607240931534566
1,0.5087568419643593
1,0.4957406603388278
0,0.5590799931424745
0,0.4983375622915777
1,0.470331994138232
0,0.4590962281970591
1,0.47556051292729956
1,0.5370263237068376
1,0.4744410393564563
1,0.5740643431409519
0,0.5151138313758519
0,0.4717782499605673
1,0.5473814075486343
1,0.46698986209767124
0,0.493138925641908
0,0.50725153493886
1,0.6521272615682122
1,0.4630292629479188
0,0.4658379616476306
0,0.47388991506605216
1,0.5074613266319598
0,0.5077300484910057
1,0.5231653702177672
1,0.5067218377441798
0,0.4751606474830592
0,0.5114139322613112
0,0.4980464349250373
1,0.47128904076996825
0,0.5181973539131406
1,0.5457571993481583
0,0.4857962908980846
0,0.463513140318345
1,0.4916458615012616
1,0.5945609702815806
1,0.5109903666377836
0,0.4934128432740852
1,0.48359751986589394
1,0.48817498506228246
0,0.47511430334783666
1,0.5082713803715915
0,0.5544932244260287
1,0.5284232371962585
1,0.5205087591710188
1,0.48632566769795954
1,0.5134592898965549
1,0.4632564459599802
0,0.5022390079870206
0,0.5301986886993074
1,0.4956234217960474
1,0.5632866271141022
0,0.45597135813591816
1,0.5140800809167134
0,0.4718201588490616
1,0.4972565661680294
1,0.49498019325724796
1,0.46796157210652156
0,0.4872413086182745
0,0.46032231963020714
0,0.5101197740624219
0,0.49194999854862925
1,0.4807190071164503
0,0.4698717389823597
0,0.4898879380876577
0,0.530042718375053
1,0.5298346644792178
1,0.4905099231062775
0,0.5164357405476242
1,0.4866543927657949
1,0.5002519754411473
1,0.5250598371903238
0,0.4862403353960887
1,0.5200632174411813
1,0.5060611242225339
0,0.45496816667297885
1,0.5190321987853018
1,0.5401467653525475
1,0.5318162982022682
1,0.5466074042305591
0,0.4979490524074635
0,0.4662114977210552
1,0.4984837192610506
1,0.5056443890475036
0,0.46945906640572715
1,0.4858223958719924
1,0.593013846962602
1,0.49743441686611267
1,0.4779966978797969
0,0.48678403273700965
0,0.4965113604051819
1,0.5088287992397275
1,0.5066297330501914
1,0.46870381914671827
1,0.46540926978539676
0,0.4634894018726594
1,0.49469263519808826
1,0.48830505414822006
0,0.5228998302698332
0,0.5616729189591096
1,0.4950973336427077
1,0.48678725377517285
0,0.47868657007835536
0,0.466017188222571
1,0.4700537664110237
1,0.4962203462938166
1,0.5114761951661897
1,0.4742682643372006
1,0.521645186836006
1,0.5051209382190325
1,0.5154428329314442
1,0.5400437599137574
0,0.4546461391463765
1,0.5402778275597326
1,0.4831935162007657
0,0.5381625455867781
0,0.5738657988307483
1,0.46826022828056146
0,0.46048556662535195
0,0.463713354235462
1,0.5125991310786021
0,0.4986951711650866
0,0.4674067421243484
0,0.48778679874185765
0,0.47487864436182703
1,0.5047722756056182
1,0.46328694535919634
0,0.46882057443061154
0,0.4750360470465402
0,0.5372116210799895
0,0.46892703972767413
1,0.5109300024748036
0,0.48644463117634246
1,0.47800550010782455
1,0.6060172489985397
0,0.5290453077197989
0,0.5116653436703573
1,0.46921099552130197
0,0.494742092112759
1,0.5770039193408156
0,0.5730644668820759
1,0.5295061924033126
0,0.49173692775583167
1,0.4656817239214427
1,0.5168314290293352
1,0.47870047849531483
1,0.5400783448046236
1,0.47796249172488103
1,0.49795266072886557
1,0.4971412342376418
0,0.4590333085496469
1,0.5089504772644693
0,0.45412234480780295
1,0.4804680774868603
1,0.47387846795443994
0,0.4803978192135642
1,0.48617616460815105
1,0.4486229600573675
1,0.49806419448282685
0,0.521547940576506
0,0.48270857652411814
0,0.48218075028027
0,0.4657161294743021
1,0.46859008066001495
1,0.492113653499802
0,0.4619583706172594
0,0.47846305745310136
0,0.5424256916132973
1,0.5115079175344172
0,0.4682019673882052
0,0.5163153297177878
0,0.46331843286481666
0,0.471265603180293
0,0.5108346727928829
0,0.4689365933870993
0,0.5419809899312499
0,0.47948491488631784
0,0.5256103237639302
1,0.47511016828954256
1,0.509454949615648
1,0.5188931547459915
0,0.4850313663652305
0,0.4864823833591745
0,0.5154553046690428
0,0.48022161846003164
1,0.5297024405772233
0,0.46641176004970974
0,0.5160743063375675
0,0.45691443410610244
0,0.4635653643102082
1,0.4601180057202164
0,0.4825366225519605
1,0.5078147148041277
0,0.5463441672385855
0,0.46717938922383073
1,0.5204540498878569
0,0.478643633894157
1,0.49068003496042867
1,0.4577168496394852
1,0.4910550128134478
0,0.4608491695363855
1,0.5416479796598275
1,0.4837836391887565
0,0.5329282595491768
0,0.45045255708123977
0,0.4916186347662296
0,0.45539722699447227
1,0.538493197158884
0,0.47069073558405355
0,0.47244796038506703
1,0.5588571842918999
1,0.47685875372963504
1,0.4867393421762271
0,0.4586430587467368
0,0.4871062673729657
1,0.4689616479766323
0,0.4845200248299465
0,0.48344613564923616
1,0.5058146166870595
0,0.5015516659459943
1,0.4983786485968257
1,0.5364315217136796
1,0.5290695651217241
0,0.5154590588647316
1,0.4655044290415778
0,0.5203396067330375
1,0.4935290483753629
0,0.48427685847368535
0,0.45456605616890217
1,0.47395905946627537
1,0.4721589417059978
0,0.46782627788967346
0,0.5109699337165845
0,0.4578802376275955
0,0.4614685003293106
1,0.4937644353489915
0,0.4907436474318462
0,0.4758545716515138
1,0.5012959931983384
1,0.4960856681459477
0,0.4788766192716123
1,0.4967515288326448
1,0.45818604099855326
0,0.5058758602880187
1,0.4820810588261996
1,0.5015547178876985
1,0.5346100164746559
1,0.4878895859424058
0,0.5455744813878518
1,0.4874522398824592
0,0.47579463490511387
1,0.4900768382745358
1,0.46201225918255384
0,0.47753956450106705
0,0.4860760181482959
1,0.5546847387335154
0,0.48407106151670154
0,0.4618007698109563
0,0.46943646511293097
0,0.5173554836456434
1,0.4951598214106861
0,0.5172788488182531
1,0.5158672768734774
0,0.48925270004932253
0,0.45561929658633743
0,0.4835252325841607
0,0.4831991661323453
0,0.5699625354943088
0,0.4712236439622897
1,0.4760493895430704
1,0.5813186496376727
1,0.5178866378762735
0,0.5264156047767422
1,0.5504270202206606
0,0.47993821118805685
1,0.4825733849056388
1,0.5156411420453683
0,0.46799021158751913
1,0.5239847801276873
1,0.47292395757576033
0,0.5056022684217788
0,0.47949483532675685
0,0.5040178017278221
0,0.516293558212308
0,0.4958879255721736
0,0.46215600767326276
1,0.46261495736850583
1,0.48044993151601734
0,0.48168974313447604
1,0.555863550846217
0,0.5148596206920326
1,0.4868733878289204
1,0.5214351066578229
1,0.4947038212022726
0,0.4644081147486407
0,0.5187647958211574
0,0.4935584757249026
0,0.4654098734536529
0,0.49689184280368215
0,0.4790497413080503
0,0.4708523311464292
1,0.47502055329348447
0,0.46866050835225187
1,0.5297561065641295
1,0.4683245960047863
0,0.5108854319925779
1,0.4966326120511035
0,0.4809164957536732
1,0.4817413150036431
0,0.46135519665285385
0,0.4733428953339698
0,0.49765814341267867
1,0.4974129528113342
0,0.5203860558737083
0,0.46370623435465264
0,0.4819946164650435
0,0.49459520722893413
0,0.48049121286415025
1,0.5802257943162905
0,0.5103209672324951
1,0.5014687538227457
1,0.47784652101552516
1,0.4591381947062285
1,0.5635237405176658
0,0.484339157831313
1,0.5384507221125199
0,0.47445470959471486
0,0.5158740325373368
1,0.4826936416185562
1,0.5408093440164721
1,0.4850571515674743
0,0.47033279646076404
1,0.5397766431039794
1,0.5126466451320861
0,0.48253608993688396
0,0.4625146549582328
1,0.46056051782577034
0,0.48767514747654106
0,0.47809794790925264
0,0.47897277562985263
1,0.569137362953586
0,0.4879455454400522
1,0.4838345527414261
0,0.47078975342806006
1,0.48726457194523265
0,0.4631243155471031
1,0.49142359284874665
1,0.5120434213009226
1,0.486795656987994
0,0.4683067944754734
0,0.4736705099367749
1,0.5005382161607912
0,0.4612015521548309
0,0.4725521936555188
0,0.4600817203338674
1,0.49431855300250865
0,0.4947229151145951
0,0.49085917049373823
1,0.556463807758331
0,0.45427029725311563
1,0.5006789811621745
0,0.46623777538573336
1,0.46913192409252097
1,0.5080364992663654
0,0.4623061292107079
0,0.47737114897723376
0,0.46692293654835015
0,0.4912050466744848
0,0.5056676863814802
1,0.4619052108761939
1,0.5532634919627052
0,0.470568628884779
1,0.4522813768079086
1,0.4991800861604567
0,0.4817272907391911
1,0.4746095054160326
0,0.5133132901468603
1,0.5152437435788125
0,0.4571134357011491
0,0.5024539702897286
0,0.46559483741389035
0,0.5031814457377193
1,0.49534155652846157
0,0.44728612110565324
0,0.47357772517785374
1,0.5145310189524988
0,0.4940847694327261
1,0.5354871819457534
0,0.476730186647325
1,0.5156348610674958
1,0.5315915772455945
1,0.473511650541971
0,0.4561929119618086
0,0.4862480108754889
0,0.5182303889232321
0,0.5029002011241801
1,0.5078342389228816
0,0.46855674013271137
0,0.5012815249756726
1,0.5383867756212469
0,0.5127168427466251
0,0.47723246771783084
1,0.491990922104216
0,0.47103590751973423
1,0.5292083648667998
0,0.5023408051761167
1,0.493092430215039
0,0.4752710881089501
0,0.4981454510297021
1,0.5083298258800496
0,0.4713813312429505
0,0.5309657297063016
1,0.5998040919938833
1,0.47410637734729966
0,0.4627700667127552
1,0.5029394923255047
0,0.4688702945239381
0,0.5610802004145112
0,0.5281307134752196
1,0.4867355506504408
1,0.5656549731810343
1,0.5643752724167185
0,0.47872655510201945
1,0.5160361449767514
1,0.5058922631505568
1,0.4692247218409747
0,0.49000819255165334
0,0.5017556352410659
0,0.48898967069504434
1,0.6022045466005871
0,0.5008894696086823
0,0.46747961827537293
1,0.47236333024776267
0,0.46458502181273464
0,0.4858874579635771
0,0.47447797388889595
1,0.48752887649060284
0,0.4738001336107772
0,0.4619823123212131
1,0.5016377025850207
1,0.5354225178675505
0,0.4885436851214474
1,0.5074845307403744
0,0.4620120399190774
1,0.49960509241844553
0,0.48403818632400814
1,0.5342191617384167
0,0.48319234975930037
1,0.4816999172633726
1,0.47216157969888917
1,0.5100459942792288
0,0.4777612291662211
1,0.47016899057175787
1,0.5687359484946946
1,0.46622890998631855
1,0.529472676539933
0,0.48997588011964593
0,0.4595627395676521
1,0.5382021894715137
1,0.49368515367325516
0,0.4877950124768692
0,0.5325243397393256
0,0.47877315314580937
0,0.5127441229106883
0,0.4814113506598297
1,0.5152075704225914
0,0.5206030525971151
1,0.4765769838794247
1,0.516490641736834
0,0.4968979435219023
0,0.49386698793514766
0,0.47491118964821294
0,0.4959544883032754
0,0.6004500977431975
0,0.46278414571428494
0,0.46674793118610497
0,0.49059496409747577
0,0.4749817575178945
0,0.48386718935006656
1,0.5152829370876997
0,0.45289949131492785
0,0.46148994613565436
0,0.49202679650043935
0,0.503543967371383
1,0.5619966403850604
1,0.524033956679853
1,0.47218882174317456
1,0.4951002353770913
0,0.4489958894505403
0,0.5417059063718579
1,0.5117472273178233
0,0.5171761335655103
0,0.5041402027294931
1,0.5182680165453679
1,0.4623471123022131
1,0.45302456877153074
1,0.5566700893860572
1,0.5435241072869359
1,0.5085050712441014
0,0.4697555958684981
0,0.5132544960323626
0,0.4499856309041244
1,0.548663333972581
0,0.5346408808430291
1,0.45146971197583724
0,0.46058007045493565
0,0.4824515537585433
1,0.4736284461384864
0,0.5158896740825396
0,0.4638238442862955
0,0.5175849902846901
1,0.5625814041410117
1,0.5915823399242335
1,0.5334311309689085
1,0.5304314956643739
1,0.4980758797344575
1,0.5130464281584142
1,0.5188122882464041
1,0.5157605628736744
1,0.45683457332890515
1,0.4996148170407898
1,0.509042912855024
0,0.4916980702426198
1,0.49596558857065554
1,0.5344846750140059
0,0.4648694431409384
0,0.48031411866156887
0,0.48910707235365797
1,0.5119416513875426
0,0.5010625572474892
1,0.4930139179667921
1,0.5044737922496279
0,0.4694409355723653
1,0.46491849777203453
1,0.5055474272731402
0,0.4647860613233892
0,0.49278684085040086
0,0.45845999535516946
1,0.45208647541835545
1,0.5046563278088259
1,0.5311037040187172
0,0.4568235340570641
0,0.4683392311367075
1,0.5021063871108449
1,0.5282846679552528
1,0.5436942747183902
1,0.5475734040355166
1,0.559909920948195
1,0.4681076006188582
1,0.46393682750252063
1,0.4531700541007966
1,0.48645497047837155
0,0.46251378547652966
1,0.5095110432513045
1,0.5269660183362652
0,0.478044531089719
0,0.4734513628763112
1,0.4887086523596465
0,0.47160411194702684
1,0.5260115168961048
1,0.5114548650565094
0,0.5471841175195845
0,0.5279543014129142
1,0.5223724419499575
0,0.5329981001308353
1,0.4522480285621454
1,0.45208988651646076
0,0.4571328120656414
0,0.5113860450220764
1,0.5261488993181125
0,0.4871528926597303
0,0.4697609701909986
1,0.4800526688711959
1,0.4666253277757111
1,0.5359586631642809
0,0.46355981333571206
1,0.48782759332624376
0,0.48657933691931277
0,0.5001909558833594
1,0.4794586454278882
0,0.4817830924677062
1,0.47831410746511827
0,0.5312087666521083
0,0.5933256385930479
0,0.48706845598973214
0,0.45840923152393104
1,0.47438102198699483
1,0.4921159654170297
0,0.48325474366673554
0,0.4860139310529273
1,0.53487490375035
0,0.4638249046562076
1,0.5033399447263677
1,0.5028189121115961
1,0.5075504279257447
0,0.49790220554558123
0,0.4633316114483572
0,0.5754906323492758
0,0.4745837874894479
0,0.45109293656285604
1,0.4811632107605015
1,0.48159130567022196
0,0.47880689994939374
0,0.47977867309232475
1,0.45879046164799486
1,0.4983864015156022
1,0.5058124988375124
1,0.5107995255599054
0,0.45419242256652054
1,0.5319152570847626
1,0.46093611574677607
1,0.49760987190800177
1,0.5026276133370023
1,0.5801576841503971
0,0.4823043336966919
0,0.48123704565885017
1,0.5586870963754687
0,0.4692427141309456
1,0.5260743334863784
0,0.4815003303854526
0,0.46505858262324523
0,0.46784287426995735
1,0.5546420847909151
0,0.48468068640233186
0,0.47513570144430606
1,0.5156219108681195
0,0.4717280081899801
1,0.4758774248390048
0,0.47569589822977765
0,0.4832003023775721
0,0.46924699751013177
0,0.44919000678128496
0,0.5112979899181819
0,0.49618859615804917
0,0.5317360910748818
1,0.5256264086966185
0,0.48201451363034936
0,0.5003888339752779
0,0.49281940743323976
0,0.5133281906769064
0,0.46669539973245766
1,0.5071103010366365
1,0.5240727416210501
1,0.5165855662952565
0,0.454368412674499
1,0.510571958032503
1,0.5007443408644221
0,0.483544297990772
1,0.46290488908520183
1,0.5410046644630434
0,0.48853271773593837
0,0.49926231593916914
0,0.478881537399891
0,0.509504261179982
1,0.5397869344947348
0,0.5054001136306746
0,0.47544214457318584
0,0.4936918734802411
0,0.4870993804569873
1,0.48847421283241066
0,0.48046952948730753
1,0.5043828132136116
0,0.47764936467416774
0,0.4579374645424919
1,0.4967136886954514
0,0.4643337425008845
1,0.4796258609058139
1,0.5596941220606746
1,0.46732427480132
1,0.46196670264861583
1,0.4827194123595337
0,0.47681241013148207
0,0.48274057885375155
1,0.5426215025828025
0,0.5093017602176284
0,0.46813894935760136
0,0.48520514083598426
0,0.5224148809396352
0,0.4837543384151696
0,0.5035778664177378
1,0.5012182214654373
1,0.4847079966900474
1,0.5522548013966868
0,0.4704705638812267
0,0.4908361809814826
1,0.46288633484418207
1,0.5047617630055654
0,0.4747480239087304
1,0.4939385300022682
0,0.5040245293533403
1,0.5401281190583546
0,0.5370229151072105
1,0.5573892444984386
0,0.5030451966992282
0,0.4901751014625622
1,0.48970865967684024
1,0.5573305297487717
1,0.5127700055273399
1,0.4716819899808841
1,0.4542943927858714
1,0.48686799698631045
0,0.5309460551707148
0,0.5448159613254064
0,0.4993076173692495
0,0.5125034204623362
1,0.5297584627036934
0,0.5178355707585476
0,0.5377520651559846
0,0.4897119056215167
1,0.4958115732798528
0,0.5010141499552968
0,0.45416043478801105
1,0.5224469619680147
0,0.4817651232724485
1,0.49595322566604105
0,0.47074984593907876
0,0.4694921820355522
0,0.4724898558978168
0,0.49864286857943346
1,0.4588648922368097
1,0.5475769800242303
0,0.46275131220242033
0,0.47044563231745806
1,0.554876829455638
0,0.48795961801436105
0,0.4683503763737122
1,0.5460955121241442
1,0.5021763845569395
0,0.4698865673122931
1,0.5088811336971593
1,0.47310844695772103
0,0.46068990906699103
1,0.4937046625286047
1,0.5037282950075821
1,0.5476046560857005
1,0.48758889553771523
1,0.49957776724358693
1,0.45648352765874173
1,0.5068509976271487
1,0.4808886169298018
1,0.5120363003807555
0,0.4740460784255106
1,0.48481658563292357
0,0.46308775135545316
1,0.5040079558720774
0,0.4686090402692316
1,0.4915301431217472
0,0.5015789224530661
1,0.48865737869009557
0,0.4731466675545408
1,0.4526595754344207
1,0.49071973599272195
1,0.5431112882581779
0,0.4887841713591261
1,0.4798804262726326
0,0.48941011756817493
1,0.5513780343220539
0,0.46340077257971785
0,0.45536573825365356
1,0.4772362125096007
0,0.5036366107756467
0,0.4667044490809678
0,0.5215297833691764
1,0.47627519248453704
1,0.5222256581034661
0,0.46900477906102506
1,0.4690336373312316
1,0.4752148759444621
0,0.5257886417830541
0,0.4969903470259906
1,0.48078381324769887
0,0.4929071577798179
1,0.5453798306603383
0,0.4683644321604606
1,0.5558092575417157
0,0.5587451679616318
0,0.4800157525964605
1,0.5350493693335016
0,0.48268038638162714
1,0.4574591019441316
0,0.4817968280912937
0,0.5201444001204315
0,0.47028995760469594
1,0.4930920736438903
1,0.5411075661071307
0,0.47686125677175495
1,0.46063279805617724
1,0.6118133550109591
1,0.49195060259392454
1,0.5165834971862441
1,0.510622436573957
0,0.5272362879925917
1,0.5099929686595703
1,0.5507870266580157
1,0.4974745435839926
0,0.45959932617840743
0,0.45824986319523786
1,0.5438742255208915
0,0.4846504747965796
0,0.5089840214833327
1,0.5083254240181498
1,0.5058936711974636
1,0.4944646117038354
1,0.5089929802586842
1,0.5703439925299232
0,0.5114775071063338
1,0.478277521147563
1,0.5358840914433681
0,0.5008523230134541
1,0.5641065893287593
1,0.4971902529471188
0,0.4589930665431985
0,0.5192111425607651
0,0.5464718119827296
0,0.4744772216288573
0,0.47802805571302437
0,0.46589784838745096
1,0.5650142222838276
0,0.4826497360573538
0,0.4699522474080555
0,0.493148498503724
0,0.4796922302377503
1,0.521946284810614
0,0.49140559387887317
1,0.5357009104411099
1,0.510074406209479
1,0.4684902994964025
0,0.4922261636365532
0,0.5599431768480434
0,0.46439928675020253
0,0.4538740139706427
0,0.47326769273373576
0,0.4529196089633948
1,0.45316051938846585
0,0.4860487271760288
0,0.48711163809567043
1,0.491570685321682
1,0.5349398615539085
1,0.4730147302321984
1,0.4884289208145627
1,0.5374275718589487
1,0.46751279862558914
0,0.45957506831004646
1,0.5242588311944659
1,0.5315339656971635
1,0.5267644774328158
1,0.5117335020282797
1,0.5244890567989722
1,0.5251758569476085
0,0.5159566519353918
1,0.5317854701083675
0,0.456869721802685
0,0.45846159936767616
0,0.4734865240419085
0,0.47774755172387395
0,0.4639711058240913
1,0.46253171094827417
1,0.5135706851342594
1,0.5453852851649776
1,0.4641134068785659
1,0.47186012250980286
1,0.5749274885826474
0,0.46662666967684213
0,0.47941925174487304
0,0.538906560753717
1,0.5103020781121046
1,0.4936842521827785
1,0.567960017759841
1,0.4807132099305204
1,0.5787100580231015
1,0.5258654373152389
1,0.5416649925813043
0,0.49557538059466955
1,0.5359049704375993
1,0.5027374254492366
1,0.45944995759389384
1,0.49567306008288514
1,0.5145550851197606
1,0.512655435416745
0,0.45866057682792705
1,0.5455673471314937
1,0.47048598984115625
1,0.502748543550195
1,0.5296672159895893
1,0.5008037334857052
1,0.5803639202996493
1,0.5228165814770124
0,0.46815339655952054
1,0.5885758452502541
0,0.4849598345654648
1,0.49326145133713234
1,0.5146613736346033
1,0.47824807735705316
0,0.4763706287337686
0,0.46642207992853174
1,0.48490769668796496
0,0.4516424781095202
1,0.4764068964056453
0,0.4586364282522099
0,0.544035174769218
1,0.47771784826741737
1,0.491116686971733
0,0.48613634145140255
1,0.5328099809609441
1,0.5206813510153934
0,0.49620331713896215
0,0.48690051965941283
0,0.4670476680870482
1,0.5181715738683851
1,0.4919100277786149
0,0.5294719906090195
1,0.5331467631658607
1,0.5423385432396535
0,0.47159912793118075
1,0.5173735422280431
1,0.5275696173643414
1,0.5141473805672584
1,0.46739351737380697
0,0.4569999912776921
0,0.47316407500662244
0,0.4777463604007611
1,0.4730590610595406
0,0.497193728605343
0,0.48069405925372366
1,0.5171656604956858
0,0.4661936690201528
1,0.5158205960171794
1,0.5178059031368022
0,0.4538873634117096
0,0.498476880246016
1,0.5809493848937859
1,0.4800382057412377
1,0.48716500319232864
1,0.5568137240722475
1,0.504798824215523
0,0.5043075231226536
1,0.47277375967843305
1,0.47025350484725204
1,0.4883787726257089
1,0.5372091058037944
0,0.4601401831883669
0,0.4759987453647368
0,0.4806417345561042
1,0.4688014020112867
0,0.5017427960030362
1,0.5844082045074658
1,0.4769815782457396
0,0.4684176091704343
0,0.45185320652260785
0,0.4928248375102407
0,0.47929810834162434
0,0.5076395823520753
1,0.5394452065034228
0,0.48332953117577204
1,0.49670340391287754
0,0.5285361744285371
1,0.518381936884005
0,0.5103851924020427
0,0.46713001166667256
1,0.4559862574568841
0,0.4606499556603159
0,0.45651841526647735
1,0.5361719756499255
1,0.450843582801556
1,0.5558875777270043
1,0.4976069495871593
0,0.5187228023854688
0,0.47714482914824546
1,0.4758413237163013
0,0.5046532729259235
1,0.5701763610237727
0,0.49885630326166125
1,0.5318719386278569
1,0.4731568712050842
0,0.46690815171969874
1,0.535331204787975
1,0.480411260718336
0,0.48741138621465135
0,0.4467464446457791
0,0.4559590189007616
1,0.5695098066731826
1,0.46326127865949734
1,0.5072165185180785
1,0.5553138122898645
1,0.5576276430216557
0,0.45341868282136905
1,0.5217781331214245
0,0.45590088041786514
0,0.4938650176048709
1,0.5175011292323609
0,0.4593588896387554
1,0.5176723543620638
1,0.5362756246947571
1,0.5445858398482152
1,0.5351864140618501
0,0.48860245306375594
0,0.4875086247052548
1,0.45814621540431033
1,0.47401307647388813
1,0.5716312694357629
0,0.4871506906610916
0,0.5212856100391822
0,0.4879618403617567
0,0.4660348568281997
1,0.45853706467922645
1,0.4772678503773764
0,0.5491492643878828
1,0.5225187395517088
0,0.4814102193254011
0,0.4558557035786906
0,0.46415209153265924
1,0.4983993996098685
1,0.4693866924949742
0,0.5241789213520567
1,0.493431648745402
0,0.46324571238790585
0,0.4556670987193807
1,0.5252781953052249
1,0.5421286349237702
0,0.466321609876731
0,0.45130964133469065
1,0.5433795774482469
0,0.4933896572823715
1,0.5165410599912851
1,0.5040242309526469
0,0.4991140555152831
0,0.4761363936442239
0,0.49372857777581725
0,0.4788858682762517
0,0.5192346548389347
1,0.4872844778635518
0,0.4896306800927801
1,0.5174540448041197
0,0.4985746242115392
0,0.46697886209970174
1,0.4877891518266756
1,0.5954008574839107
1,0.5090301403766342
0,0.48556029588449534
1,0.5254933324157237
0,0.48332550927654405
0,0.5020034395277866
1,0.530908598845882
1,0.4674271084726424
1,0.47701810911111786
0,0.48148967995975805
0,0.5005483669810059
1,0.5549135188971267
1,0.4982619574354603
1,0.5525069168428135
0,0.491178491142807
1,0.5270677568361798
1,0.47340310300083377
1,0.515797109797248
1,0.49010630847926867
0,0.5091052435809691
1,0.524367421206963
1,0.6388878205185935
1,0.5367055881857126
0,0.5096795471964781
0,0.48249769398490433
1,0.4581947190158453
1,0.5237878144411333
0,0.4965814739078138
0,0.491737259356951
1,0.5000336088352283
0,0.5072957092798819
0,0.5035821310447145
0,0.4938097983190997
0,0.485683819640571
1,0.550463818354199
1,0.5009600613011347
0,0.5181578225321808
0,0.5504884799611344
0,0.4528163453089711
0,0.4607718838803181
1,0.5005386659646137
0,0.49789864573829884
0,0.4514035702561121
1,0.49229264312354704
0,0.47591895045709953
0,0.4877947386895179
1,0.499012497737267
1,0.4699301642961513
0,0.4836225643544585
0,0.5016153856646096
1,0.5251654968123363
0,0.4520556610713599
1,0.4702104731680443
0,0.5750743938026992
0,0.47520282297272914
0,0.47602112260705226
1,0.4779581263908286
1,0.4683008602286598
1,0.4737868398958983
0,0.4696224767959743
1,0.5031761620639112
0,0.47121625702826697
1,0.5093176401659222
1,0.4745955123481684
0,0.46961186784598213
0,0.4767039407655975
1,0.5117290046684448
1,0.5347549689998374
1,0.45550682871120307
0,0.4770724830425564
1,0.4988267305010533
1,0.4796760981463319
1,0.5220028879135613
0,0.45142586262946505
0,0.49835230994475654
0,0.5102990594552429
1,0.48170015390202797
1,0.5254725468823868
0,0.5391183507879119
1,0.5533696137752872
0,0.4599939137046189
1,0.4966903774385567
1,0.46538796355346784
1,0.48175423235515874
0,0.4715429418472675
1,0.4875735642589468
1,0.5999936015954734
1,0.5051174253142031
0,0.47162033999702263
1,0.510742908717275
1,0.5366543874818801
1,0.4725392344586509
0,0.5010397842020136
1,0.5521968307098803
1,0.517393024275355
0,0.48544235548693543
0,0.551517129801733
0,0.5242627556656811
1,0.5548272811860132
1,0.5170393808009451
0,0.49736687955939873
0,0.4728948500756939
0,0.5002757736286148
0,0.5578066489800244
0,0.5052102749747736
0,0.4913126737485629
1,0.4730047885031898
1,0.5265903591706397
0,0.5186840485502945
1,0.5524724931645802
0,0.5027891850903795
0,0.504160626515073
0,0.47989181191754854
0,0.492550740407465
0,0.46291408066159667
1,0.46926925061534674
1,0.4905874498012713
0,0.5102260458985441
1,0.4717948268677146
0,0.494432555889465
1,0.49909071005904365
0,0.4637887108882213
0,0.535021151114466
0,0.5426864055737277
0,0.4597003320241034
0,0.4632386704750514
0,0.473440267657649
1,0.4563467284555488
0,0.5163763996780298
0,0.4597451675283068
0,0.4696132888077816
1,0.5405085608064708
1,0.4991096281921752
0,0.4835057470080706
1,0.47956824540407383
1,0.47485807431192406
0,0.49069734063587017
0,0.4981828258083106
0,0.47986747750855124
0,0.4816448835820273
1,0.5221788996263007
1,0.5397026190695826
0,0.49530512396111287
0,0.45408145931580396
1,0.5649018905654051
0,0.469935877620277
1,0.46604698643073766
0,0.4524039266497639
1,0.5046902762999123
1,0.5230070902963408
1,0.4849030223726562
1,0.4522520259628693
0,0.47733345424070456
0,0.4884480169002342
1,0.4620814563843441
0,0.5021306177847557
0,0.5657634299717857
0,0.46954201840928905
1,0.46868468815256326
0,0.46151699607589913
0,0.47873267058132807
0,0.5020499411458499
0,0.49513448712871166
0,0.4859758251650501
0,0.4827330365240314
0,0.5484274776589187
0,0.47330943877381365
1,0.5186927457222268
0,0.4859437094252154
0,0.47536450837985483
0,0.47406012703492484
1,0.4803895431278396
0,0.4921851529259463
0,0.4889919997754491
1,0.5284489043421109
0,0.4867032007589407
1,0.49802171726815375
0,0.5237731025420446
1,0.4696270452866744
0,0.4917032405215155
0,0.5060065985314098
1,0.510716414858299
0,0.4639080194169084
0,0.47360281285328437
1,0.4909615712302993
1,0.48566065187777563
1,0.6180053905552625
1,0.5428268970554346
1,0.4982682996016391
1,0.5097557490154959
1,0.4804671294977608
0,0.5013257090131267
1,0.5212181123541343
1,0.4879803953043886
1,0.6030421356850016
0,0.47865255346988433
0,0.509149238580862
1,0.48030721945681154
0,0.4705679941922983
0,0.47107604810436654
1,0.47023652555372414
1,0.4931740822780515
1,0.5556410096851104
0,0.5728212922307792
0,0.523492472843585
0,0.4675958878188231
0,0.45118233995295975
0,0.4694484658845448
0,0.5013450778915429
0,0.4636396022033722
1,0.5225261023521229
0,0.4928005301945547
0,0.47318601825945905
1,0.5105910811458909
1,0.5000769672185594
0,0.4941214050063283
1,0.5466398180555143
1,0.6564163419669374
1,0.48630706669751705
0,0.4585161055690308
0,0.5138674711960707
0,0.4501591242060739
1,0.5519765445221236
1,0.5020685225652721
0,0.5322976941878869
0,0.49246855443296633
0,0.4909843345161322
1,0.45522713445924246
1,0.5075357731592389
0,0.46992583922314146
0,0.49084145948761737
0,0.4751984531864062
1,0.5507427854932848
1,0.4829538013106351
0,0.4793157624526105
0,0.4789557412710224
1,0.474376892338403
1,0.5081901549883016
0,0.5026505290887017
1,0.49390060580436523
1,0.4675100733742288
1,0.48711255012633586
0,0.5008823206883888
0,0.45754636718379715
0,0.4960136056768204
1,0.5462290458810855
1,0.5261654413781209
1,0.46506135406211446
1,0.4740018189054355
1,0.5083824464407387
0,0.52382095438347
0,0.48232878739380686
0,0.45424866610815373
1,0.5294559506125687
1,0.46933326557278426
1,0.46541643039329406
0,0.48568307368991376
0,0.4869050977400813
0,0.49418605452814257
0,0.4930564469009477
1,0.49807564132864224
1,0.4836281277612176
0,0.49113320200397054
0,0.4702421991772584
0,0.4744532756945562
1,0.4672477529662289
1,0.4649504512857791
0,0.4506880988369624
1,0.46366634908792836
1,0.4845739987011368
0,0.5096775673608145
0,0.48641399677269603
0,0.4807762487082749
1,0.5664067455112424
1,0.4984759523920991
1,0.4669553981040079
1,0.5201146967085966
1,0.557643660370253
0,0.49783668658199287
0,0.4789705262858616
0,0.4740987151400584
0,0.47099153423130735
0,0.5036808729719101
0,0.46936979488463937
1,0.49425873868862624
1,0.5435517049857024
0,0.47373768067694527
1,0.5032392807769543
1,0.528817773871883
1,0.5671975114432419
1,0.5056329975445634
1,0.49354891746996166
1,0.48208821313736344
1,0.49044374048311934
1,0.5439095461328901
1,0.5066780103524348
0,0.4821081190091579
0,0.4607569602843721
0,0.4766618393720379
1,0.5059786930712287
1,0.4533506308273153
0,0.4661682339799371
1,0.5159925982130342
0,0.5440887526373989
0,0.5289574952110072
1,0.5636716963829116
1,0.4984512219352856
0,0.47144008175692587
1,0.556931580540525
1,0.5407707332192295
0,0.46094583853716836
0,0.4672469696340542
1,0.474751849217712
1,0.4654537494583018
0,0.49003607184067294
0,0.45556019645242185
0,0.4639754814204796
1,0.5456889573388055
1,0.5228769744921946
1,0.548022434964123
0,0.45469176644252557
1,0.4975962559116218
0,0.5192781527150481
1,0.5166712114337069
0,0.4791753636945091
0,0.4769749411439725
0,0.4619100997912049
0,0.4960481826927437
1,0.559948489069013
0,0.4738286867980764
1,0.49418128056112987
1,0.5104491822470255
0,0.4812273619076471
0,0.48531398070229476
1,0.47175416010393895
0,0.5126903863095713
0,0.5508445908030525
1,0.5411023876651986
0,0.4962106032824811
0,0.45214906344189515
0,0.46676941716323006
1,0.4914732772931857
1,0.5324958269933004
1,0.5662302053170792
0,0.4545468794622629
0,0.47366671016583606
1,0.5090350448085732
1,0.5521776910746158
0,0.46655607402717447
1,0.4877254897004554
1,0.5388802380860157
1,0.46588982163404524
1,0.4902762194026584
1,0.47993337801132757
1,0.4793808019324369
0,0.4718852998369135
1,0.47996828582608686
0,0.4718539136776091
0,0.4615201549369517
1,0.47475386822219157
0,0.46770101603181
1,0.507631728414709
1,0.5924091317302808
0,0.47825638178570756
0,0.5355697627213404
1,0.6140940765627931
0,0.487380363475921
1,0.5633028615282281
0,0.47104913078074717
1,0.5005405057179347
0,0.5042956247721665
1,0.542163806213044
1,0.5363938577041115
1,0.4844389928941776
1,0.5041657749376351
0,0.4671966668954562
0,0.4846196434814063
1,0.5151658812462029
0,0.4631832412974467
1,0.4688227629417918
0,0.47571051677640597
1,0.47895130108231626
1,0.49925391770895994
0,0.5428339362447159
1,0.49415526372075835
0,0.4640151382484283
0,0.4817772194372203
1,0.5688837141206237
0,0.46311378758100524
0,0.5011839503245072
0,0.4668770011253073
0,0.5277895364722849
1,0.46699270265205095
0,0.48779799440434807
0,0.48679586978429423
1,0.5156470505575703
0,0.4929775393216853
0,0.45407639532177496
1,0.5069212444337976
1,0.5163961362654403
0,0.4610665513054265
0,0.46872797832838176
0,0.49326736003496996
1,0.5144078063847927
1,0.5148825648944828
1,0.5059275995329727
1,0.611964953800802
1,0.5838711239332556
0,0.47237207646603974
1,0.5256616398505595
0,0.45723995745581336
1,0.47647830579261075
1,0.5013344285095572
0,0.5014108852827444
0,0.5152864617119153
1,0.4846386130961228
0,0.4758232227586227
0,0.45686201028477774
0,0.4509375651727827
1,0.5200823057219834
1,0.494519821704004
0,0.5164697718122202
0,0.48332492358071555
0,0.4778614891445126
0,0.4567235202940372
1,0.46531094863431793
0,0.5275162754290057
1,0.5603655471024993
0,0.48465734068657396
1,0.5323166380088198
0,0.4695511776971039
0,0.46458346978134196
0,0.47956998672489687
0,0.5002911803241116
0,0.5212926789715846
1,0.4894507544909291
0,0.4821666295922923
1,0.537650273086889
0,0.47567583689589743
0,0.4497866321954175
0,0.48760234290545496
1,0.45861014161776875
0,0.46348342548855365
1,0.5557005265841288
0,0.4590650479571799
0,0.4662264959619509
1,0.48801710780521845
1,0.49874997882238126
0,0.4698634013530707
1,0.4999604984559418
0,0.47134786232435777
0,0.5055819998002875
1,0.4838232689909048
0,0.4600814102870929
0,0.47100767258156895
1,0.515715765004598
0,0.5113845468268039
1,0.4844118377866084
1,0.5420941399829443
0,0.48087611554149423
1,0.4866007925542631
1,0.49310823018581645
1,0.47936318153187096
1,0.4904557711316306
0,0.539963295021014
1,0.5207651248322235
0,0.502652838605809
1,0.47977186711535363
0,0.46505175901279255
0,0.49072462797506466
0,0.4733806566601805
0,0.458664623820963
1,0.48844906787505854
0,0.4994748175944832
0,0.5235781623706172
0,0.472977141043263
1,0.5592294902176826
1,0.45800082481182813
1,0.5060638052870868
1,0.521018863079688
1,0.4760888923517398
0,0.4902286773480291
1,0.564896014766575
0,0.4551041897746166
0,0.5010047930148271
0,0.48364918628169007
0,0.522085976704908
0,0.586701328130952
0,0.459246093616147
1,0.5228408603709751
0,0.5066210259469123
0,0.45405182509169467
1,0.506788080757748
1,0.547701591236438
0,0.45587860785736006
1,0.4794836140451461
0,0.47907766365926374
1,0.47377104609857124
1,0.478734180087805
0,0.4980946501602507
1,0.4978821246675591
0,0.47206244419507803
1,0.4984321536439246
1,0.5715164291555763
0,0.5103689455803528
0,0.45591909960516797
1,0.5036122712419524
1,0.4963321611839169
0,0.47000129615476255
1,0.5466076611525021
0,0.5326646741420957
0,0.5093389506545697
0,0.4891715606536048
1,0.4611853800161291
1,0.5661068335125709
0,0.4962926190326497
0,0.48142272479430065
0,0.47668456486462085
1,0.5030209674978152
1,0.48748778725628483
0,0.5278765230342732
0,0.4897730598389954
1,0.5114723375692112
1,0.5483360677980542
0,0.6139322525510874
1,0.5640116559223249
1,0.5033824875372608
1,0.5582798142775278
1,0.5165474407654258
0,0.48736929973060017
0,0.5090789914315574
0,0.5036293908947542
1,0.5677753935052633
1,0.5195636260059797
1,0.47399192144283697
1,0.4933475854083674
1,0.5200560151202348
1,0.5401624272907117
0,0.4751810670472088
0,0.48841514958029986
0,0.4593167099771029
1,0.525078050214839
0,0.497589110635809
0,0.5287851042263284
1,0.47290955759706294
1,0.5172548744680582
0,0.47344353345111906
0,0.48242769766749644
0,0.5191818558606379
1,0.48401749924040866
0,0.4604780394773971
0,0.4736846494201816
1,0.4670571250057959
0,0.4813963509815705
1,0.5511628283763271
0,0.49274301882163396
0,0.46918390145985645
1,0.4894566836975065
0,0.4763648963300325
0,0.48938372741771424
0,0.45415222745286055
1,0.5296020854664578
0,0.48414596135192
1,0.4978744618218274
0,0.5209777893851436
0,0.48578514086607727
0,0.5026586123148008
1,0.5475475617071328
0,0.45825427722659284
1,0.5208999980169353
0,0.4533945677784591
1,0.5062378997983841
1,0.4833671517558552
1,0.4969335660803819
1,0.4748057526101718
0,0.47181162657130393
1,0.5042294493031588
0,0.47720306103630195
0,0.506087328216428
1,0.456000559367693
0,0.4702687281141722
1,0.5150320586510916
1,0.5038164193336052
1,0.49559493446406755
1,0.5317529124314516
1,0.5229032714581321
1,0.4560326034826191
0,0.46304148136139
1,0.5362483116804434
1,0.485299984128201
0,0.49977539588181247
0,0.4539711647298458
1,0.48445880491410626
0,0.4817954927744801
0,0.48239646583853457
0,0.503132058613929
1,0.58322031770043
1,0.47388676369819893
1,0.5480546162845824
1,0.5035635042886197
1,0.5013705517668431
0,0.5379129687203901
0,0.46973647673712743
1,0.503043675873471
0,0.485365671305763
1,0.46364732599220665
0,0.4886172536521024
0,0.5390269974476025
1,0.5011835038366113
1,0.49790401074082363
0,0.5209528416928159
0,0.4664612800134157
1,0.5414046657111437
1,0.47899475522895296
1,0.47089362365503146
1,0.5033994220534495
0,0.46924008829523234
1,0.4672136007224487
1,0.4583500551324086
0,0.46940347645289104
1,0.4620847851976549
1,0.48614434066841106
1,0.5580585981787314
0,0.4709380473132336
1,0.5087788277966337
1,0.5246872795507735
1,0.48570559102763905
0,0.45769511940505697
1,0.4915130117301687
0,0.4579063397483888
1,0.4896685580930313
1,0.507830790700335
1,0.49405774460716967
1,0.495360464166279
1,0.5342647636115342
1,0.5051928525346905
0,0.4810493825486296
1,0.4632263723809161
1,0.47297049711264083
1,0.542646212051682
1,0.4894546740744335
1,0.4510467852970144
1,0.5232780983226235
1,0.49306845827053014
1,0.45450195986999736
0,0.5124695110168799
0,0.4894495608039034
1,0.5014843541863503
0,0.47291898142250544
0,0.47198665526698047
0,0.455779067865092
1,0.5578031167464417
0,0.4932577736132391
1,0.49922507534706867
1,0.4981659064644146
0,0.45555315940591723
0,0.4839983205456289
1,0.5727619721340027
0,0.48352339375941644
0,0.4776545879771217
0,0.4598688191565194
1,0.5043637584733617
1,0.5623170258783535
1,0.5035971398252991
0,0.4653276949763084
1,0.529597775280977
1,0.570772423428665
0,0.5115988644395681
1,0.4943451611111991
1,0.5629078606180901
0,0.494959172041766
0,0.45149724867079677
1,0.49772375739312225
0,0.5239545672445415
0,0.47233818864675725
0,0.4684725185719739
0,0.4792637276730952
1,0.4796935154056481
1,0.503102323837183
0,0.45868705548868927
1,0.5333626617519945
1,0.5188828272433637
1,0.4746817946520156
0,0.48276037013708717
0,0.4630917426130291
0,0.4730761736226617
0,0.4851269745004922
0,0.4557907402968462
0,0.49626925206129113
0,0.47087359737765894
0,0.5140630002528832
1,0.46213492741314477
1,0.5781859242489877
1,0.4873980633934179
1,0.5680709250199927
0,0.4904991762183587
0,0.5017075870872958
0,0.46832824109456456
0,0.47330575104901784
0,0.4613252842681797
1,0.536488608458178
1,0.5062941039790656
0,0.5075192790722098
1,0.48413020730444944
0,0.48882906125306524
1,0.4695520280988816
0,0.5062404097181645
0,0.49849640666441103
1,0.5397704665665012
1,0.510836286840293
0,0.4736148225495082
0,0.48952165376846823
1,0.5814895581510319
0,0.46597964602741926
1,0.523617791399271
1,0.6061255033561549
0,0.4728577519154528
1,0.5267739516675364
1,0.521122509728891
0,0.4899312564137883
0,0.5105038911118354
0,0.46809416376056195
1,0.4886100613553055
1,0.5446516351483253
1,0.5695207431844476
0,0.5018782342423654
1,0.4658773265393133
0,0.5407632930739763
0,0.5105757849196721
1,0.5033574707396448
0,0.4896895532766231
1,0.5237688336400358
1,0.5118833757012017
0,0.4636879832627123
0,0.5192512693146836
0,0.45715907918464915
0,0.5309841494392799
0,0.4644019285546696
0,0.46399578984035533
0,0.5432645699447176
1,0.48764219722587376
0,0.4864021001540069
0,0.46457936385430054
0,0.4951503611907458
0,0.4604175363610357
0,0.4680617676820813
0,0.5119423939298706
0,0.4963886618086373
0,0.5120514583692886
0,0.4698627548274296
1,0.5953993791046437
1,0.5099789015282656
1,0.48897427449499103
0,0.5077223525286133
0,0.4814772729521227
0,0.497050723686631
1,0.49851026127761555
1,0.5377772591124166
1,0.5173118581566805
0,0.4474548252522518
1,0.53616377067233
1,0.4814778394633049
0,0.49701766045980894
1,0.4711397748286686
1,0.4571665031944471
1,0.4804308854490602
0,0.46017782455960593
1,0.4725631160931301
1,0.5746569353881155
0,0.4584267088729669
0,0.494984952185593
0,0.4979841873915984
1,0.4716357255902053
1,0.46386851379922234
0,0.46239833791255414
1,0.5107290195502812
0,0.4526934056722177
0,0.47407504210453216
0,0.515474347612693
1,0.5015654898702564
1,0.503538699667368
0,0.4623590667852777
0,0.4766641657111145
0,0.49879342084751094
1,0.4711609132360228
1,0.5510185873492843
0,0.45995142392926003
1,0.48289981911622337
0,0.4788666173173077
1,0.4801377428984784
0,0.5228883596997458
1,0.48011568249785946
1,0.5260309389277281
0,0.47790045349500476
0,0.49800819644688743
0,0.5011497928183873
1,0.5353390737807399
1,0.4618603163711201
1,0.46945123066848415
1,0.5275103114002615
0,0.4738849666283294
1,0.5130871238577474
1,0.5557998305187976
1,0.46830699294686223
0,0.5056035584911359
0,0.5274862813923724
0,0.46882411795391704
0,0.5042253613581594
1,0.5034165588858999
0,0.4672939890634618
1,0.5722663594277952
1,0.5101558303875526
0,0.4650224039448745
0,0.4518744965635372
1,0.5312648300254748
1,0.45705240246611256
0,0.522119905494235
1,0.5006149488131639
1,0.48164240813676346
1,0.4788102780067459
1,0.46511390517349954
1,0.497156248759762
0,0.47720865300518445
0,0.5090384605311596
1,0.47582373638021663
1,0.5006988629337336
1,0.5122368781551516
0,0.4721179204545872
1,0.5036359046353958
1,0.5137691625944016
0,0.4714634866135248
0,0.5152253078431028
1,0.4969341975231365
1,0.5289733872486659
0,0.4933782907559316
1,0.5226896830075521
0,0.5040233321908669
1,0.5920195720528455
1,0.5213365283978507
1,0.4967671481259952
0,0.5065556376068409
1,0.48080464999113
1,0.4841831724250196
1,0.5312107826401621
1,0.4647763780894146
1,0.5052857409260112
1,0.5476590020883237
1,0.45889155817512156
1,0.5260822772434088
0,0.4918900270653461
1,0.5177814212494493
1,0.46942269854884094
0,0.47568279763890453
0,0.4607112844507673
1,0.46654768121724843
1,0.5614756426294527
1,0.4993174818154913
1,0.4828574604016802
0,0.4885706772698092
0,0.525271951857066
0,0.47246853488727064
1,0.5716898218972706
1,0.4648663395731547
1,0.502521984861181
1,0.4621379576437654
1,0.48883509619120985
0,0.48280717193744305
0,0.4871906355729398
1,0.5495852316580649
0,0.4772349314301321
1,0.5094499593851749
1,0.508683452374283
1,0.5351163214354794
0,0.5028559858254281
0,0.48099969552465954
0,0.4725167548847459
1,0.5128707310140848
1,0.5197355019434552
0,0.5053789715412284
0,0.4765582662929563
1,0.5152851325097012
1,0.45766771930407457
0,0.4957151367839469
1,0.4744323868693737
0,0.46198241912775767
0,0.46126139945248457
1,0.5067003546657324
1,0.4647535155422089
1,0.48755017926118704
1,0.536984641166206
0,0.48271367057652914
1,0.4698464296037045
0,0.5168619811972173
0,0.493016533179793
0,0.4603578399672107
1,0.47840072526022626
1,0.47762728433415813
1,0.5112301955238873
1,0.5243200126441158
0,0.4653037578191971
1,0.5573491463577683
1,0.5185994861173332
0,0.4956320256183114
0,0.47046191981344476
1,0.5273783767986622
1,0.5809540116292772
1,0.45673550578360395
1,0.47307573372131184
1,0.5098910127839545
1,0.500364182800541
1,0.47564559055087496
0,0.5008340365207141
1,0.5269881496708271
1,0.47534081559297675
1,0.4883904173642548
1,0.5101455906869629
1,0.4811935546771429
1,0.4821290925808197
0,0.483309762270821
0,0.4913083767834328
0,0.476662691808903
1,0.4899597087478109
0,0.47992403284204793
1,0.5400469565150972
0,0.5050169664866784
0,0.47635573640367207
0,0.5327933642019896
1,0.480921764469888
1,0.5334725485459131
1,0.48142872249764307
1,0.5167391574471192
1,0.5750771174294886
1,0.4859156002908432
0,0.46777349356696146
1,0.5568066474039692
1,0.5158728582586816
1,0.4960530978252364
0,0.4977398381856369
1,0.5271418519052405
1,0.46184413625362536
1,0.466982346146435
0,0.47462475821645295
0,0.5404371088689403
1,0.46787233123954436
0,0.46171375476252857
0,0.5088835176817958
0,0.47415778131208536
1,0.5365839570346341
1,0.47999629526861703
1,0.553290157245639
1,0.5329814787681022
0,0.4848600524002071
0,0.48681908522837075
0,0.46163005822816455
0,0.4603647861699659
0,0.4915075668699085
1,0.4674264902188797
0,0.4733687672900808
1,0.48336589891219456
0,0.5677233160078097
0,0.4908805757385206
0,0.4803542795643549
0,0.4587521266087325
0,0.49339508106425367
1,0.5417494205919089
1,0.5100061998091941
1,0.49789558326747774
0,0.4751475869724826
1,0.5457782988532353
0,0.4569011268742607
1,0.48817979053985067
1,0.5197115933205143
1,0.4699672417943682
1,0.49246890330835646
0,0.5012564141679156
0,0.4560340215779032
1,0.4827963471654049
1,0.5352244097940293
0,0.48055625088712756
1,0.47902786298271516
0,0.48800116178884834
1,0.4904055797195316
1,0.5689591401417216
1,0.4759271478751318
1,0.4725397017848638
0,0.5281780402641721
1,0.4940726319401392
1,0.4577459962528243
0,0.522167246320766
0,0.4533021264310372
0,0.4733990000125847
0,0.47049641694930217
1,0.580689456660327
1,0.5044552845861616
1,0.47794255787178946
0,0.5062410345629395
1,0.5151869548013396
0,0.4808697154144493
0,0.5007007173513713
0,0.4647292249850101
0,0.464613117497129
1,0.5126468301954853
1,0.5111976555901471
0,0.47807993287571304
1,0.5293576156150217
0,0.47863994048744696
0,0.45913426236963384
1,0.5039829106746945
0,0.49548339705704614
1,0.5809603093709077
0,0.5150082821347652
0,0.46355285818868996
0,0.5497756699783393
1,0.49228662375272964
0,0.4975279062034445
1,0.527703292000604
1,0.48324907651803545
1,0.4884509185042605
1,0.542874922382435
1,0.5483904632232983
1,0.5044051096656009
1,0.480234925626262
1,0.536737079301884
0,0.4581583548828824
0,0.45640474584725416
0,0.4982845121553227
1,0.47648137268184165
1,0.5527989200827146
1,0.5247282763627682
0,0.5206629026097849
1,0.544180885262056
1,0.5695720224632232
0,0.4777052634184564
1,0.4674927574625018
1,0.48733580783920416
1,0.5358032995376582
0,0.5275855955568695
1,0.5606105742114714
0,0.4831653143365392
1,0.5063443333895643
0,0.5197353852551226
1,0.4695908650570184
0,0.4963412133619322
1,0.5224896761862294
0,0.477964848850544
1,0.5631663329071096
0,0.5050722971890931
0,0.4863517094948202
0,0.4515439086648839
0,0.499718352656836
0,0.4978514107636911
0,0.4614187248303012
0,0.46045056714221205
0,0.47408051959407227
1,0.5748237701736333
1,0.49961311571146194
1,0.49009681113651643
0,0.4746862449431324
1,0.5052843397534443
1,0.4715792990355508
0,0.48651366303343835
1,0.4962880828840195
0,0.49463417250679587
1,0.513834000792705
0,0.5190391240085347
0,0.4481118112312914
1,0.49767060872711816
1,0.5510318873741125
0,0.47421766728231446
1,0.4773391202261149
1,0.5645424904483921
0,0.4886615229527796
0,0.4874222531578218
0,0.4685071120806686
1,0.4950142186649781
1,0.5152024065469967
0,0.4612627356221601
1,0.4865692840713007
0,0.4770042140309438
0,0.4843124192182352
1,0.4932438448916285
1,0.463140933404943
0,0.486607117931619
1,0.4494180355327929
1,0.5069657136099016
1,0.545593027960529
1,0.502646465445741
1,0.4804449791737438
0,0.5036264519732826
1,0.5702644032067822
0,0.48276525562895256
1,0.5148032462007277
0,0.489214225807658
1,0.5452962898195484
0,0.5054181549389773
0,0.46009485058257577
0,0.5027267386416414
0,0.4729964514846606
0,0.5372596736922604
0,0.4714659088448429
0,0.4847323787719104
0,0.4916010554351952
0,0.46559161503131
0,0.48087729264089296
0,0.5168383755002572
1,0.46799822794047163
1,0.4902280259606195
1,0.505734479218251
1,0.5092277660675945
0,0.49866574483164183
1,0.5234113721735383
0,0.4668221208977083
0,0.4964309489109854
0,0.45504976042654044
0,0.5268571470301765
1,0.4786987181896516
0,0.5064510739172414
0,0.47300777633794594
0,0.4537346898936647
0,0.47553841074598735
0,0.47268100934771773
0,0.4775996537435237
1,0.5247390774296481
0,0.5183235001504111
0,0.48047742385681513
1,0.49286544712975683
0,0.4872276602425083
1,0.5374769707035107
0,0.4738122924837747
0,0.4703922770504343
0,0.5578343063215481
0,0.4777519909464679
1,0.5034199629563559
0,0.4759127484430228
1,0.49076494013892047
0,0.4786776984285411
0,0.508675361302394
0,0.5136579925320007
1,0.4956659264054385
1,0.6000728197054586
1,0.4831893774087831
1,0.5005949096758522
0,0.4562581824505967
0,0.47410211770337257
1,0.4831189966517099
1,0.5071532626518618
0,0.47717134792218224
0,0.46807040156078505
1,0.49825002101169785
0,0.530503858916938
1,0.5542666859808235
0,0.4781327766578334
0,0.4715729676719983
1,0.5120862341659811
0,0.47843946375202207
0,0.4661727761908907
1,0.4814779340016448
0,0.4756398604153465
0,0.45633481213456095
1,0.5498460266090806
0,0.4696760414249489
1,0.5045001923963919
1,0.5268763362688225
0,0.4778158708013535
0,0.46619622376498926
0,0.45657736644701746
0,0.47343112956700517
1,0.5435071579538686
0,0.5134234732597956
0,0.5720093453652002
1,0.5128564338209757
0,0.5036352358807531
1,0.48222115464751925
0,0.4686301949570884
1,0.5138770054119101
1,0.5089636326324947
0,0.4985977146097875
1,0.4651300109323865
1,0.5238954057260494
1,0.4902246475128443
1,0.49237254080494214
0,0.4897837009667292
0,0.4856898715821921
0,0.4840560219359069
1,0.482606019500789
0,0.49239894221901637
0,0.519980439777823
0,0.4479007686625742
1,0.5288111543935463
0,0.5159502195929699
1,0.5244718948894677
1,0.5815211816319953
0,0.5160770025796168
0,0.485232103842409
1,0.4703156667444178
0,0.4663752794355542
0,0.49140957911692396
0,0.46397390507913683
1,0.5853404649284374
1,0.5124116871464137
0,0.4792181066020576
1,0.48194114399666715
1,0.5023837184430949
0,0.511788582940558
1,0.5031121497383739
0,0.459565973458806
0,0.49457872207942144
0,0.4902408429935243
1,0.5127313480332404
0,0.5850124138402998
0,0.5269049260769925
1,0.4897317498895083
1,0.5196635193346861
1,0.49817627602653985
1,0.487863406028814
1,0.5022512034677933
0,0.4635376550431022
0,0.4812915339211448
0,0.4778011932140158
1,0.49369634699787274
0,0.4823406821564967
0,0.48241807431437383
1,0.5416230527261435
1,0.4842365868178952
1,0.5001596759100273
1,0.45980537831778784
0,0.472724347494973
0,0.472779051968373
1,0.4767596351219198
0,0.5089204440462534
0,0.4877493594012471
1,0.49003123025342066
0,0.48726858457732375
1,0.4948390644518891
1,0.472175329335748
0,0.48386002826024777
1,0.500399751392291
1,0.5419794847857168
0,0.4963747866185739
1,0.473755500255527
0,0.4864295385461904
1,0.5059978721109983
1,0.46394200200281666
0,0.4540633035785461
0,0.5101137818693374
0,0.4569265218836013
1,0.501334392941563
1,0.5230264291541128
1,0.5370068225487267
0,0.4901204747978579
1,0.5175740001455674
0,0.5141428041012774
1,0.5195409429635044
1,0.5475133170605198
0,0.49595090486798615
1,0.5052353674129682
1,0.555263156617735
0,0.46233761374519633
0,0.48144079438345044
0,0.4467433872593564
1,0.4781259332400078
0,0.5169712353480928
1,0.5437753692378954
0,0.4832121262620252
0,0.5152381767993242
0,0.45364399339254985
1,0.4850919099119927
0,0.48354840637201435
0,0.5101076066879406
1,0.518110752640721
1,0.49240119388586584
1,0.4877096325059755
0,0.49539469860770263
1,0.5228248756722794
0,0.5187900291709076
0,0.5313710108510562
0,0.5226527507951053
0,0.4876175787958088
0,0.4785223326454476
0,0.4687984233252845
0,0.4785613062604811
0,0.46635704010677653
1,0.52281940123237
1,0.464094398392122
1,0.5079053456443547
1,0.5368800603317984
1,0.48573381354517164
1,0.5051583614556097
1,0.473003864472562
1,0.5282573095298594
1,0.4627444566367343
1,0.47892059931655234
0,0.49091382359291696
0,0.5175109935570336
0,0.4775897534291541
1,0.5024638493410489
1,0.5524293206252603
1,0.5139966265999222
1,0.5848031845326835
1,0.5114657088268663
1,0.5015463006883574
0,0.4887863673038329
0,0.5123272914435186
0,0.4752828048294609
0,0.518220006725802
1,0.4739315874451522
0,0.46519403924007596
1,0.5041221266608268
1,0.4905300934404179
0,0.4530055193836622
1,0.5634304199898912
0,0.4803662756966148
1,0.5341014768185038
0,0.4629213041601838
1,0.4756963415187623
0,0.46790249908470205
0,0.4720634824011887
1,0.5462407508955553
0,0.48866838321596107
1,0.5084472912783987
1,0.5678253514657989
0,0.46062052927460495
0,0.47919204136814086
0,0.46000409937263065
0,0.46953347029048786
1,0.5229608594043514
0,0.4542787941149903
0,0.48892064275627944
1,0.5068575567322172
1,0.4761674319398004
1,0.544527348597926
0,0.5021473607240067
0,0.48758646769400443
0,0.46572267636109815
1,0.46932157621860043
0,0.48054616177509746
0,0.5071386146227014
1,0.48728108644693197
0,0.45963243409671267
1,0.49920084895948025
0,0.4868174386785411
0,0.4838025703270467
0,0.49296514593450363
0,0.4685257430651254
1,0.47828534924017885
1,0.5136540396672886
1,0.5133743695905525
0,0.4728395396434053
1,0.48568628725101287
1,0.4940805637423063
1,0.49688600225783064
0,0.4819462514820129
1,0.5085590039106257
1,0.5346221937797998
1,0.49830590488749404
1,0.4915657924389012
1,0.4552625375590676
0,0.4741438150520676
0,0.4850230722842777
1,0.5045752193761998
1,0.5116225426560551
1,0.4564242074538932
1,0.5421002961674221
0,0.5166821958194685
1,0.5047092186839487
1,0.4968404658525612
0,0.4973930566936221
0,0.48768261843775546
0,0.5057003675600811
1,0.47206655361454625
0,0.48968769319562466
1,0.5377236165635433
1,0.5352086712533816
1,0.5189522588521176
0,0.5043080661383236
0,0.5217377501654595
1,0.49954730518122015
0,0.47889371125087027
0,0.511361038841457
1,0.47693346876542836
1,0.5438015909692719
1,0.5487728464144734
0,0.49391292480289095
1,0.545935214732727
1,0.5067273130315055
1,0.5335155694727529
0,0.49312258798244324
0,0.4607689017184007
0,0.49403490150641877
1,0.5005551148908334
1,0.5787400392143516
0,0.47240775759532627
0,0.4528099210920123
1,0.4894881125334207
1,0.4896548058949866
0,0.5065788803176948
0,0.46775028901929105
0,0.5078284988585299
1,0.5276244101364947
1,0.5814483783522617
1,0.5158719091558039
0,0.4565399498282287
0,0.4933729084575006
1,0.5444954811872125
1,0.510320381552655
1,0.4952350957993116
0,0.45505264557130404
1,0.5371481716006171
0,0.48037802028968224
1,0.4637212040727465
1,0.5193058534638215
1,0.4984687800093232
1,0.513936952336746
0,0.4801225503206904
0,0.5443802560662407
1,0.509045664366201
1,0.5007372976945407
0,0.4692941785917878
1,0.4899780787214052
1,0.512139888208819
0,0.4983992671377
0,0.5154598673574387
1,0.5251627330383479
0,0.5215247715296756
1,0.5994828020209616
1,0.4705168079816665
0,0.4643748012166557
1,0.4932470300991839
0,0.45644193855836485
0,0.5599377843350999
0,0.5186064862255353
1,0.509345388791586
1,0.4555092677390229
1,0.4637763580022314
1,0.5014649199958677
1,0.49596686884509683
1,0.47616933606465883
1,0.5585342345505783
0,0.4521553296861742
1,0.46321457784799835
0,0.49763058100480284
1,0.528133268891487
0,0.4817065854341945
1,0.48420855255818673
0,0.5046663022491424
0,0.46261293755219407
1,0.4905371238398555
1,0.5001618561008099
0,0.4949872178390632
1,0.4887940600846273
1,0.48227319595861906
0,0.4861821357483495
1,0.5182351784186149
1,0.5365164411958285
0,0.4744795125227859
1,0.48565882606455374
0,0.4803055964643794
1,0.5471229414746803
1,0.49403153733298355
0,0.5153766987228149
0,0.49451000267417655
1,0.5228826137910755
1,0.5507449041417016
1,0.47326599972996697
1,0.4969954109120474
0,0.4972290075162334
1,0.5028195142088441
0,0.5077356177553926
1,0.5307975596535788
0,0.4680291555840212
1,0.5157977083920129
1,0.46511346600751213
0,0.48010530317312844
1,0.521690480287444
0,0.4619421134627453
1,0.4848587492210774
1,0.4680165867159189
0,0.4521706549112787
0,0.4782612440214536
0,0.4975834923661832
0,0.4703861974036977
0,0.4699931809286842
0,0.48600599177023857
1,0.5450656750317425
1,0.49281659427231356
1,0.4932843180541867
0,0.48688666679987136
1,0.482120461642141
0,0.4816441436383996
1,0.5017799062251688
0,0.4603474166739079
0,0.5155827335135612
0,0.4566463818175938
0,0.47032195931141474
1,0.4921959263563823
1,0.5243452090498334
1,0.5249027750727808
0,0.483529257771638
0,0.5023690937606669
1,0.4668924841800616
0,0.47387416279495065
1,0.4565163034773607
1,0.4953636935029007
0,0.4939874046494779
1,0.4928358692092007
0,0.4641123826798309
0,0.5042892844637321
0,0.47841562868927895
1,0.4764180320842706
0,0.46934748053934
1,0.5328480938970667
1,0.4698487469086376
0,0.49004106902303857
1,0.49859615659930884
1,0.47688131682153095
1,0.5011086814175101
0,0.5246956734741407
1,0.6658888214835497
1,0.4970746816604127
0,0.5037263415885258
0,0.4825370984218077
0,0.5247182538501002
0,0.4854000797813768
0,0.49187944037332954
1,0.5151190654114393
1,0.5058136274105893
1,0.5061512221838956
0,0.5797199969057202
0,0.4743708170376536
1,0.4691167331685675
1,0.5145950190409336
0,0.47404196140508453
0,0.5237026241226203
0,0.4731136146308991
1,0.5219526845673078
0,0.4672234875498983
1,0.5028407956869795
0,0.46198678040952923
0,0.5357503049681844
1,0.45623150474405927
0,0.4570981910414493
1,0.46782645560676805
0,0.46604667788943765
1,0.49842797667273847
1,0.5212859545856046
0,0.5319171748249414
0,0.5078704095494634
1,0.47757351894837863
0,0.5057246792853187
0,0.4762956455699237
0,0.5208382842719548
0,0.47426049572037654
0,0.47566892324983034
1,0.49567804283567396
1,0.5141380661111252
1,0.5599003084511143
1,0.5045823266993016
0,0.4804638944503634
0,0.47324188530976863
1,0.5162281195050762
0,0.49174838873645366
1,0.5510113014795096
1,0.47185350308831986
0,0.4593705914553283
1,0.5558377881758537
0,0.4884726367833123
0,0.4544881175381568
0,0.5180643028341805
0,0.4782943486571505
0,0.4843772226507574
1,0.5222199578042728
1,0.5083610391499453
0,0.4933426601397861
0,0.504060574446019
0,0.4961113967007587
0,0.48714666349619845
1,0.537070498764545
0,0.4869135547553943
0,0.46262607604809936
1,0.47485574370149947
0,0.4887988750379946
0,0.4811538622427408
0,0.4903274579947192
1,0.5394936499640652
0,0.5081273471873283
0,0.4806561397999874
1,0.5011312116466249
0,0.4969028703217517
0,0.50292208415816
0,0.5088137943067007
0,0.5051163142425448
1,0.508688451952098
1,0.5395114565319391
0,0.48612994872583637
1,0.49665670361690933
0,0.524875640277246
1,0.4684855789170254
1,0.513233514749308
0,0.5081677577657008
0,0.4626294362446283
0,0.5333391523227484
1,0.4798640486914795
1,0.495202683583012
0,0.48601301725198
0,0.517455332976475
1,0.4624300001848085
1,0.5086940501195589
0,0.459796871039748
1,0.4940876674217842
0,0.5144608208661269
0,0.4599888944163094
1,0.4789234350429846
0,0.4809570913162301
0,0.47110666956193076
0,0.5069420738697238
0,0.47876248299352664
0,0.49157404826476314
0,0.5074898823187206
0,0.47583389376554974
0,0.5002600586616389
0,0.4727263319360516
0,0.45059822862849663
0,0.5240254604190523
1,0.4895726587774494
0,0.4828548006416237
0,0.4590719634324766
0,0.5121383835087531
1,0.49165101480458673
1,0.4634790584416469
1,0.5124091677121324
0,0.5000326837487264
1,0.5318148274773855
1,0.48478299190460267
0,0.4898754687637654
0,0.48251192866754233
1,0.45702780582812497
1,0.4484587588570801
0,0.47104895361229393
1,0.5245619238000453
0,0.4985045408162237
0,0.4684968912636897
1,0.5177912061741257
0,0.4581934170934632
1,0.49727658958110105
0,0.5053983850162134
0,0.588521250818311
0,0.5152758078559909
0,0.511158765315672
1,0.5404192240176089
0,0.4568546680966651
1,0.46430417964229015
0,0.46567144671854355
1,0.4972535394912282
0,0.4875202467912911
1,0.5171025448021288
0,0.49420799365811463
1,0.5605892150285219
0,0.4855162587759988
0,0.4854533589434881
1,0.5142226904727876
0,0.4503844505116567
1,0.545446500433974
0,0.5665455860263839
1,0.48318634550937223
0,0.5105106668800424
1,0.5143186665245423
1,0.560887808773595
1,0.4974297915539802
1,0.5316179962252245
0,0.45031594899166866
0,0.46435253434893003
0,0.4661230836062788
0,0.47884344607319634
0,0.5312797648582085
1,0.48687626237610987
0,0.48520864656309637
0,0.4552583098071461
0,0.4559102689125067
0,0.5049495181172428
0,0.495099148126823
1,0.4724166334912972
1,0.4747363810607589
1,0.5132878407536681
0,0.4674052119698052
1,0.4731793078203761
0,0.5406833102584713
1,0.5279452351731762
1,0.48701391375513603
0,0.4872958823614618
0,0.48807225510470476
0,0.47063130103547973
1,0.47366284793142976
0,0.48436796530410936
0,0.4966345980089852
1,0.5064973500662583
1,0.5257186646076615
1,0.5085909872189899
0,0.46292882360854576
1,0.49904081593664334
1,0.4717301725324711
1,0.4806742051548279
0,0.48460629316600756
1,0.5077536855217737
0,0.49465157335667753
1,0.5177840938223459
1,0.49932649077129077
0,0.4693278461458309
1,0.49986696825500093
1,0.4789377381397442
1,0.47544789122341136
1,0.48584144965798803
0,0.47699970811888126
1,0.5105122333254243
1,0.5223832622417238
0,0.479024043570289
1,0.5653682936790236
0,0.48803452158065896
0,0.47935090960119475
1,0.5309798690698653
0,0.5077219470401458
1,0.4625086030685183
0,0.4782490056141405
0,0.4976842146218804
1,0.5248081797977915
0,0.45893765137213455
1,0.4889162421904691
0,0.48109328028957843
1,0.46891624408997934
0,0.47659450686049143
1,0.4671424205727136
0,0.4820170324966445
0,0.5047743471811977
0,0.4650432247652218
1,0.46469124185211175
0,0.46431724956959325
0,0.5112017960644741
0,0.5008262608611235
1,0.5511577867600709
1,0.45379455760667
1,0.5059336720201856
1,0.5593271490423056
1,0.5144218643158471
1,0.5086801587961897
0,0.45660406605599496
1,0.4653581178183557
0,0.4661196947202259
1,0.4510093575573045
0,0.5556117458973466
0,0.5419719480114271
0,0.5054388541046538
0,0.5015166771472719
1,0.5064070515306591
1,0.46288655791515804
0,0.5328057923762801
0,0.4828300043748656
0,0.4797686338769307
1,0.5067880417186761
1,0.48484972757655437
0,0.47546792621145023
1,0.4887211478031561
1,0.5358634117850625
0,0.5021814534795079
0,0.4787458246041421
1,0.5237992239236374
0,0.4775529593546979
0,0.5193938757539153
1,0.5363276364924693
0,0.5377629579294425
1,0.5187862245588998
1,0.4721929617243092
0,0.5214410114274511
0,0.45274327960997685
0,0.5499357244376071
1,0.5185574628388624
0,0.5072204537044286
0,0.46350769965600164
0,0.5172743929858065
1,0.539257009968346
0,0.46482380730549516
1,0.47825204932799026
0,0.48158404468391414
0,0.44666387459373674
0,0.48111789105582115
0,0.46874273225569624
0,0.4878538325028204
0,0.4703893456153888
1,0.49206367184431654
0,0.5071095987236183
1,0.4999274982145183
1,0.48445009722541305
1,0.5449251378310787
0,0.5094408121345939
0,0.51406992970183
1,0.5264382172143837
0,0.4732483566309062
0,0.4712801095335737
1,0.5207140619588455
0,0.4991078864373751
1,0.5839253631358553
0,0.46485398913680465
1,0.5791599346208335
1,0.4778817847497224
0,0.4771494094652802
0,0.4719274681125832
1,0.4951879261185001
0,0.46184610667400006
1,0.5421409727470673
1,0.5324531903965523
1,0.47124033340101645
0,0.48467450812628476
1,0.47348666479248747
1,0.49006826716226887
1,0.49483070434728754
1,0.5080500494544522
0,0.5306493723106976
0,0.47709225799199356
1,0.4715279181136864
0,0.4896511076690991
0,0.46960509426394154
1,0.5319581219941931
0,0.4732511435923408
0,0.4631302962551679
0,0.45368915614053795
1,0.46461641126467057
0,0.4613381767722098
0,0.45463431601061566
1,0.5490473393330684
0,0.45145989329886577
1,0.48843744420542456
0,0.4566393403408809
0,0.4750775379443338
1,0.5412236942081798
0,0.49496436246385583
0,0.5333559255920551
0,0.48081966986724267
1,0.46045500272233797
1,0.49713088500025554
0,0.47830821404149276
0,0.48564053402221763
1,0.5366732882700787
1,0.5271288463355666
1,0.48443038982158537
0,0.5255504744763648
0,0.45617191561737835
1,0.5267002395956457
1,0.46058020867320315
0,0.46077304318074624
0,0.4613766815486548
0,0.4659715996332855
0,0.4850506465323535
1,0.4669869676439713
0,0.49996273522941304
0,0.45623016318660453
0,0.525317240076739
0,0.4786583405753472
1,0.5026289369245285
0,0.46400301394252774
0,0.4909790033621114
0,0.472021239438712
1,0.46048668338318843
0,0.5150660753010787
1,0.5670235706329376
0,0.4991386491350471
1,0.5164348101994757
0,0.4993585079175362
0,0.4800464059514709
0,0.467774722126547
1,0.562965145259001
0,0.5204653947375156
1,0.48496251028672427
0,0.4899759392015632
0,0.47348308588139176
0,0.4931120583533547
1,0.5666591890691897
1,0.5470006317978238
1,0.504866451963308
0,0.48246525289805775
1,0.5266897528559671
0,0.4692520462596888
1,0.4652781162245641
1,0.4929684730925877
1,0.47683516629140915
1,0.48309483059698705
0,0.4606564397773153
0,0.4757320239928672
0,0.45996910341815167
1,0.49277275239716
0,0.49701916466898255
0,0.521529811276648
1,0.5477115767260804
1,0.5222632468060427
0,0.44972699219554124
1,0.548058999912764
0,0.49939699137087135
1,0.5475112891437766
1,0.5492064899175431
0,0.49084444483751294
1,0.5217864210860303
0,0.48025528995157896
1,0.5299042913162723
0,0.4591829691453396
0,0.47873685562943635
0,0.4679370810983223
0,0.4896759215249249
0,0.474744407701231
1,0.48633419232778097
0,0.4769121201922299
1,0.4725511702265739
0,0.47269676854133574
0,0.47624386282674297
1,0.5312565754698219
0,0.4604616659054025
1,0.4771212972107976
0,0.46911727912252127
1,0.4729070746177811
0,0.4968069851743474
0,0.47718704320949934
1,0.48492253259566864
1,0.5044979176690465
0,0.5383093206607108
0,0.45728014071073975
0,0.45731353260421725
1,0.5086711174515446
0,0.4658327807006632
1,0.4771788708306116
0,0.5473099011304724
1,0.507146569125973
1,0.499719025378176
1,0.5152404863687695
0,0.47563334421790754
0,0.47088139384950906
0,0.4683071506110012
1,0.5063968220712075
0,0.5051757442984076
1,0.5131066998684984
1,0.5157416459827189
1,0.5222229052982723
1,0.473924449649341
0,0.48161575983794863
0,0.5008674888377119
1,0.5669185742934922
1,0.4981524955103046
0,0.47844907791791086
1,0.5001986527336564
0,0.4671509437637262
0,0.473895593548494
0,0.5105310246038087
0,0.4601698509338925
1,0.5049862041295359
1,0.498581782924937
0,0.4629655863102014
0,0.4718848995694809
0,0.49710941947350007
0,0.47024788976110315
0,0.4884912294498993
0,0.4508770509751845
0,0.4723589138385209
0,0.5300875369564891
0,0.4604034958006339
0,0.4623548712844884
1,0.5453061526101703
0,0.5109275825728608
1,0.5008926593297955
0,0.5183513041457719
0,0.518241668890762
1,0.5518853881317831
0,0.4646282454561663
0,0.4596209585590775
0,0.4602769103773298
0,0.48975322530862325
0,0.49857052783758166
1,0.5838323915206417
0,0.4944005902298077
1,0.4726667977404575
0,0.4568685689073727
1,0.4694405245356003
1,0.4729561090182113
0,0.45912592383507284
0,0.5143730194837696
1,0.4651157759746746
1,0.4982916043298586
0,0.46099063751338554
0,0.491259201807441
0,0.5084166179035634
1,0.46748164118230306
0,0.47438350026003306
0,0.47811364288427893
0,0.4655858095099318
0,0.5249770803725985
1,0.48818646188792064
1,0.539743962999887
0,0.4935473526935106
1,0.5311415564603544
1,0.5286654527847775
1,0.5318049880101968
1,0.5568313591927933
1,0.4984401405794413
0,0.5045548340696279
1,0.4884850308983355
1,0.5589496187976571
0,0.48803724561876705
1,0.47414068379415353
1,0.5116304380908474
1,0.5039600880841603
0,0.4633203310895692
1,0.48543087214727315
1,0.5669322643494789
1,0.5345345975697764
1,0.5000451568445606
1,0.5356228866002032
0,0.48251541531092923
1,0.5152630334449612
0,0.48852079530376624
0,0.4623779645460802
1,0.5270928897932773
0,0.5033620596095889
0,0.4637404337398327
0,0.46250697977580446
1,0.5241516588063632
1,0.501988165640791
1,0.5258044863939946
1,0.4685260136192462
1,0.5413737617644369
1,0.6040563102886315
0,0.4740481290941415
0,0.4936281321732842
0,0.46034777589094533
1,0.5011622772867428
0,0.4659391288548643
0,0.4641857262694994
1,0.5442440242944407
0,0.4846805433643496
1,0.5423874832476898
0,0.4883451685494103
1,0.4602570756270248
0,0.4660758904073419
0,0.5585033282261209
0,0.5110713804456518
1,0.5000997129960829
0,0.46614670668499364
1,0.5153302149281888
0,0.5086121462248446
1,0.5401856691217147
1,0.46725767344353586
1,0.47900398551452533
0,0.5067703617667721
1,0.46133563166544256
0,0.4989533311748965
1,0.47568365631094156
0,0.4793135195388266
1,0.5281099457865795
0,0.4719309545776591
1,0.4724946170983706
0,0.4767626169715537
1,0.45809258984989076
1,0.4906192208684256
0,0.4703435763364313
1,0.5766963023979057
0,0.5108137385445506
1,0.5069451292143474
1,0.5007080679088414
0,0.47957351345709265
1,0.5461101126393558
0,0.4809899913431674
0,0.5206571431574922
1,0.49167149952714495
0,0.54261925835872
1,0.5118231599976577
1,0.5653389960818732
1,0.5047817602518755
0,0.5195736027468258
0,0.46300418769756907
1,0.5099309521846709
1,0.4996977550283942
0,0.480243196241156
0,0.5109239317401149
0,0.4965300138571819
1,0.45458278188539764
0,0.4820367994421825
0,0.48102252500537424
0,0.48153094904454435
1,0.49213406059868026
1,0.523452607333614
1,0.45116071500875626
1,0.46635659462911194
1,0.5356545896713837
0,0.45791747137240135
0,0.4796956572135331
1,0.49953840646522557
1,0.5293782639736206
0,0.5100612976386625
0,0.4613937432278389
1,0.47636258334645254
1,0.4513571249315957
1,0.4707653039178135
1,0.4920748692452437
1,0.4882108695396317
1,0.4564197318484616
0,0.45522455312152466
1,0.5311199134909493
1,0.5445307718849547
0,0.4738732335181789
1,0.45534757286342903
1,0.4798509708143902
0,0.46673169680892823
1,0.5346451520804267
0,0.4619762835779619
1,0.5379321662672707
0,0.49399013991784907
0,0.47311612366638006
0,0.46052644656622843
0,0.4730007718282348
0,0.46403550353352035
0,0.5152836699269332
0,0.5272690661234978
1,0.46173713213388695
0,0.46528371341025165
1,0.4624905700862118
0,0.48386154129500997
0,0.4762973894444874
1,0.48971301253713906
1,0.5031411527452593
1,0.4951375892526542
1,0.5306998334009431
1,0.5759305398972512
1,0.4940716264065363
0,0.4761017377936993
0,0.49791381847609384
1,0.511612259403577
1,0.5424689779141447
0,0.46616534266018933
1,0.4697158569139339
0,0.4922714185538785
1,0.4919480727252471
0,0.5058939272605955
0,0.496817625275901
0,0.5066608251830751
0,0.5096626856019918
1,0.4660817287444611
1,0.5460907470070089
0,0.506673251371979
0,0.49710969583910786
1,0.5073554939654382
1,0.4677998711124263
1,0.48462074469580385
1,0.4991194360220587
0,0.4785414421827849
0,0.4695104749557051
1,0.4633422444076628
1,0.5313943756398328
0,0.48955167680706635
0,0.4701419834362535
1,0.4872711482608779
0,0.4682795417783378
0,0.4766319496170831
0,0.5035224286691249
1,0.5342012210386293
1,0.5672829459058821
1,0.49779577385604123
0,0.5016665975219703
0,0.5005865806944794
1,0.5265105453564876
0,0.47310304979738194
1,0.5280159757317707
0,0.4992797256574178
0,0.5064049737214891
1,0.5754022231509726
0,0.49064174939779587
1,0.45904870110833407
1,0.506129167118249
1,0.5350432802197067
0,0.5729123814976466
0,0.4643446664801565
0,0.4834025566633089
0,0.48437740259643824
0,0.4863120668752607
1,0.5398994293597658
0,0.48185793870425214
0,0.46567958738403614
0,0.49114860485770795
1,0.4863929751788239
1,0.6215026655071508
0,0.47746179096504915
1,0.5219809554614755
1,0.5218926730835113
0,0.46641653339196487
1,0.4720011201256968
0,0.49576521980304944
0,0.5852397777201129
0,0.45863524081667906
1,0.5631493365491538
0,0.4995712999624789
1,0.5021032057552546
1,0.5316562670749065
0,0.4554727119510802
0,0.4568133908930066
0,0.5187565071046664
0,0.5220627089509093
0,0.4984939554392993
1,0.5027417442896702
1,0.4639214979378024
1,0.5649613351692706
0,0.5132367703247899
0,0.5095839872427955
1,0.4865530054710338
1,0.4757212562909191
0,0.49970118329717655
0,0.4920596523874978
0,0.46868447306588124
1,0.4725729854997401
0,0.4596596682445256
0,0.4715072928254496
1,0.5098668758664002
1,0.5247555330442626
1,0.4524630676997153
1,0.5057927588948772
1,0.49372003630816386
0,0.5073211434205795
0,0.49601832361855225
0,0.4998434491995365
1,0.4631667253535622
0,0.5166382382496255
0,0.4679081761422982
0,0.5490024342696903
1,0.5027860883299767
0,0.4971818342100338
1,0.5150120602237592
0,0.48533746718416765
0,0.4841148241687859
1,0.51916967123611
1,0.521588597891387
0,0.46428959932366276
0,0.4859501506412224
0,0.46506574076877616
0,0.4891056045322051
1,0.46714473520383754
0,0.4721187917895764
1,0.6100075285595696
1,0.48830546939713604
0,0.4820954995883744
1,0.4771226167807402
1,0.5880067734257783
0,0.48188228110280507
1,0.543576849476504
0,0.4980647309932178
0,0.48723451043519844
1,0.4989229537882784
0,0.46682777962673166
1,0.49169874012487974
0,0.495311810094282
1,0.49661004014410925
1,0.4509543632718162
1,0.4696126884170467
1,0.5266531876006875
1,0.5622769835072328
1,0.48254224899528797
0,0.4720430487292483
1,0.514571951568649
1,0.5186976644613623
1,0.5297297270414782
0,0.5063054324387166
0,0.4989429209311465
0,0.46698391652436916
0,0.49955494756313545
1,0.4782496216499244
1,0.5646411054817558
1,0.4631321232887069
0,0.5129695433644518
1,0.5233862543273511
1,0.5218910995238988
0,0.5206117247204274
0,0.4778898986283963
1,0.5441032815006698
0,0.4992108898600607
1,0.469026161019886
0,0.4873259938142956
0,0.4670790856951847
1,0.49760306530112275
1,0.5874251283349385
1,0.47280202381358405
0,0.48009217067714516
1,0.5916691822389782
1,0.47469153400321407
1,0.6123984621297093
1,0.4731166432725986
1,0.5588042446736546
1,0.47139039921174297
1,0.5384258673420337
1,0.5196464788957081
0,0.45399031898849634
1,0.540893371656252
1,0.5101410995168167
1,0.5484889783078366
0,0.47155450639896423
0,0.5014910582064585
0,0.4988336981763569
1,0.6248223002101779
1,0.4567916337925255
1,0.5741925044574572
1,0.5714479776806977
0,0.4592246089739061
1,0.5487172988237901
0,0.47423434094732353
1,0.48191552761654594
0,0.4996761254295545
0,0.48105512522775973
1,0.5380684951250975
0,0.49553588814595906
1,0.533799800020548
0,0.46310775450939184
0,0.5662060137133325
0,0.463161081289656
1,0.46815214977904585
1,0.5581163474256973
0,0.4863352241295225
1,0.48939871713571087
1,0.47326108847042014
0,0.47796696122862903
0,0.4591347675443231
1,0.49216657615743425
1,0.47804782093093134
1,0.4635639741026495
1,0.5399508955496526
0,0.46673346457449943
0,0.4817739792251961
0,0.4793576503441527
0,0.52572879196688
0,0.49244378821606327
0,0.5399333095427677
0,0.4684927392931481
1,0.4921750692379442
1,0.48912562825234535
1,0.5021066492618176
0,0.45877410098903476
1,0.5290403072831359
0,0.47052756220308856
1,0.5084250569774605
1,0.51567529497404
1,0.5087735056836209
0,0.49378957349066005
0,0.5053675251937874
0,0.48267546730807587
1,0.5538341557707166
1,0.5666955819488477
0,0.5161059161704683
1,0.5169957793250397
1,0.4700520610247617
1,0.47476831087941007
1,0.4827870312314111
0,0.4522630012456286
0,0.50227405172789
0,0.5220361996916898
1,0.4867090239542451
0,0.4737330822461994
1,0.5467789062647377
0,0.46242220358358344
0,0.4642562810200073
1,0.4699231082299791
1,0.5133514315541894
0,0.5312485102058211
0,0.5149227986177907
0,0.4881543732111653
1,0.4710197006645078
0,0.4859792912852177
0,0.48283503829443175
1,0.4655069320318311
1,0.453727945663564
0,0.47232053414016395
0,0.4667800883526383
1,0.47519311561775446
1,0.5195839906136895
0,0.47397463359842634
1,0.5655835644881861
1,0.4678988093477112
0,0.49387894452875747
1,0.4907542377058426
1,0.5432636634187499
1,0.6129891249835541
1,0.4954917163066029
0,0.47004650234620104
0,0.48697932345750283
0,0.4878846322785646
0,0.4832094654647853
0,0.4868874428244095
1,0.49346519171348846
0,0.4606489778556979
0,0.48405177534252614
0,0.4546800952989379
0,0.490733332548945
1,0.4607215185024566
0,0.5253552799931727
1,0.5571264660384257
1,0.4524422054618381
1,0.4872457021521888
1,0.5040257320486112
0,0.46778721608336205
1,0.4946214133499459
0,0.4976246321244244
0,0.46041328142153093
0,0.48174607959288107
0,0.5140980563768544
1,0.5392037645222638
0,0.4939835916235389
1,0.5819516901705469
1,0.5309630352238558
1,0.45567275146042563
0,0.4967761349728148
1,0.47236252900734277
1,0.47475577426583004
1,0.5081493381735336
1,0.5011562186486797
0,0.4898000843277831
0,0.4867263697621058
1,0.534604812795667
1,0.6129571848490768
0,0.5096226832030467
0,0.48767766387340516
1,0.546089681985846
1,0.4775271775489519
1,0.47053297547571415
0,0.5173998260238388
0,0.4643505184427546
1,0.46884993656898133
1,0.52918701571768
0,0.5194267204376397
0,0.46364486852188214
0,0.5113497562840664
1,0.5613017578905306
0,0.4519237103519425
1,0.4804533356979991
1,0.5384888059662304
0,0.47645989670431366
1,0.503119771565642
0,0.45829514080857786
1,0.48346138765600416
1,0.49258635440366827
1,0.5264503522202783
1,0.47274202194503023
0,0.48434407732692836
1,0.6170360170021814
0,0.47483142752085955
1,0.4779720112430365
0,0.4633742942630547
1,0.49410129098281297
1,0.4761762534377519
1,0.5831337649658523
1,0.4770607317270544
0,0.4565504084815771
1,0.48642890260971405
0,0.4683514558935065
1,0.4825527911536666
0,0.5196057749651353
1,0.5036761422645565
1,0.4872277767889669
1,0.4995579348312678
1,0.5029174827642324
1,0.48814845321870537
1,0.5108473948036139
1,0.46247071852812704
0,0.4661562829780761
1,0.47989667615435183
1,0.5120031144666113
0,0.4669460799337637
1,0.477479566640294
1,0.5188736184096461
1,0.47197996833111916
1,0.49795959508755766
1,0.5034483294445551
1,0.5356843134198537
0,0.4986534430494205
1,0.5530975014630233
1,0.6346897637241307
0,0.4730130373290479
0,0.4577172753804584
1,0.5066496727525848
0,0.5011090397889075
1,0.5172141527294998
0,0.5581097005354342
1,0.46001232289549954
1,0.4850816157875778
1,0.5511650919839989
1,0.4851345217160972
1,0.47104650993208885
0,0.4978894688949216
0,0.4583093853464997
1,0.5490591821588175
1,0.4821541522787334
0,0.47621405617534607
1,0.5282012817533708
1,0.49049993510691936
0,0.4700712996159891
1,0.4711884489989138
0,0.5562312415567471
0,0.4868332978392809
0,0.47306939936296105
0,0.45940520402318635
0,0.4774437986453821
1,0.4816043639132354
1,0.4750493215439838
1,0.49318478755430656
0,0.5130482436393545
1,0.4566728473762143
1,0.5523372414946919
0,0.4630493672239716
0,0.4540939100073096
1,0.4776935281385925
0,0.4704438984003103
1,0.4963391417929889
1,0.4974226935455276
0,0.4486281372692941
0,0.47442985376190505
1,0.4969784463435957
0,0.48406025420462456
0,0.4714631687307558
1,0.5497122699768671
0,0.4818078279434724
1,0.4912758593830341
1,0.5106856137584334
0,0.48317320606142977
0,0.4764457608404805
1,0.4758577370583883
1,0.5231201559569731
0,0.47550132561942554
0,0.4809780858047646
0,0.47236429296088517
1,0.45523322357762885
1,0.5439284064349452
0,0.45387016534274277
0,0.4571237622639559
1,0.5010283307146461
0,0.46283003601105116
0,0.45827034990891996
0,0.4967499007025913
0,0.4830010445439873
0,0.4990039211746777
0,0.47038397886332173
1,0.471903762625542
0,0.49573518388693555
1,0.5188278959257685
1,0.45902563180236544
0,0.5301838868732061
0,0.6315643879719
1,0.5460916988059988
1,0.5103376272913933
0,0.4889121506305608
0,0.48044348710631096
1,0.6196217842709434
1,0.5121737378415673
0,0.5027093993734134
0,0.4827974739001869
0,0.5021278367881611
1,0.5488131722537406
0,0.47277233849995026
1,0.5561261127304404
1,0.5151260140593292
1,0.49990582590730515
0,0.5004666329651972
1,0.5942410238357639
1,0.5334603379511116
0,0.45705783277022
0,0.4789056783347171
0,0.48226902453115555
1,0.5101699702990624
1,0.5029504762884178
0,0.46418518165906875
1,0.5261297214271315
1,0.5176955814941038
0,0.4762736524782571
0,0.4695189828591965
1,0.4934888955774238
0,0.4758317661000154
0,0.47757701438665423
0,0.49652646622736885
0,0.49136398134719667
1,0.6170266701768268
0,0.4872137890774461
1,0.47434008717276216
0,0.45023751341182033
0,0.457855572958579
1,0.5257583129576084
1,0.4892891239365208
1,0.5044530876202364
0,0.4877063675769788
0,0.45188980720039384
0,0.4584541071709048
0,0.4683079307917796
0,0.4549444903200919
0,0.5025045407309695
0,0.5012370367460679
1,0.49729029486385246
1,0.49718554448698293
0,0.5431330010687065
1,0.4768849540693721
0,0.4918123014469852
1,0.5357908041300569
1,0.49042013656169015
0,0.4753732537209468
1,0.5102476574402769
1,0.5766696813237144
1,0.5344033946844248
1,0.4775671823030733
1,0.5380968653737256
0,0.47944798948349654
1,0.4726182841029435
0,0.496995571239283
0,0.4531328710501422
1,0.47222793579902944
0,0.4801607989344092
1,0.5800032942989541
0,0.5089904084300286
1,0.5076486873400645
0,0.47171207391721337
1,0.48216822767486656
1,0.5487094861387766
1,0.532235649703553
1,0.5714813586940897
0,0.4937794710121474
0,0.45606512104734626
0,0.5051096546079465
1,0.5194633224261687
0,0.5075332817958429
1,0.4592289792456475
0,0.5088172368193442
1,0.47467393744150843
1,0.4934312681539697
1,0.5575177363090076
0,0.4864327809535305
1,0.5202045845547583
0,0.4908990707954566
1,0.5355992464818902
1,0.49928200978832693
0,0.4649060431466171
0,0.4901913325884257
1,0.5060920493313256
1,0.5712146439029705
0,0.48722168980964814
0,0.48031255201178913
0,0.546421531402087
1,0.5004986144562968
1,0.5325595468365135
1,0.5075679979474704
0,0.4639813640966051
0,0.49059280594261906
1,0.5372643982826679
0,0.48133012011505166
0,0.45171836085010814
0,0.4917475932077345
1,0.49837311474581053
0,0.5056632991397003
1,0.4762976754816313
1,0.4748657559515942
1,0.5088570165890977
1,0.5448004534171367
1,0.46998661372851575
1,0.4639496171421922
0,0.4971870489117328
1,0.4657615012403448
1,0.5122973353049636
0,0.49470123336728167
0,0.5140286031305034
0,0.46326436883648625
0,0.4852818331692162
1,0.47182603739724627
0,0.46974178577672193
0,0.5639212097580244
1,0.5630886739256681
0,0.47007139854094593
1,0.45650723937620435
1,0.532973238634062
1,0.5374414017591354
0,0.5042167658360437
1,0.46888656964282116
0,0.45175003132812863
0,0.465176711052138
0,0.46924913483489544
1,0.5083696992056705
1,0.5795997578864931
0,0.48460850932683563
1,0.5276284819192127
1,0.47812874665959065
0,0.5114752560989073
1,0.5419700356613611
0,0.5332955786840162
0,0.48728118058137293
0,0.5330852210759403
0,0.4742033125162971
0,0.5024849155111704
0,0.49679684472101476
0,0.4534889924331879
0,0.47482698900769166
1,0.475871925318301
1,0.533246257015395
0,0.5441994992143798
0,0.4637329655319517
1,0.4806017237978593
0,0.4707215471563986
1,0.5248045658786391
1,0.5061962686659818
1,0.575615698507233
0,0.5392957817952079
1,0.5956270975793903
0,0.4749775868703858
0,0.45851380072250486
1,0.48968806128193654
1,0.5735442663124044
0,0.5024158390782466
0,0.4781829984354866
1,0.4935217293554044
1,0.5237093659433585
1,0.48256905078764967
1,0.549538373788314
1,0.48380643679005797
1,0.5045534289716642
1,0.4773231819501641
0,0.49045006828433557
0,0.5146742811789368
1,0.4591826963703058
0,0.47838889972138376
1,0.5318783465576888
1,0.542135282415194
0,0.5289030920556066
0,0.4593927476780648
0,0.4994769236116897
0,0.509820774581996
0,0.46190908142997067
1,0.49895921714261676
1,0.5166360027421338
1,0.5253421574327943
0,0.4749584187042602
0,0.5000235961717029
0,0.5359978169960121
1,0.5104769424874478
0,0.5013004028240485
1,0.49101062202652496
1,0.5418302599993418
0,0.5427332474899154
1,0.5284169933684335
0,0.4945407887471173
1,0.4763005895026259
0,0.467876813424123
1,0.5028164119265606
1,0.5291299214887457
1,0.5229362017083565
0,0.4732012051771247
0,0.5942148198867769
0,0.4808846724927344
0,0.4871479144035548
1,0.4625668501434871
1,0.44743583393210656
0,0.45986653158126667
0,0.4693262674963844
1,0.5547787341473333
0,0.4769783838551286
0,0.5085947385013582
0,0.45522481403906767
1,0.5748923616305492
0,0.5179696443526108
1,0.5308595728638396
1,0.4964022743762496
1,0.5147331197260525
1,0.5509312395222717
0,0.5176481418973385
1,0.472999083925914
1,0.4539007396959894
0,0.510933257217397
1,0.4845219041349672
1,0.4881900058039285
1,0.48020335515702967
0,0.4673285114812963
0,0.4791900272089406
1,0.5071038601806156
1,0.454326996231364
0,0.5149235995295545
1,0.5010172973378842
1,0.5179453260987265
0,0.5102077549470962
1,0.5151864744462953
0,0.4664508687218098
0,0.48315017632912854
1,0.4855688185130285
1,0.468984911504012
0,0.5218810810322975
0,0.49310172176155853
1,0.5056729940648054
1,0.5783208640191355
0,0.4555419189447801
0,0.5022953080391365
1,0.5024571635899697
1,0.5961552328448624
1,0.49438202908357864
1,0.5456952624333449
1,0.5125521508321706
1,0.5129344110553241
0,0.4603342797426921
0,0.4786190101263506
1,0.515166660241827
1,0.4861437692211523
1,0.46127297613994134
1,0.5350790362218506
0,0.5183849180633532
0,0.4841108451887155
0,0.45341609522752996
0,0.47022899977401617
0,0.46822322559811036
1,0.4671264616607606
1,0.4770179896646432
1,0.48760110755951425
0,0.4617714866256442
1,0.48491273644646316
0,0.46292535296338877
0,0.5030919134899454
1,0.5909249207533145
1,0.5029255061003363
0,0.5092586578414091
0,0.4767612755289112
0,0.468813836421719
0,0.4619621080419144
0,0.466412250498172
0,0.4815328366834051
0,0.49375340760836883
1,0.5191126750068793
1,0.5183840904388828
1,0.476995252823069
1,0.5013641737979855
0,0.46682361599915256
0,0.48313990338284424
1,0.5153949896630632
0,0.5077163943807227
1,0.46059812360172975
0,0.4822980832253857
0,0.4934753564573918
1,0.5357400260398545
0,0.5352170431778862
0,0.4940387152095858
1,0.508024953788655
1,0.5692333613407906
0,0.4651143071819791
1,0.4668601043097278
0,0.4637237735858395
1,0.5064638102481939
0,0.48507176944833863
1,0.50295762203954
0,0.4709648616708598
1,0.46591905636731407
0,0.48122204369227095
1,0.47731960820083397
0,0.46732498956511653
1,0.5295528258157557
1,0.5096545771227274
1,0.49239076652909297
0,0.47010081824791033
1,0.5096589396514258
1,0.4614129719530882
1,0.480815474139651
1,0.5059109874502435
1,0.4949705816961916
1,0.48336367403669145
0,0.4545217461743998
1,0.5109223476157279
1,0.47843503244383695
1,0.4514717576831558
1,0.4496561151595099
0,0.47939630289830804
1,0.5297793933031271
0,0.46541623156044276
1,0.4530700474723212
1,0.4905910934061103
0,0.45099093318034505
0,0.4886167609899865
0,0.45713734083408997
0,0.5066126864549102
1,0.5765833642923037
0,0.4776706886314199
0,0.473269038274635
1,0.5276934618313109
0,0.4975001973488417
1,0.5387051339348714
0,0.5441198580709502
0,0.48931914091820156
1,0.4791622929970569
0,0.5206311232558384
0,0.5665300750582636
1,0.4832693630258601
0,0.473123244807618
0,0.48715505571314993
1,0.5462664316927838
0,0.5010695368427003
0,0.4470021751893939
1,0.4948227091034377
0,0.45458589825477447
1,0.5310146615689191
1,0.5353704650119827
1,0.47166935027650714
1,0.49765966120547345
0,0.5003910116910959
0,0.5130121739300766
0,0.477178444936249
1,0.5202608337612284
0,0.5951935192242991
1,0.47799942232637926
1,0.5470608661848979
1,0.474398748708348
0,0.4860694927470148
1,0.4787505933395856
1,0.5494154373467653
1,0.48833355575633935
0,0.4620884584533993
0,0.5046956100728655
0,0.48647620517850493
1,0.47319448680450965
1,0.48757550428855345
0,0.47717445950702364
0,0.45543484060349615
1,0.5250444104557904
1,0.4896609364671883
0,0.47250175078232703
0,0.5073592341104076
1,0.5231200244368358
0,0.5095508512172058
1,0.5049482101474831
0,0.4874503957722311
1,0.498248251349262
1,0.5473163064835451
1,0.5032283670738237
0,0.5033042375344445
1,0.4689121619126122
1,0.5455386988898937
1,0.5381160140985509
1,0.4693932621972902
1,0.6025109973653461
1,0.5098744492601571
1,0.5055072483239964
0,0.514833346935106
0,0.4779860277998137
0,0.48128477522255486
1,0.48948927052308894
1,0.5640361976475109
1,0.6013261481053842
0,0.46547452008906137
0,0.4756126238985654
0,0.5048295294322502
0,0.45263279971271186
1,0.5446036266103533
0,0.5139315505286224
1,0.5127804616500138
0,0.5493675688656138
0,0.4545287687280819
1,0.49248345268905347
1,0.5409551836210071
1,0.5123161932124818
0,0.4770998262548745
1,0.4814654128960033
0,0.4740646695354676
0,0.45729505617838473
0,0.4729661432096012
0,0.521880474137208
1,0.5576996369526573
0,0.4939485548314204
0,0.4663839860477909
0,0.48856618607942354
0,0.4598482833852118
0,0.47346516335224786
0,0.4807670182550835
1,0.4941046104516045
1,0.5179710396576787
0,0.45582009772333343
1,0.5115270700378433
0,0.4558785462044377
1,0.46307824592919844
0,0.4617758928252132
0,0.4666301535350002
1,0.5106226268868598
0,0.543073190695269
1,0.47008796714008955
0,0.4950010353026161
0,0.472352996702303
1,0.4565672773444324
1,0.483715118880324
0,0.4856170114930545
1,0.5706839879437199
1,0.5041825858223621
1,0.48684855977531916
1,0.4810286376084262
1,0.4994641997820439
1,0.5232983853518588
1,0.5767201862018315
0,0.46905622302531813
1,0.5514770976377864
1,0.5037694084274393
0,0.4953797387499095
1,0.5130621965825387
1,0.4766858646601828
0,0.48560766120908205
0,0.5149880088169686
0,0.45751222953490206
0,0.5431203012072905
0,0.4882322419035191
0,0.4766167079832976
1,0.5509751254073346
1,0.4770941682759239
0,0.4874851327361364
0,0.5343390777561108
0,0.4522130128254289
0,0.4604360294960502
0,0.5103365992219563
0,0.4775531205100769
0,0.46722114753073035
1,0.47558599632557824
0,0.49206853250668586
0,0.48798723640905267
1,0.5130922505062769
0,0.47294373974710924
1,0.4722163995322176
0,0.49957691848567076
1,0.5338581820064334
0,0.5120430454255657
0,0.4814931330493287
0,0.46455287272369034
1,0.5773454773026332
0,0.5262485130405777
0,0.49259832228136424
1,0.5449234028484814
1,0.5300086766797247
0,0.5217655590102233
1,0.5572310784729477
0,0.46748282724422574
0,0.5080661735976665
0,0.4821750340527645
0,0.5394412012755219
1,0.5086460977455904
1,0.531607639941495
1,0.5191788016074339
1,0.4763360286032184
1,0.4612026815588346
0,0.4701042485086572
0,0.45445564740230066
0,0.5021867872530126
1,0.5394905172045787
0,0.47656632952944117
0,0.4534091172054307
0,0.4859008763156596
1,0.48229026241661954
0,0.48838409206978783
1,0.5263358548916912
1,0.4900012923317581
1,0.48465044993044204
1,0.48768586480844084
0,0.4538263231878472
0,0.5095706108725914
1,0.5512473666522116
1,0.5084959392044277
1,0.5346020135763813
0,0.4789691116078056
0,0.4755866983907809
0,0.4892994395656149
0,0.47619594957233313
1,0.5501198562087033
0,0.49599163217534986
1,0.5527256704999071
1,0.4986767350021948
0,0.47939669231406545
1,0.5342240912126442
1,0.4675441853990807
0,0.49711948134147854
1,0.5053359262117565
0,0.5091650802250496
1,0.5049856660102899
1,0.5436229510916905
1,0.5455828897109388
1,0.49520434472550956
0,0.49130464792345446
0,0.4558094320258095
0,0.48688245354221077
1,0.4802316193839197
0,0.4911540636940479
1,0.4813261277954587
0,0.4524337776516505
0,0.4936982786962638
0,0.5169033764397357
0,0.4866033969938686
0,0.5589988043995187
0,0.545043585157267
1,0.5133549796441791
1,0.5347993410179539
1,0.49464640014331857
0,0.484605673386432
0,0.4871013328782669
0,0.5000007774769992
0,0.4694964586102973
0,0.5127359760473371
0,0.47688310563423386
0,0.4783509868885577
1,0.5195773980264364
0,0.4876456522063597
1,0.4796105075508367
1,0.5039626815248373
0,0.539578418293756
1,0.49804932714517897
0,0.45297006555047337
1,0.5289760722883425
0,0.45474307417496235
0,0.4677411495869285
1,0.5212428443811619
0,0.49137364652328364
0,0.4859990927242372
0,0.5166868851817233
1,0.5153143296535129
1,0.5051074402246123
1,0.5011031483796065
1,0.48502407173731693
0,0.5061922036706853
0,0.4845045677264483
1,0.5765911832786369
1,0.5646244090529239
0,0.4700355582796654
1,0.46579375882483387
0,0.44972350793793536
1,0.5786026594327767
1,0.4667506406994658
0,0.47537214530368077
1,0.44997921553231957
0,0.4955627094813047
1,0.48470011574561395
1,0.47837795894744495
0,0.5152746082465421
0,0.5230776825294298
0,0.4915249774374118
0,0.5099449779516122
1,0.483664223305923
0,0.48142109880961415
0,0.5210635877938506
0,0.4583802405683097
1,0.4891298285639175
0,0.4850016452789669
0,0.4603014092132911
1,0.47507912105814365
1,0.49710301501994286
1,0.46837108357880797
0,0.46398756550108705
0,0.5037200447842859
0,0.47031580158449054
0,0.4694667217350449
0,0.4599768550006817
1,0.5446352056699485
1,0.4825257547663322
1,0.5107632527409111
1,0.5265275191130507
1,0.49440068139342974
1,0.5075310553540635
1,0.45779008967013735
0,0.4611319762557672
1,0.5158807039067146
1,0.6189303932932623
0,0.5118105791229022
1,0.4523541005274491
1,0.5367517814147538
1,0.4869283629098724
1,0.5303855724786668
1,0.4519506867896703
0,0.48625931321497873
