index,true_label,predicted_probability
0,0,0.32188586880622055
1,1,0.35001032880666744
2,0,0.7282009299603951
3,1,0.516222694804483
4,0,0.43149975764979925
5,1,0.38489920279775097
6,0,0.42188711936679024
7,1,0.7877431112508172
8,0,0.6147161658536188
9,0,0.3628549924437922
10,1,0.7887463109678137
11,0,0.6815833072011434
12,0,0.6062437668475104
13,1,0.6185618438894421
14,1,0.5957840854770029
15,0,0.5
16,1,0.3149968644203704
17,1,0.7393582414475011
18,1,0.3126358183596497
19,1,0.3709897932171583
20,1,0.6025769626027231
21,0,0.602896416509816
22,0,0.41568042713433967
23,1,0.3355132529200713
24,0,0.5558689050398143
25,1,0.595875844337603
26,0,0.36031087083989816
27,1,0.767541101511092
28,1,0.7207727211665289
29,0,0.3363828167083862
30,1,0.5
31,1,0.3124228815601784
32,0,0.42427777271620376
33,0,0.4155867444878408
34,1,0.44443684756652024
35,1,0.5419551286317371
36,0,0.41780346005881447
37,0,0.39034750331184453
38,0,0.6813460672036599
39,1,0.5717476102009591
40,0,0.6242103574374459
41,0,0.4010156694899688
42,0,0.36045371944981464
43,0,0.682899606782015
44,0,0.47415338369917187
45,0,0.366844120953589
46,1,0.38606235824604396
47,1,0.34205518699563275
48,1,0.6973148220888628
49,1,0.7297666006853607
50,0,0.5556063952678107
51,0,0.5442859108808311
52,0,0.3074259688438018
53,1,0.40877706600717484
54,0,0.6281058049614312
55,0,0.5883409876915423
56,0,0.5528459597585696
57,0,0.4665988871118129
58,0,0.4287049376426626
59,1,0.6384991021304266
60,1,0.6842541015872091
61,1,0.666260022431064
62,1,0.6172135062491202
63,1,0.6088325878425791
64,1,0.3607642609351569
65,1,0.6920800687644456
66,0,0.6773774915952038
67,0,0.7556305153541836
68,1,0.7340700392923504
69,1,0.8500540736057128
70,0,0.45638469213138516
71,0,0.3212855757950819
72,0,0.31799888088458494
73,0,0.350522344029062
74,1,0.5943803645866415
75,1,0.34754490599483817
76,1,0.6179496908367432
77,1,0.3692297402188034
78,1,0.7192598669437268
79,0,0.33903318168627655
80,0,0.5415626695979635
81,1,0.39498370023457363
82,0,0.40416209017613997
83,1,0.35593841969884893
84,1,0.4740301774918788
85,0,0.371692754461603
86,1,0.36815137769285433
87,0,0.31835283416551896
88,1,0.3307387430831392
89,1,0.37316812178525516
90,1,0.35121374248549386
91,1,0.3321582784449476
92,1,0.33439333083791917
93,0,0.3396446887114573
94,1,0.3038630398762862
95,0,0.5
96,1,0.7004007282929071
97,1,0.6512713849387363
98,0,0.5527124887057077
99,0,0.37921979537004324
100,1,0.41656215596831575
101,1,0.29893621576536394
102,0,0.3586495042128723
103,1,0.6888737841956538
104,1,0.3862572715735906
105,0,0.3286602518862406
106,0,0.5342258771154502
107,0,0.4884221257017586
108,1,0.7778835883049144
109,1,0.3902719260178861
110,0,0.4935577525849713
111,1,0.3449871304742467
112,1,0.358150677854037
113,0,0.3322503133625799
114,1,0.728156330587143
115,0,0.5545601133292138
116,1,0.6806169213692541
117,0,0.5113888193928275
118,0,0.32834430123714614
119,0,0.6928786780059231
120,0,0.31092184620369845
121,1,0.6021190602835915
122,0,0.33716940973226756
123,1,0.6665041935657823
124,0,0.3693880855312927
125,0,0.30186953203967487
126,0,0.6822225697097066
127,0,0.6647928148862627
128,1,0.5081779164043952
129,1,0.39031627593312873
130,0,0.39005159012168633
131,1,0.4184250849792262
132,0,0.6081026205159122
133,0,0.44484163249862374
134,1,0.5594975604863547
135,0,0.6484031947042748
136,0,0.5
137,1,0.38516823338923517
138,1,0.670277777008274
139,0,0.4390307532880754
140,1,0.5613985824830541
141,0,0.3722085659273872
142,1,0.4777637951258134
143,1,0.5804036045426078
144,0,0.37413995777443776
145,1,0.5081820062002436
146,1,0.33168718428917593
147,0,0.36763475231638926
148,0,0.30457557878512415
149,1,0.4307673306590553
150,1,0.4263433013475944
151,1,0.5940871955662115
152,0,0.6933532368108828
153,1,0.7308708058325574
154,0,0.6605314288113139
155,0,0.3706147024273868
156,0,0.529283034985245
157,1,0.6298763713415861
158,0,0.4685227496228563
159,0,0.34655098123099315
160,1,0.3147687223842228
161,0,0.45381319243652224
162,1,0.5963622812751679
163,1,0.7051165172822977
164,1,0.5174155878524319
165,1,0.469332767799247
166,1,0.5
167,1,0.5502219590834349
168,0,0.778273857902829
169,1,0.3338504562457834
170,1,0.3747436867352511
171,0,0.760018290354936
172,0,0.5514460444732875
173,1,0.3644362495831787
174,1,0.5938310052878885
175,1,0.32186623357016436
176,0,0.32898296833068996
177,0,0.3486962701579751
178,0,0.4254775224907995
179,1,0.7593850665740673
180,1,0.3960851739421599
181,1,0.8018543550338098
182,1,0.3769515382481271
183,1,0.7049225593465299
184,0,0.7026046875279556
185,1,0.5391277634220285
186,1,0.5665702443807665
187,0,0.4934869771293335
188,0,0.7638643240651823
189,0,0.3996176368797618
190,1,0.7518175890204694
191,1,0.7414239424251506
192,0,0.3409750227071574
193,1,0.47658205991990077
194,0,0.3104753117091637
195,0,0.7512026330971687
196,1,0.5812238259211298
197,1,0.6423569859965289
198,1,0.35876203055952144
199,0,0.37455902483398296
200,0,0.478539560528575
201,0,0.39088615071632166
202,1,0.6512445640826519
203,1,0.35215509458681815
204,1,0.7414855225905019
205,0,0.34081381797680566
206,1,0.7013739809304633
207,0,0.6975666048995185
208,1,0.5705417573693975
209,0,0.6364997010406646
210,0,0.33849628074123744
211,1,0.33774565626897973
212,1,0.4627631432423333
213,0,0.36876488002167596
214,0,0.3330561603207045
215,1,0.6462995077951994
216,0,0.6434834915372153
217,0,0.36380212232917286
218,1,0.6138891926475759
219,1,0.5120791275400869
220,1,0.5980127861315464
221,0,0.33290882150315787
222,1,0.3693352446102261
223,1,0.5817851083510587
224,1,0.6353226317389578
225,1,0.5093282638806609
226,1,0.3180910609807091
227,0,0.33024060838629415
228,0,0.48968066788730275
229,0,0.39789495850819706
230,0,0.29358715140299135
231,0,0.5
232,0,0.532908350321288
233,0,0.31338264704468616
234,1,0.5214452447621873
235,0,0.4481667562913863
236,1,0.44625647666302737
237,1,0.36436343317020436
238,0,0.46636148360723245
239,1,0.7433272282255021
240,0,0.40620430375218863
241,1,0.41367092251366794
242,0,0.421119078610142
243,1,0.6937653950695449
244,0,0.6904079365263228
245,1,0.7264582074062411
246,1,0.6868985595639994
247,0,0.3227885875446216
248,1,0.7391446541743351
249,1,0.5254031201654712
250,0,0.37659433377563356
251,0,0.6323033482092725
252,0,0.35703753442315744
253,0,0.30167270602731494
254,1,0.3760491859834145
255,0,0.6838193150932217
256,1,0.3193290392385545
257,1,0.6543458225818667
258,0,0.6471855987555778
259,0,0.3962979556448216
260,1,0.5870553884012226
261,0,0.3765911192538018
262,0,0.35888486016570986
263,0,0.34147527850899245
264,1,0.33834168538856696
265,0,0.6362158843592115
266,1,0.33813265101977397
267,1,0.5309610359604513
268,1,0.35994219715992687
269,1,0.4831010297546562
270,0,0.47862844151780626
271,0,0.33050641364725336
272,1,0.5914804648096011
273,1,0.6714001391503884
274,0,0.5464601195706186
275,1,0.7259265272737102
276,1,0.42413332007510784
277,0,0.31488828522509016
278,0,0.5
279,1,0.3779078604612753
280,1,0.6611883211459313
281,0,0.7248950911850184
282,0,0.47758723505282463
283,1,0.6451958023697539
284,0,0.5259174541811885
285,1,0.3118821317035543
286,0,0.3320408685455025
287,0,0.3634619734500384
288,1,0.5153186715335547
289,0,0.6084802013276975
290,0,0.351797820171521
291,0,0.38088366949786373
292,1,0.6459644458877053
293,1,0.4493462717489603
294,0,0.4857701433099914
295,0,0.46145829430235924
296,1,0.6494812238709425
297,1,0.4642338014433945
298,0,0.6052973334813799
299,1,0.7251617868304079
300,0,0.4247670059805121
301,0,0.3570362733182741
302,0,0.40695960351847194
303,1,0.7859829449850289
304,1,0.7344299043142569
305,0,0.5
306,1,0.7421533755723805
307,0,0.3296128489988682
308,1,0.7188452367702098
309,1,0.4492659904866355
310,0,0.34083666476659585
311,0,0.5323758615455401
312,1,0.7366166269135247
313,1,0.7721540656620449
314,1,0.7419101956700771
315,0,0.33452558720084047
316,0,0.3053199945694363
317,0,0.3096103841407435
318,1,0.3507705693258905
319,0,0.3350832458776013
320,1,0.35296016727573315
321,1,0.6690199461907372
322,0,0.37457376851961904
323,0,0.3518935893112234
324,0,0.5745172598849683
325,0,0.6782269496864569
326,0,0.7607064855054063
327,0,0.3698031715657142
328,1,0.7624837606413833
329,1,0.6589277888837206
330,1,0.7318888959896244
331,0,0.4193947202134954
332,1,0.6068885904006346
333,1,0.4943668873566099
334,0,0.5589641005320404
335,1,0.7657154620242235
336,1,0.36576485113427465
337,1,0.8000204738504059
338,1,0.6425548522885541
339,0,0.6138899937339204
340,0,0.3450297154982372
341,1,0.582870422979303
342,0,0.5303075765798906
343,1,0.5197472604235348
344,0,0.4704108786636856
345,0,0.7136482137891816
346,0,0.4611095471015034
347,0,0.5693003420277701
348,0,0.357921603865555
349,0,0.3794341302061733
350,1,0.36215891221114077
351,1,0.6948462804509687
352,0,0.3702732764212849
353,0,0.37093754394566475
354,0,0.6871722764015487
355,1,0.47600620798427934
356,1,0.34881503918116386
357,1,0.5916845845391164
358,0,0.33248783173321134
359,0,0.3448578047250382
360,1,0.7082915246652303
361,0,0.3234918915389494
362,1,0.31031704107694097
363,1,0.7314939403953642
364,1,0.6153408388625582
365,1,0.5
366,0,0.3571433914906049
367,1,0.3388862098869835
368,0,0.7250199631188957
369,0,0.3429113976711252
370,1,0.5
371,0,0.7877250362076627
372,1,0.6238361525788687
373,0,0.331312171310697
374,1,0.5662742452465199
375,0,0.3713166083241362
376,1,0.38792376579300913
377,1,0.35166395180378157
378,0,0.3897349742683768
379,1,0.5231442864618888
380,0,0.38685258285675056
381,1,0.7495154728394695
382,1,0.47136670989848184
383,0,0.5294996331726768
384,0,0.5
385,1,0.7462479532610045
386,0,0.4403635451658419
387,0,0.48735213758137486
388,1,0.7401037273460763
389,1,0.6947831667681537
390,0,0.3854669473924911
391,1,0.7931127385457969
392,1,0.5358937236150704
393,1,0.5093775813365509
394,1,0.5504426058770133
395,0,0.3228396128169002
396,0,0.35517382490537863
397,1,0.4165176940379133
398,1,0.665511021529052
399,0,0.3645404960754852
400,0,0.6814374637411913
401,0,0.7401578536187899
402,1,0.36041780986893607
403,0,0.36661758838760894
404,1,0.37397218583654535
405,1,0.6141897281796856
406,0,0.509135634159589
407,0,0.40439060643070407
408,0,0.39956730662548934
409,0,0.33387877510115266
410,0,0.7171982281731593
411,1,0.7457511703880648
412,0,0.35129226041795963
413,0,0.38274939307651984
414,1,0.6275329120228517
415,1,0.5
416,0,0.3274843709731874
417,0,0.3236090934581826
418,0,0.40774496591351683
419,0,0.512429261828079
420,1,0.7279173194275682
421,0,0.41984977781854554
422,0,0.31378829577069767
423,0,0.3757205106100995
424,0,0.3743549161028809
425,0,0.33558241994733173
426,1,0.7899236560370037
427,1,0.4837512838660911
428,0,0.340127449148537
429,0,0.4351739598792371
430,1,0.6624085764036737
431,1,0.5968909402817041
432,1,0.34883232539906406
433,0,0.6952218835170259
434,0,0.739184559639515
435,0,0.36866907659804155
436,0,0.7689957968612094
437,0,0.3508193543503941
438,0,0.328204865003877
439,0,0.630643994048648
440,1,0.3364630194256217
441,1,0.5766426560654007
442,0,0.4066794790335621
443,1,0.5249368630701655
444,0,0.48070705664805813
445,0,0.3558489720900349
446,1,0.3207582052386229
447,1,0.44042810023385315
448,0,0.38967663176934914
449,0,0.6917874093012087
450,1,0.3752183166893268
451,1,0.6560791812713458
452,1,0.5404510948186161
453,0,0.48269633028951264
454,0,0.47363971178984743
455,1,0.5594296968290875
456,1,0.7476790006487827
457,1,0.6171093613211904
458,0,0.3500867746188736
459,1,0.6859563079165945
460,0,0.5906756506822654
461,0,0.3419989587274045
462,1,0.6754485700157589
463,0,0.4259147193032356
464,1,0.4574631572620297
465,1,0.7531845298843216
466,1,0.7309968268789891
467,1,0.532926943536603
468,1,0.3350948998815923
469,1,0.694221841150266
470,1,0.6193601077349609
471,0,0.41993616587025917
472,1,0.6346054505358697
473,0,0.41550418087602886
474,1,0.5950622859640397
475,1,0.7055758255453151
476,1,0.40980583431064005
477,0,0.3111490723762853
478,1,0.44635167690158345
479,0,0.6436721455451813
480,1,0.3808265848128537
481,0,0.5132224078805563
482,1,0.5255608961704014
483,0,0.47912063491363427
484,1,0.7650650660715167
485,0,0.35395921931290525
486,1,0.381804502469898
487,1,0.33641019608060785
488,0,0.31756635983482395
489,0,0.4480641385014857
490,1,0.37112374476239024
491,0,0.5707470460078069
492,1,0.3527656823025149
493,1,0.8033628069718974
494,0,0.5493214303250311
495,1,0.30867454723324844
496,0,0.6849221803700504
497,1,0.38623843716544565
498,0,0.3519092226507629
499,0,0.3583085162663409
500,0,0.5
501,0,0.39943878128868904
502,0,0.6548394256922574
503,1,0.5
504,0,0.6427106439215007
505,1,0.36597389301857103
506,0,0.3373984184237053
507,0,0.3307624629845352
508,1,0.5084593307147998
509,0,0.44559212307546636
510,0,0.4027434025821179
511,0,0.31986176955557855
512,1,0.4864865238247861
513,0,0.3462357687742969
514,0,0.6625337702220822
515,1,0.3514872852106533
516,1,0.5424842810000179
517,0,0.6943575390444124
518,1,0.6155143219912367
519,1,0.7325048050382772
520,1,0.40709559474269397
521,0,0.4035833039308636
522,0,0.3372470132775639
523,0,0.7334604138412201
524,1,0.6408148695376916
525,0,0.3596627886241947
526,1,0.6772441026913261
527,1,0.3758387555524962
528,1,0.5961795327018314
529,1,0.38815204971046585
530,0,0.6318220758657406
531,1,0.44444388574556026
532,0,0.3336904978145535
533,1,0.6174981392646921
534,1,0.53559829904482
535,1,0.4307874411224248
536,0,0.7133360408537915
537,1,0.36303650091873774
538,1,0.5539634659204846
539,1,0.4167416575423165
540,0,0.34439127393421815
541,1,0.4279925881283478
542,0,0.3431230732476815
543,0,0.525839000645788
544,0,0.6133172882832384
545,1,0.32764805072869985
546,0,0.3361280620028729
547,0,0.31209337168493106
548,0,0.7346885806925942
549,1,0.4488573851700993
550,1,0.6510662706461567
551,0,0.3711795600794504
552,0,0.34637622180493516
553,0,0.6668041780032844
554,0,0.34304790079139286
555,0,0.3379523751064049
556,0,0.6135565911176943
557,0,0.4937410861990883
558,1,0.34634073579178215
559,0,0.3597688351503155
560,1,0.4081095504349835
561,1,0.517822205555803
562,1,0.32222778917541595
563,0,0.5849229947575983
564,1,0.6982196726543711
565,0,0.34663246003644643
566,1,0.7951844347434801
567,1,0.3699737364600056
568,1,0.5152965666555452
569,1,0.607144630168848
570,1,0.6094058617794504
571,0,0.37061772680245847
572,0,0.42233802581113344
573,0,0.5340379187946037
574,0,0.32166045172050634
575,1,0.46925604954124184
576,1,0.7087950955057917
577,0,0.3366504174781787
578,0,0.3680082696638997
579,0,0.36112248968779403
580,1,0.4578885343438437
581,1,0.5277508847028132
582,1,0.5424651113191918
583,1,0.7067353107021901
584,1,0.6597615492877631
585,1,0.7624498430277269
586,0,0.33042961904479007
587,0,0.540655805670874
588,0,0.30272944706180943
589,1,0.7182467083385207
590,0,0.2955783100280411
591,0,0.7048748428715959
592,1,0.40602333227655935
593,0,0.5096736356012015
594,0,0.3828967944704005
595,1,0.67578959125954
596,1,0.728657433460097
597,1,0.7724528732701255
598,0,0.4080379606928035
599,1,0.7032859588897221
600,0,0.3566176503483982
601,0,0.34396914302874615
602,0,0.3446746384784162
603,1,0.7329843449024641
604,1,0.35637006711183006
605,1,0.7026050771752458
606,1,0.46666581942554014
607,0,0.3588233475722579
608,0,0.3353094522301168
609,1,0.5589954935052004
610,1,0.5347666630259071
611,0,0.3527415331847369
612,0,0.5666361932106543
613,0,0.37196469847083496
614,0,0.48919581255381395
615,1,0.5571883194058558
616,1,0.5
617,0,0.7740063572225083
618,0,0.34878957585463977
619,0,0.33096208399821686
620,0,0.3872523031547447
621,0,0.42143541563450665
622,1,0.5860575430939764
623,1,0.6983315620547359
624,1,0.7261780308839618
625,0,0.3782010223768162
626,0,0.58340463496657
627,1,0.4143949789850053
628,1,0.4673678051845135
629,1,0.3188916166488055
630,0,0.6350829705674781
631,1,0.3481026349903719
632,0,0.46232581054138133
633,1,0.3471406848231147
634,0,0.3554933008535816
635,0,0.526467825854689
636,1,0.7569278214973739
637,1,0.6342811885232205
638,0,0.5493633144432996
639,1,0.38773295936301555
640,0,0.6780924419636989
641,1,0.339272106977885
642,1,0.6718827590390929
643,0,0.31970166455729304
644,0,0.5168351192093585
645,1,0.704500496702725
646,1,0.36253787066634474
647,0,0.33952048259088974
648,1,0.4424697434357741
649,0,0.3333677196537638
650,0,0.335668592976321
651,1,0.3470845015680719
652,0,0.3375752493363156
653,0,0.37207523477399057
654,1,0.7508485149723503
655,1,0.33645175320953596
656,0,0.595791295764436
657,1,0.372774974841944
658,0,0.4211325037840404
659,1,0.719020543870347
660,1,0.569527694921389
661,1,0.7226179443809286
662,1,0.7121214029087204
663,1,0.50907938849993
664,1,0.38522565232607037
665,1,0.7121627386188746
666,0,0.4028849241309561
667,0,0.34849137066184965
668,1,0.3493490626536554
669,0,0.42403161555031155
670,1,0.3885474906273214
671,0,0.3619125232425923
672,0,0.6671884385082768
673,0,0.44163507778768396
674,0,0.38029899773648196
675,1,0.5128070158595138
676,0,0.4185969239133058
677,0,0.4517110544634586
678,1,0.5568681087589271
679,1,0.6464230514272089
680,0,0.4275654791612351
681,1,0.36890149312759196
682,1,0.5
683,0,0.4343950788491669
684,1,0.6142918429378179
685,0,0.3142062393187216
686,1,0.6577069143908848
687,0,0.3069670724088189
688,1,0.3753114268458133
689,0,0.4300406079690155
690,0,0.5571555039514694
691,1,0.39905526605560837
692,1,0.3870840570552886
693,0,0.37083396874438546
694,0,0.35333473531529547
695,0,0.4274965521376292
696,0,0.34839870020713215
697,0,0.3838640005348685
698,1,0.5464908983067855
699,1,0.6850509233387061
700,0,0.317345294443991
701,0,0.46891058900566246
702,1,0.35969939990987837
703,0,0.597214020289922
704,1,0.6801161002183946
705,1,0.6529385258174127
706,1,0.3281916570145866
707,0,0.6461575584500565
708,1,0.38954147462686084
709,0,0.3964062613352876
710,1,0.7309135705134139
711,1,0.41676619888198846
712,1,0.41506410643526154
713,0,0.6167976787768541
714,0,0.6287468580163491
715,0,0.7583800514366507
716,0,0.4867568504942037
717,0,0.5333206910514434
718,1,0.6341355934212963
719,1,0.6479116681658011
720,0,0.3406962345471932
721,0,0.43298993582606243
722,1,0.7208103536161002
723,0,0.7642294428698093
724,1,0.39303287138435494
725,1,0.3199555738210387
726,0,0.3833665194284766
727,0,0.5
728,0,0.3647222596560927
729,1,0.5288823505739433
730,0,0.40576396700043244
731,0,0.6489479376320769
732,0,0.3539684362498262
733,1,0.41719659176329227
734,0,0.5292849871033731
735,0,0.5354178569132474
736,0,0.532568316615463
737,0,0.3432157497132852
738,0,0.6732132979207572
739,0,0.42704273880451693
740,0,0.34479044134192466
741,0,0.46328981159969407
742,1,0.6584384081946512
743,0,0.42718732895196976
744,1,0.5
745,1,0.3679414131270622
746,1,0.38955252949959435
747,1,0.5692392690543231
748,0,0.3119821011367269
749,0,0.34005235895881575
750,0,0.4696885048794697
751,1,0.3575198508360079
752,0,0.42592991240535133
753,1,0.35477225701748333
754,0,0.411157195384708
755,0,0.4364854268407268
756,0,0.33430980578561814
757,0,0.6462054854181464
758,1,0.4711289146787768
759,0,0.37195764642452217
760,0,0.6706085032410091
761,1,0.6460380419050579
762,1,0.6580997286491339
763,1,0.3336472595015674
764,0,0.375371340540414
765,0,0.5071519599903153
766,1,0.7599035687860006
767,1,0.43298880698418896
768,0,0.6749430967062671
769,0,0.3439749969805865
770,1,0.3935434733158715
771,0,0.6156881254099843
772,1,0.7544702347167326
773,1,0.33078762572078935
774,0,0.5286391865900638
775,1,0.6146611401887911
776,0,0.45386660930979017
777,1,0.388224798403384
778,0,0.37034116058787286
779,0,0.6105803421231122
780,0,0.5323753983039544
781,0,0.34348151886497
782,0,0.4623979829233984
783,0,0.3223952998305171
784,1,0.6928582057350711
785,0,0.30072975570846744
786,1,0.42762630004260427
787,1,0.5693228518461507
788,1,0.7083433886677102
789,1,0.4942731801401846
790,1,0.5662641207285363
791,0,0.42306772987703534
792,1,0.3811028288631723
793,1,0.6762063847026442
794,0,0.31745543312906166
795,1,0.5696751872340687
796,1,0.4009677859423485
797,0,0.35407764322787355
798,0,0.31846898562439235
799,1,0.3814089386114275
800,0,0.4142126885009849
801,1,0.6943746628901255
802,0,0.5503715133784339
803,1,0.7333882422623799
804,0,0.3861380175094087
805,1,0.3310489070285033
806,1,0.6267523313598699
807,1,0.43299921146020603
808,0,0.7572554033802134
809,0,0.5
810,1,0.3525828123372206
811,0,0.3300429648305569
812,1,0.37669296770615424
813,1,0.7336437225362556
814,1,0.3470884485392277
815,1,0.6401996161904995
816,0,0.48473081180196365
817,0,0.47317570774148027
818,1,0.490974151525535
819,1,0.32006604071066164
820,0,0.644302706088579
821,0,0.6779091716180848
822,1,0.7598767315641051
823,1,0.3459293266474394
824,0,0.3459669573809068
825,0,0.5620814439978161
826,1,0.6568540766266813
827,0,0.6707893928861469
828,1,0.37868957406259457
829,1,0.669153289420217
830,0,0.40904927344942804
831,0,0.4737286947274917
832,0,0.5071561413822494
833,1,0.544238485554379
834,0,0.646058860246458
835,1,0.7009349285138567
836,0,0.4006704959451478
837,0,0.35775100763479967
838,1,0.5127495828015424
839,1,0.7145128713317527
840,1,0.49312632629756015
841,0,0.4900309842440658
842,1,0.33167520339388035
843,1,0.42462966841533634
844,0,0.38279651853068625
845,1,0.6362176689308682
846,0,0.781001141716719
847,1,0.7445045292053647
848,1,0.635583617195543
849,1,0.4726756873688751
850,1,0.5938021134320705
851,1,0.3330460832746749
852,0,0.5906287212037541
853,0,0.5
854,1,0.6741359772954617
855,1,0.8119051741890708
856,0,0.33630607924903727
857,1,0.36240569863014155
858,0,0.41555639970737274
859,1,0.6470384593250428
860,1,0.4911961509923178
861,1,0.31776967080956947
862,0,0.471445580095978
863,0,0.3460577360319179
864,0,0.48411068622343534
865,0,0.562410564026191
866,1,0.4219435359825356
867,0,0.6849439393266716
868,0,0.4101505056186824
869,0,0.7660986068783852
870,1,0.38838993446609216
871,1,0.36033827985705863
872,0,0.5122887822850067
873,1,0.4238380218551204
874,1,0.6810364079268669
875,1,0.42261504700129116
876,0,0.4165154091072487
877,1,0.6305836701238897
878,1,0.5920236068064945
879,0,0.3325718127114513
880,1,0.7727986219724653
881,1,0.6859121907495082
882,1,0.645590435891237
883,1,0.7343794361862988
884,0,0.3759829589863522
885,0,0.4107667158953975
886,1,0.5256865660727579
887,1,0.569644473552248
888,0,0.32119524391875176
889,1,0.4621048817245691
890,1,0.6342149292676499
891,1,0.6464321648920933
892,1,0.4644244543337413
893,0,0.39893365346350323
894,0,0.6535036584875747
895,1,0.7076824682240593
896,1,0.3947098666351447
897,1,0.43484033927998955
898,1,0.3512522512247827
899,0,0.3495683249774037
900,1,0.3391914898573899
901,1,0.3319840670959543
902,0,0.6107113998805915
903,0,0.63460979342927
904,1,0.36940845865328703
905,1,0.35005961488069065
906,0,0.3600884542400336
907,0,0.3480063517900782
908,1,0.34685840118647415
909,1,0.3481800947105833
910,1,0.4828440093028304
911,1,0.6441497326219827
912,1,0.6682685297114962
913,1,0.4091830899909079
914,1,0.6872015836389346
915,1,0.6869752541175771
916,0,0.3178988003740966
917,1,0.6050725575874075
918,1,0.41014465753147644
919,0,0.47599823087301946
920,0,0.5597295122755453
921,1,0.3519404580471687
922,0,0.40760608620165567
923,0,0.4166577523084781
924,1,0.3230571255864993
925,0,0.37818679843668424
926,0,0.42182599400526277
927,0,0.5917437240061513
928,0,0.6321730795654876
929,1,0.6496941546129915
930,1,0.3166868752778056
931,0,0.31209581207063186
932,0,0.39653012033405893
933,0,0.5904598035610428
934,0,0.37613519225634057
935,1,0.584130710414247
936,0,0.5331068698178423
937,1,0.3602380379850224
938,1,0.792325120726013
939,0,0.7290675169528559
940,0,0.48913079573428747
941,1,0.36530477431767816
942,0,0.4520173818040752
943,1,0.7175559905724181
944,0,0.859890400565741
945,1,0.7130739456111532
946,0,0.4431230599885
947,1,0.3730038070337987
948,1,0.365908983257708
949,1,0.5172898432229187
950,1,0.7974480917762555
951,1,0.37178434338912775
952,1,0.33387352516168534
953,1,0.4747971289503909
954,0,0.3092124115108336
955,1,0.523465793935397
956,0,0.6423823713360942
957,1,0.47618949568037433
958,1,0.417598814332985
959,0,0.3464581274821223
960,1,0.3534083434118847
961,1,0.35375210615708697
962,1,0.5451637270432236
963,0,0.7281732336249344
964,0,0.3717112644799628
965,0,0.36144708671746234
966,0,0.36104510785194893
967,1,0.39499929761108354
968,1,0.3799987979531911
969,0,0.34895080600385026
970,0,0.4399039530288127
971,0,0.7486023370866803
972,1,0.40550818746087114
973,0,0.3400189170201644
974,0,0.6835227036295826
975,0,0.3145386275178951
976,0,0.37970128991996366
977,0,0.6093453038669928
978,0,0.46206142289855
979,0,0.5132662867496003
980,0,0.3706040310177791
981,0,0.30362925602030133
982,1,0.4276189877150694
983,1,0.5981685901606889
984,1,0.6770878677733727
985,0,0.3153554238369894
986,0,0.3334166956166207
987,0,0.5342862152075111
988,0,0.37341691091419066
989,1,0.7264006401445142
990,0,0.34079788513552367
991,0,0.5784215321371853
992,0,0.316707547185631
993,0,0.3281687275197409
994,1,0.31892840307523934
995,0,0.5064455308376639
996,1,0.7442616431252872
997,0,0.6460819514951892
998,0,0.4522718635913928
999,1,0.4930958257115172
1000,0,0.45850752137340517
1001,1,0.4776229442913937
1002,1,0.3317252601255948
1003,1,0.5645099026910578
1004,0,0.39851398811132727
1005,1,0.7296862699945078
1006,1,0.4099849504214959
1007,0,0.6077118395005403
1008,0,0.33204235609895366
1009,0,0.5999271557097063
1010,0,0.43423994793300325
1011,1,0.660449927445002
1012,0,0.4746519865934253
1013,0,0.3807187527205497
1014,1,0.8257285245986921
1015,1,0.3649862509034575
1016,1,0.5190377617197613
1017,0,0.305817945837864
1018,0,0.5665829016396439
1019,1,0.33710842511843353
1020,0,0.39506657389504435
1021,0,0.5375280700395723
1022,1,0.6251707932788976
1023,0,0.4844670078263085
1024,1,0.5433472459071486
1025,1,0.7417033558136985
1026,1,0.7914194478419674
1027,0,0.7350070847662439
1028,1,0.31022160223356005
1029,0,0.7121402590753474
1030,1,0.45251715191184966
1031,0,0.40994652816995536
1032,0,0.34081210387965405
1033,1,0.5722833071222374
1034,1,0.39086387404890927
1035,0,0.33923645289431353
1036,0,0.33667636346761365
1037,0,0.37437394149462083
1038,0,0.37966251589241196
1039,1,0.5150198766220029
1040,0,0.3994990080701759
1041,0,0.369588137665937
1042,1,0.3554804494391463
1043,1,0.34052531619851273
1044,0,0.514303900115314
1045,1,0.5809974645397501
1046,1,0.3632703865234373
1047,0,0.7303328482011641
1048,1,0.37212429301032723
1049,1,0.34695821562465906
1050,1,0.7479397766160714
1051,1,0.35951158839271585
1052,0,0.31085802622303477
1053,1,0.46633448880162826
1054,0,0.36685812117892785
1055,1,0.5119041319826372
1056,1,0.4406401973104575
1057,0,0.3286751666957027
1058,0,0.38687351901014083
1059,1,0.36193720019391634
1060,0,0.338073975013623
1061,0,0.35504889337748186
1062,0,0.4432130072680156
1063,0,0.7145070767549084
1064,1,0.3531093836213988
1065,0,0.5071664625850226
1066,1,0.6727789008512152
1067,0,0.42901387194410046
1068,0,0.3401482155740607
1069,0,0.5765146923629854
1070,0,0.450004836509042
1071,0,0.6962251117778707
1072,0,0.34891403486637024
1073,1,0.4215394791873243
1074,1,0.7538470883359296
1075,1,0.6024171672157916
1076,0,0.5652923291147025
1077,1,0.7833074915655848
1078,0,0.41075695977877963
1079,1,0.67480445328442
1080,1,0.6972735644224484
1081,0,0.30208995638260394
1082,1,0.47207386074685653
1083,1,0.4128156950995719
1084,0,0.5783930876520906
1085,0,0.4384489770411996
1086,0,0.3564224610811962
1087,0,0.6692751335592794
1088,0,0.5688829740643353
1089,0,0.31865394592058793
1090,1,0.33666599549054316
1091,1,0.6876296771296658
1092,0,0.4032353166779985
1093,1,0.6614044078013972
1094,0,0.6790225240440281
1095,1,0.6790997576956
1096,1,0.7390777919577012
1097,1,0.5200074538233187
1098,0,0.3404439928061366
1099,0,0.595487900241453
1100,0,0.6786440562736475
1101,0,0.5938911855095316
1102,0,0.42576099989891913
1103,0,0.47429613224524175
1104,0,0.33501396117182514
1105,1,0.3592010485570557
1106,0,0.36604378324609294
1107,1,0.40004538597831624
1108,1,0.356091939084742
1109,0,0.6343949481563814
1110,1,0.5377257804205146
1111,0,0.3753227235226604
1112,1,0.3476407857848854
1113,0,0.5
1114,0,0.34373112183669224
1115,0,0.5087614775170921
1116,1,0.3450165088944451
1117,0,0.7830497113981866
1118,0,0.3437980204745002
1119,0,0.45733748767205595
1120,0,0.4473264858556881
1121,0,0.48974049910770956
1122,1,0.5698696429507449
1123,0,0.49099477731022795
1124,1,0.5944473233628581
1125,1,0.39639205671445277
1126,1,0.34527438957758655
1127,1,0.7340552760182723
1128,0,0.46259735806746766
1129,1,0.7066130708595969
1130,0,0.3366188619044178
1131,0,0.7010800124630048
1132,1,0.5893006015413954
1133,1,0.7081704585873523
1134,1,0.43935905389771385
1135,0,0.34935411172371383
1136,1,0.7428696245654547
1137,1,0.7124526799340251
1138,0,0.3809231046252908
1139,0,0.3390946425653451
1140,1,0.33674172160439314
1141,0,0.39075259459484707
1142,0,0.4034690273326315
1143,0,0.44963678669462714
1144,1,0.5938982554936335
1145,0,0.3631083887810139
1146,1,0.4243221581295691
1147,0,0.4149007379939018
1148,1,0.537605853781321
1149,0,0.33647257108979983
1150,1,0.655555012290463
1151,1,0.6362627100656054
1152,1,0.36801214298593515
1153,0,0.4085890670485534
1154,0,0.3847892309913913
1155,1,0.46930744378313966
1156,0,0.41651472890225105
1157,0,0.3550614212530106
1158,0,0.30342962028487847
1159,1,0.3743039674877303
1160,0,0.5675388142742233
1161,0,0.5450891433921735
1162,1,0.6154432420292084
1163,0,0.3131816807776323
1164,1,0.6960823000717256
1165,0,0.32122666121553684
1166,1,0.40540222843251805
1167,1,0.7665416835729484
1168,0,0.33692252333870015
1169,0,0.4074299270316259
1170,0,0.31878325358002196
1171,0,0.4572165464466687
1172,0,0.6505167868674513
1173,1,0.35492925237671163
1174,1,0.6685280869275897
1175,0,0.3415673954814348
1176,1,0.41840460177955124
1177,1,0.44273529143842816
1178,0,0.34938774863399386
1179,1,0.5228143764350366
1180,0,0.4908396093309157
1181,1,0.6826812713629655
1182,0,0.3378903391689331
1183,0,0.5850197366948277
1184,0,0.39316833806063256
1185,0,0.371851977317391
1186,1,0.37626123792130917
1187,0,0.3231937107330086
1188,0,0.44580309183530964
1189,1,0.6811389143171742
1190,0,0.45606068722274684
1191,1,0.6479556475079573
1192,0,0.33643399566175275
1193,1,0.6458396446415996
1194,1,0.366709941412256
1195,1,0.5097420110654524
1196,0,0.4208162569543772
1197,0,0.44301425275066353
1198,0,0.6384026115456122
1199,0,0.6850444625727903
1200,1,0.35064995083193723
1201,0,0.3767144051688462
1202,0,0.5273700296652559
1203,1,0.740837953152066
1204,0,0.4612224186758048
1205,0,0.4205965564862791
1206,1,0.5090528616482856
1207,0,0.4110354726584792
1208,1,0.5692558589014223
1209,0,0.36413896914067645
1210,1,0.4123384856933169
1211,0,0.4130084362125797
1212,0,0.4695535443962877
1213,1,0.5
1214,0,0.3451137470868974
1215,0,0.6901594054759924
1216,1,0.6719025383702685
1217,1,0.31833887562560886
1218,0,0.3316486913350071
1219,1,0.441833365042279
1220,0,0.3514315057083265
1221,0,0.7110559312861797
1222,0,0.6692950829575168
1223,1,0.4333076961895379
1224,1,0.6985712435243148
1225,1,0.713824895484401
1226,0,0.3582270195219812
1227,1,0.6800539523810607
1228,1,0.643813395124222
1229,1,0.4055458163105478
1230,0,0.5
1231,0,0.4335265879502763
1232,0,0.32065009553203444
1233,1,0.46550167787959096
1234,0,0.4263432832066063
1235,0,0.40353585286858196
1236,1,0.3876960805854285
1237,0,0.3536128429541642
1238,0,0.396977406347431
1239,0,0.42245993615367433
1240,1,0.38491298643854355
1241,0,0.3213221383783918
1242,0,0.32013203137003027
1243,1,0.5924034677004966
1244,1,0.6389129513608106
1245,0,0.5249188198291722
1246,1,0.4444111105109867
1247,0,0.352014604279239
1248,1,0.5305417517733241
1249,0,0.375299753001293
1250,1,0.5238505424758747
1251,0,0.3880490792744685
1252,1,0.352460824318819
1253,1,0.3419820281806029
1254,1,0.7430195158117902
1255,0,0.3961131845881256
1256,1,0.36662400751322843
1257,1,0.6900935308422304
1258,1,0.36199561937185665
1259,1,0.6516892641994966
1260,0,0.5582839313047034
1261,0,0.33817109073035906
1262,1,0.7211524973681852
1263,1,0.4665618511529919
1264,0,0.4539702328405061
1265,0,0.7154387073557846
1266,0,0.4751430062874972
1267,0,0.47827949535928843
1268,0,0.4779868406254834
1269,1,0.7081205581323109
1270,0,0.5862587815947417
1271,1,0.41324775436670136
1272,1,0.6737376735008828
1273,0,0.5676449563666676
1274,0,0.45935510517936073
1275,0,0.44870975985988626
1276,0,0.6773093414969389
1277,0,0.7716109586720347
1278,0,0.3991457976889179
1279,0,0.3562386095332349
1280,0,0.46981269744748894
1281,0,0.34472578171045276
1282,0,0.43870999437748537
1283,1,0.7234782749899388
1284,0,0.32174474362872113
1285,0,0.3452129967993232
1286,0,0.38995602536374185
1287,0,0.6122086797237754
1288,1,0.7586956695114705
1289,1,0.5504865838363152
1290,1,0.3374692946337366
1291,1,0.5718438056263521
1292,0,0.3392806781922755
1293,0,0.6535099379246585
1294,1,0.5923281282675542
1295,0,0.4229930641929417
1296,0,0.386017192001377
1297,1,0.6662975744856062
1298,1,0.3526571095902009
1299,1,0.33715629547486753
1300,1,0.7342018743734797
1301,1,0.724457661541711
1302,1,0.7147915921582653
1303,0,0.3164171718400065
1304,0,0.6457580517356857
1305,0,0.33386690259694984
1306,1,0.42105339473207753
1307,0,0.6959786311490342
1308,1,0.38643208857788663
1309,0,0.37172785169423334
1310,0,0.5081100836893436
1311,1,0.35833878171745026
1312,0,0.4716141167390437
1313,0,0.4947776201821128
1314,0,0.4777034065099218
1315,1,0.7404604132806171
1316,1,0.8054578201830422
1317,1,0.2989418177734199
1318,1,0.7725257006080014
1319,1,0.38176925111879007
1320,1,0.5337921393492167
1321,1,0.6431779775936728
1322,1,0.7243574696687015
1323,1,0.3305846742452599
1324,1,0.4231458368665696
1325,1,0.6688510567899805
1326,0,0.5468794042051676
1327,1,0.467759821063601
1328,1,0.7199123530437134
1329,0,0.35487657799216393
1330,0,0.4034247552510465
1331,0,0.4386401206522995
1332,1,0.7314271481962531
1333,0,0.4697442005036697
1334,1,0.5412037324088638
1335,1,0.3445119038393803
1336,0,0.36369575780751184
1337,1,0.383713870989778
1338,1,0.34810970784587897
1339,0,0.3015694707687444
1340,0,0.5924295353069187
1341,0,0.32065391347606126
1342,1,0.3471717240671261
1343,1,0.5
1344,1,0.6755259856092692
1345,0,0.3801433322869618
1346,0,0.3632168447656185
1347,1,0.5496730570173984
1348,1,0.4786472346167837
1349,1,0.6036260724059639
1350,1,0.7702652011217556
1351,1,0.7991697455885511
1352,1,0.4728692309443582
1353,1,0.34934475426833084
1354,1,0.3389089716904476
1355,1,0.43499071976060943
1356,0,0.3099895779255295
1357,1,0.5643771918090162
1358,1,0.6460196129077354
1359,0,0.45528888299695275
1360,0,0.3446172931092243
1361,1,0.6021500454221589
1362,0,0.30558412292997095
1363,1,0.5163233506407084
1364,1,0.3415232281337068
1365,0,0.6774462438860211
1366,0,0.7207201509457575
1367,1,0.42307201283785995
1368,0,0.5970089568456092
1369,1,0.3202155393014115
1370,1,0.337243734228623
1371,0,0.3159881110764173
1372,0,0.5597395888353599
1373,1,0.7037187266355059
1374,0,0.5406166402184376
1375,0,0.37518470333891907
1376,1,0.4717884916076919
1377,1,0.35340042289994056
1378,1,0.6062810384656412
1379,0,0.3356539587980509
1380,1,0.6302349200865153
1381,0,0.47147759065708134
1382,0,0.3442524186180491
1383,1,0.3586441727805026
1384,0,0.35723864070778194
1385,1,0.47639149751976556
1386,0,0.6915272254164397
1387,0,0.6969410993335033
1388,0,0.5559401196211319
1389,0,0.3141902816190163
1390,1,0.4755853299880104
1391,1,0.6780829206344862
1392,0,0.5
1393,0,0.36858563081603385
1394,1,0.6817734176737422
1395,0,0.3158273286656021
1396,1,0.70179641672889
1397,1,0.6830358262986678
1398,1,0.4645647401341506
1399,0,0.6501519832436383
1400,0,0.34897481083995896
1401,0,0.5990127704096302
1402,0,0.37985864756140597
1403,0,0.34504373280846745
1404,1,0.47739820703735
1405,1,0.3365389899332988
1406,0,0.38329495146881554
1407,0,0.3760428863629483
1408,1,0.3596258779435379
1409,1,0.5733455195658574
1410,1,0.6225040216811063
1411,1,0.7385333443060744
1412,0,0.31581828778164817
1413,1,0.7405749855651432
1414,1,0.36657657185482584
1415,1,0.6503165490636319
1416,1,0.6136602684840976
1417,1,0.38667337529075646
1418,0,0.34958752869918513
1419,0,0.34952982304693747
1420,1,0.37887639555031755
1421,0,0.39399628013250093
1422,1,0.6471993386509124
1423,0,0.4882892271527957
1424,0,0.30931389409520016
1425,0,0.35916180390898694
1426,1,0.5804030837864325
1427,0,0.6402382610787518
1428,0,0.44075125138809956
1429,1,0.6670084285352196
1430,0,0.648047761739503
1431,1,0.38925395914463795
1432,0,0.3535524626762099
1433,0,0.3667080594747975
1434,0,0.4448180123709305
1435,0,0.35437471287444094
1436,0,0.6344752256736955
1437,0,0.3838589270743892
1438,0,0.6668095101019025
1439,1,0.5297565930769543
1440,0,0.4158585992278605
1441,0,0.33581397071175184
1442,0,0.4720317807022685
1443,0,0.43924747484060284
1444,0,0.366309180431131
1445,1,0.4778182113546871
1446,1,0.45606106949480196
1447,1,0.6376314445540658
1448,0,0.3300697486310296
1449,1,0.4464891427247256
1450,1,0.5488089033973286
1451,0,0.3826545623160712
1452,1,0.3219485105762668
1453,1,0.6665939111220293
1454,0,0.42786424683787105
1455,0,0.5991340675348159
1456,0,0.52355011217306
1457,0,0.3404137936723453
1458,1,0.7712956775527636
1459,0,0.39345707324201595
1460,0,0.3002627294119044
1461,0,0.6223108303025379
1462,0,0.6990931488961666
1463,1,0.5657631563166889
1464,0,0.33887866912203096
1465,1,0.45939364606961
1466,0,0.4364485948852957
1467,0,0.3093061742785516
1468,1,0.42013751815163314
1469,0,0.3957726052328402
1470,1,0.3651918044812337
1471,1,0.6967201436030999
1472,1,0.5926323032389075
1473,1,0.4289319259588305
1474,1,0.4911834641524458
1475,0,0.3514076600449331
1476,0,0.4424828788878709
1477,1,0.3306634849618024
1478,0,0.8147213105703779
1479,0,0.4401829597673266
1480,0,0.652496080438647
1481,0,0.5720365087142413
1482,0,0.40096893638087006
1483,0,0.5498538684739005
1484,1,0.7826525533875623
1485,1,0.5562604170130523
1486,1,0.7558595047567425
1487,0,0.35443862542878
1488,0,0.4605616981432419
1489,1,0.33714883701139836
1490,1,0.5474842134058903
1491,0,0.40140768666322985
1492,1,0.5229853803645176
1493,0,0.3771186233073038
1494,1,0.5890848671212976
1495,0,0.7295100813361888
1496,1,0.7455160342933941
1497,0,0.5190656447023174
1498,0,0.5851463744327937
1499,1,0.5679628165738756
1500,1,0.6339766713883382
1501,1,0.7032470800747855
1502,1,0.3820571925667182
1503,1,0.33584167384843827
1504,1,0.34504339905140535
1505,0,0.7994107472562996
1506,0,0.6886108859568848
1507,0,0.594746166956526
1508,0,0.6529919571618106
1509,1,0.7881395719959863
1510,0,0.7056528125689794
1511,0,0.42496478431279006
1512,0,0.6619264105475966
1513,1,0.4738652935491659
1514,0,0.4772357928409837
1515,0,0.3231410417586001
1516,1,0.5465539924299976
1517,0,0.30442091407384453
1518,1,0.728004577516766
1519,0,0.39626765339513115
1520,0,0.34530193875997844
1521,0,0.34838128361604054
1522,0,0.37129890383610087
1523,1,0.3130214447572062
1524,1,0.655538711404795
1525,0,0.34672368264395703
1526,0,0.4031474462955663
1527,1,0.6568159787721743
1528,0,0.5111470336473237
1529,0,0.31997268729444045
1530,1,0.7341026793571205
1531,1,0.6732151534991613
1532,0,0.3402730929709351
1533,1,0.7297220364304023
1534,1,0.3582623787275974
1535,0,0.3857496571553464
1536,1,0.413120034381257
1537,1,0.45367073632764626
1538,1,0.8051573519682913
1539,1,0.5583598509400802
1540,1,0.6004571754836339
1541,1,0.32276340420837835
1542,1,0.700905174290899
1543,1,0.29746606122250896
1544,1,0.4117426457480149
1545,0,0.40677065021493247
1546,1,0.3487985112106346
1547,0,0.36630932549466333
1548,1,0.6638660012991595
1549,0,0.38818717503164285
1550,1,0.6025966262375044
1551,0,0.5372591076973545
1552,1,0.505705853944589
1553,0,0.41940239373658167
1554,1,0.34760625533269396
1555,1,0.5895309604719368
1556,1,0.6460656107685296
1557,0,0.593661553235941
1558,1,0.6883229829549049
1559,0,0.41511000335166837
1560,1,0.6328055787406959
1561,0,0.3201267113639774
1562,0,0.30210534008301454
1563,1,0.5774543854878312
1564,0,0.6620643077243772
1565,0,0.31932252976315756
1566,0,0.516381383054577
1567,1,0.392467302115991
1568,1,0.6980658097138205
1569,0,0.6994725381808113
1570,1,0.3450088952937162
1571,1,0.40883465809664205
1572,0,0.34004090113609636
1573,0,0.4249117279843333
1574,1,0.5155802267755031
1575,0,0.5198955712451477
1576,1,0.5722754182989337
1577,0,0.3010178050369353
1578,1,0.8013911315368931
1579,0,0.7017399556375717
1580,0,0.4708489216860305
1581,1,0.6683945715341678
1582,0,0.5121878334518638
1583,1,0.33832356196692326
1584,0,0.3770426924204957
1585,0,0.5947382929205799
1586,0,0.4481182380159673
1587,1,0.5795601756951628
1588,1,0.7024559327111686
1589,0,0.36914373824921193
1590,1,0.3428073611919472
1591,1,0.8199837583431788
1592,1,0.46090736721525805
1593,1,0.40818425019656307
1594,1,0.6086479057514479
1595,0,0.5869936013275445
1596,1,0.7071656959080371
1597,1,0.7229474414378128
1598,1,0.650767321041872
1599,0,0.36360715174287295
1600,0,0.3180934282966561
1601,1,0.7624962902160104
1602,0,0.37781380030697914
1603,0,0.4772552511968381
1604,1,0.6023676018851271
1605,1,0.6344873156333057
1606,1,0.432059377706323
1607,1,0.5314858302213908
1608,1,0.6809131564611933
1609,0,0.7416033440924561
1610,1,0.3724057092970794
1611,1,0.6769909478879895
1612,0,0.5991532216849813
1613,1,0.7993487272048521
1614,1,0.47699906405254777
1615,0,0.33140665001411224
1616,0,0.4721517808502478
1617,0,0.684638103175593
1618,0,0.3664779101734203
1619,0,0.4858898001936684
1620,0,0.35598430146980414
1621,1,0.6612499982517476
1622,0,0.411146871722689
1623,0,0.3225564418994357
1624,0,0.46920160497305347
1625,0,0.335263636086197
1626,1,0.5193274109833805
1627,0,0.34353172710443325
1628,1,0.4404460991690843
1629,1,0.6912045596886652
1630,1,0.4313923775218153
1631,0,0.48755810946944095
1632,0,0.6484609091891291
1633,0,0.3354475211497379
1634,0,0.30888974101410327
1635,0,0.33352082844742237
1636,0,0.3404785572761993
1637,1,0.33582076753473405
1638,0,0.5546463042510639
1639,0,0.44152618193276594
1640,1,0.36595954959514515
1641,1,0.6704067622339185
1642,1,0.3581205765827424
1643,1,0.6759691367225099
1644,1,0.7653440947404875
1645,1,0.4094016632900585
1646,0,0.3589760732244086
1647,1,0.7075720460006476
1648,1,0.6473442785066047
1649,1,0.7484522167936392
1650,1,0.5054082721199923
1651,1,0.5978882351475078
1652,1,0.6257786902697118
1653,0,0.4243841808864081
1654,1,0.7015199886147385
1655,0,0.32081647670642954
1656,0,0.3615499629356357
1657,0,0.4464598780457821
1658,0,0.32910141576721774
1659,0,0.3492633782739964
1660,1,0.4235647734572824
1661,1,0.4775085738151266
1662,1,0.6024680492031994
1663,1,0.379521032732358
1664,1,0.4383416358392988
1665,1,0.6949991236771309
1666,0,0.362611081900243
1667,0,0.49076045804174206
1668,0,0.7011998939722602
1669,1,0.6595489016834293
1670,1,0.5765143926737902
1671,1,0.7983828508090169
1672,1,0.7034851921619559
1673,1,0.6844624961006471
1674,1,0.7592126017934134
1675,1,0.6232213917950657
1676,0,0.3020544470803476
1677,1,0.8158280226867543
1678,1,0.4384522869422932
1679,1,0.3377296881099406
1680,1,0.5705089224573895
1681,1,0.6948054719364997
1682,1,0.7199486282423249
1683,0,0.330816201397615
1684,1,0.3935470600905549
1685,1,0.6636016811772701
1686,1,0.535204750954906
1687,1,0.7208960298440399
1688,1,0.42059826768858594
1689,1,0.7598044733145326
1690,1,0.64722318056315
1691,0,0.33117845200516133
1692,1,0.7865097154427421
1693,0,0.3401765180551448
1694,1,0.5750012615486488
1695,1,0.6121776737694403
1696,1,0.6940401555798826
1697,0,0.40139935380413144
1698,0,0.3518712064841345
1699,1,0.5219456503964126
1700,0,0.3286661979233016
1701,1,0.3552607856014025
1702,0,0.30895934517495055
1703,0,0.6895232816408149
1704,1,0.5952906284747408
1705,1,0.6439763392623071
1706,0,0.427332067246704
1707,1,0.6716998465727423
1708,1,0.34368789586424053
1709,0,0.4557879231420648
1710,0,0.5090398571625111
1711,0,0.3645868635416632
1712,1,0.6727815437763301
1713,1,0.46449820068346315
1714,0,0.619150291489614
1715,1,0.6534654975950206
1716,1,0.6757696468536086
1717,0,0.3691852649930845
1718,1,0.5955383605537324
1719,1,0.7013757008942633
1720,1,0.6543303063633744
1721,1,0.36498561775621036
1722,0,0.3082605341982407
1723,0,0.36047233874224105
1724,0,0.4467890088115838
1725,1,0.39813148146274197
1726,0,0.3070154973768566
1727,0,0.38685469753030705
1728,1,0.7451166811801615
1729,0,0.3042946159945461
1730,1,0.4573396874218001
1731,1,0.32977366832850674
1732,0,0.33145448037954983
1733,0,0.3679723179921022
1734,1,0.7383853928224865
1735,1,0.4134007623856803
1736,1,0.5800170200014776
1737,1,0.45904326389600425
1738,1,0.6348080628602438
1739,0,0.5598959308093037
1740,1,0.5090354846919463
1741,1,0.5982025532373858
1742,1,0.4881484559490944
1743,1,0.7201894139536399
1744,0,0.3357697916729132
1745,0,0.37723594570328534
1746,0,0.3719238198243291
1747,1,0.4111026377992904
1748,0,0.3375135372204655
1749,1,0.6255392808350138
1750,1,0.5257602035168581
1751,0,0.39378995162598157
1752,0,0.3146182133727624
1753,0,0.6100480268661228
1754,0,0.4382849059724685
1755,0,0.3768532038426949
1756,1,0.7463772719229641
1757,0,0.7190014056581209
1758,1,0.6187974219622234
1759,0,0.6518915534759347
1760,1,0.6958375755938396
1761,0,0.6984209427355322
1762,0,0.36095335553663954
1763,1,0.33309968171193466
1764,0,0.3406241111012996
1765,0,0.3404014800121489
1766,1,0.38146172816015256
1767,1,0.2983995514832285
1768,1,0.5946991154500414
1769,1,0.6398264440406265
1770,0,0.5668051577992153
1771,0,0.40922509155852704
1772,1,0.42710043983302426
1773,0,0.35180795648395163
1774,1,0.7087066579592061
1775,0,0.66965606888275
1776,1,0.44518133711681573
1777,1,0.3912436912467863
1778,0,0.34856346182591946
1779,1,0.39725997331991597
1780,1,0.43760414240865403
1781,0,0.5207437101158265
1782,0,0.3369563658226214
1783,0,0.3546367158973745
1784,1,0.5325863072358255
1785,1,0.3408377821882163
1786,1,0.7392796245926708
1787,1,0.7413601311896137
1788,1,0.7254354882745002
1789,0,0.33828019459342845
1790,1,0.5467634199584296
1791,0,0.31845755392859965
1792,0,0.33087553810327053
1793,1,0.38036392374948974
1794,0,0.4902769714122476
1795,1,0.7094635333569139
1796,1,0.4222495658894602
1797,1,0.7482746492930017
1798,1,0.39969806359061527
1799,0,0.3378960287475196
1800,0,0.4605646620332795
1801,1,0.3302080263266916
1802,1,0.43817171702901275
1803,1,0.7236105261202378
1804,0,0.5
1805,0,0.59113128451028
1806,0,0.49253306452997575
1807,0,0.33514659048216083
1808,1,0.3018558982643674
1809,1,0.454525386962263
1810,0,0.6945679217802974
1811,1,0.4696462323919127
1812,0,0.5582322661981401
1813,0,0.3287623741123564
1814,0,0.3737650371515082
1815,1,0.5
1816,1,0.4938118163598697
1817,0,0.5835865691820551
1818,1,0.4278314930633127
1819,0,0.33386995871785935
1820,0,0.44549799472540946
1821,1,0.6641275249925999
1822,1,0.5584238427982319
1823,0,0.47358258696811295
1824,0,0.35479566262466744
1825,1,0.7086750174960625
1826,0,0.3278414326913529
1827,1,0.5731073842744113
1828,1,0.5790242990891659
1829,0,0.5959917112079348
1830,0,0.36980594915417764
1831,0,0.5468635958360177
1832,0,0.4136199615605977
1833,0,0.6146091619907059
1834,1,0.44295053262546097
1835,0,0.34359278660531434
1836,1,0.6777524473016956
1837,0,0.6063222798142888
1838,0,0.3413198465835008
1839,1,0.5233106710723247
1840,1,0.6283430257054956
1841,1,0.6685496795815415
1842,0,0.3132839836174273
1843,1,0.7373647133895777
1844,0,0.5416041048454353
1845,0,0.567537330973295
1846,1,0.5
1847,1,0.3641150777734532
1848,1,0.6580570141001592
1849,0,0.5
1850,0,0.4676420979047037
1851,1,0.6632219176425713
1852,1,0.5314647613635102
1853,1,0.7502595641781465
1854,0,0.36980520878069856
1855,1,0.6775898989160465
1856,1,0.3404630018988645
1857,1,0.6737799479745058
1858,1,0.30674535522483426
1859,0,0.4948631258458481
1860,1,0.7091458559830206
1861,1,0.7637528017575941
1862,1,0.7226931625992308
1863,0,0.42139888896586986
1864,0,0.7022841496701445
1865,1,0.33981869945645565
1866,1,0.6959704049611902
1867,0,0.48430782756500057
1868,0,0.39032198910193916
1869,1,0.4248055637511219
1870,0,0.5966056903646745
1871,0,0.5397918850732483
1872,0,0.5987857089753414
1873,0,0.6257889059259567
1874,1,0.7715815053902998
1875,1,0.3720569260261742
1876,0,0.6919204963845281
1877,0,0.7490908515073497
1878,0,0.3348466198363562
1879,0,0.43213910102733255
1880,1,0.5546709868063057
1881,0,0.44905412879894396
1882,0,0.30201091140965763
1883,1,0.38375522489959807
1884,0,0.40263331122828394
1885,0,0.45548762859610525
1886,1,0.4584388704917398
1887,1,0.33006641810584564
1888,0,0.36035808328777374
1889,0,0.43756263974778575
1890,1,0.7447395925765927
1891,0,0.3765072118557917
1892,1,0.37161029392647205
1893,0,0.7728464970622229
1894,0,0.7433834699230248
1895,0,0.3076129201299267
1896,1,0.34910530215302243
1897,1,0.448652230249558
1898,1,0.38314395463705536
1899,0,0.3182232013868323
1900,1,0.6458310271151844
1901,0,0.6039086058560312
1902,1,0.5356683566029165
1903,1,0.3395256850261999
1904,0,0.3553865590423644
1905,0,0.3138550668879234
1906,1,0.4396432682348081
1907,1,0.5347057495866686
1908,1,0.31304078795168266
1909,0,0.3528582346362428
1910,1,0.6600453330944464
1911,1,0.4375996914842875
1912,1,0.7205782108096419
1913,0,0.34431677348431217
1914,0,0.35496384728472646
1915,0,0.4004329111089083
1916,1,0.34976878900426933
1917,1,0.683944953722066
1918,0,0.7086111245924127
1919,1,0.6533721361756768
1920,0,0.45565723319712514
1921,1,0.41439719609749753
1922,1,0.39579082839663704
1923,1,0.4662390877520074
1924,0,0.3666617219913529
1925,1,0.46909991726492734
1926,1,0.6754461139829182
1927,1,0.6227339085589453
1928,0,0.6482479715312385
1929,1,0.7385457865308466
1930,1,0.7502972329895444
1931,1,0.334494767200785
1932,0,0.3922060225394071
1933,1,0.3790103728988903
1934,1,0.7416654351166582
1935,0,0.5441332926307507
1936,0,0.6787375509196674
1937,0,0.5183642102048418
1938,1,0.703672295641027
1939,1,0.43013752364659774
1940,0,0.36393636146267944
1941,0,0.3106462987970196
1942,0,0.6505254692974448
1943,0,0.717369144724666
1944,0,0.6280269930511364
1945,0,0.38090441711613143
1946,1,0.3199749136946836
1947,1,0.7114033660045186
1948,0,0.6397075467444914
1949,1,0.47612251228479047
1950,0,0.7067867229615389
1951,0,0.5390642159312817
1952,0,0.3803537918804499
1953,0,0.6089130310860799
1954,0,0.36517451317578253
1955,1,0.40573500892793146
1956,1,0.4930872085376104
1957,0,0.6449766719443071
1958,1,0.37995667299798813
1959,0,0.7247948095472513
1960,1,0.6233230486652441
1961,0,0.3582714034392855
1962,0,0.7254867066987745
1963,0,0.6014504014046704
1964,0,0.30359412595564544
1965,0,0.3324262796124448
1966,0,0.3976621341567423
1967,1,0.38487024248728147
1968,0,0.46119551570967865
1969,0,0.40452572671202774
1970,0,0.34590392529804653
1971,1,0.7049385171525073
1972,1,0.6323116192812357
1973,0,0.3769487490461965
1974,1,0.521903298291227
1975,1,0.4246818100365859
1976,0,0.31739374647334645
1977,0,0.39364064265671556
1978,0,0.3834677441643424
1979,0,0.5202313517612777
1980,1,0.7137000554161133
1981,1,0.5582549747197895
1982,0,0.35719332331907483
1983,0,0.33566290870771404
1984,1,0.7718527820717538
1985,0,0.3609098056776451
1986,1,0.31315449366232395
1987,0,0.37458878465422124
1988,1,0.695408677557387
1989,1,0.732425050372381
1990,1,0.4846025973695213
1991,1,0.3282123566100119
1992,0,0.36206279739503305
1993,0,0.5757832707145656
1994,1,0.3602835289139329
1995,0,0.544616253053007
1996,0,0.7203519662864895
1997,0,0.3317677012852333
1998,1,0.3515051406989454
1999,0,0.3196059564591356
2000,0,0.309482950313547
2001,0,0.5879594664968506
2002,0,0.41660951391626433
2003,0,0.4112006268003834
2004,0,0.34207555605181467
2005,0,0.4341822135592627
2006,0,0.3844098724933244
2007,1,0.5656133738667111
2008,0,0.3193306249940422
2009,0,0.33407821297984674
2010,0,0.40016522787333014
2011,1,0.44976526715799486
2012,0,0.3437587710331701
2013,0,0.4347053898816237
2014,1,0.5609527919204943
2015,0,0.5992883515715474
2016,1,0.46706609362514334
2017,0,0.4644977816420436
2018,1,0.3303893040102682
2019,0,0.5206249366612109
2020,0,0.4240722709999635
2021,1,0.5375662463647902
2022,0,0.3794341497262458
2023,0,0.31670339946738874
2024,1,0.35729158649895026
2025,1,0.5550447929324246
2026,1,0.720057161387399
2027,1,0.701698922621297
2028,1,0.3686342448246839
2029,1,0.4713769499233219
2030,1,0.5223604247292831
2031,0,0.5328910750147446
2032,1,0.6812141826246085
2033,1,0.4165518457171672
2034,1,0.6957708672762398
2035,0,0.4729973920332806
2036,0,0.6559893845921919
2037,1,0.37031549453595924
2038,0,0.4436391934347826
2039,0,0.3186752945092214
2040,1,0.36705604475861775
2041,1,0.534115043277144
2042,1,0.3289901181599007
2043,0,0.6679071483084552
2044,0,0.48174094374902116
2045,0,0.3522174010727852
2046,0,0.33837048147142945
2047,0,0.3533880440143162
2048,0,0.6456927494838024
2049,0,0.3341699594122617
2050,1,0.6798365587159381
2051,0,0.5
2052,0,0.5756591378923552
2053,1,0.4184344893749094
2054,1,0.613934167705827
2055,0,0.48792544427324486
2056,1,0.6114952047372731
2057,1,0.7458912193144421
2058,1,0.3893750164796342
2059,0,0.3073652908087355
2060,0,0.5235670574798655
2061,0,0.31670594475689395
2062,1,0.7658650381602814
2063,1,0.3848338186388398
2064,0,0.6542777396794865
2065,0,0.7012654649791544
2066,0,0.42388841597363514
2067,1,0.3317568748753573
2068,1,0.4831710765584402
2069,0,0.411799417142487
2070,0,0.7388312085215184
2071,0,0.3196615422182837
2072,1,0.6822074411425664
2073,1,0.5
2074,0,0.4200849937883332
2075,0,0.39362949451605805
2076,1,0.3350612365870701
2077,1,0.6597105415421007
2078,0,0.3279474330468789
2079,1,0.4286650557500693
2080,1,0.38833803456732696
2081,1,0.45907082671413685
2082,0,0.5107595261299915
2083,0,0.33641416785302575
2084,0,0.5182110640636107
2085,1,0.6620908122163984
2086,1,0.6524267436478055
2087,1,0.3357854084029758
2088,1,0.40400577913943386
2089,1,0.3853919301026762
2090,0,0.5337372713997698
2091,0,0.5215244770061643
2092,0,0.3175111297880453
2093,1,0.6408391111189803
2094,1,0.3650538402367467
2095,1,0.41535438758714344
2096,0,0.44530923394082006
2097,0,0.3950813068441545
2098,0,0.40794060397747756
2099,0,0.34055789042265794
2100,1,0.5489924229682159
2101,1,0.35393484997522406
2102,0,0.64468806322794
2103,0,0.5499842124400072
2104,0,0.40220321355421934
2105,1,0.3807838648620376
2106,1,0.38039175236233524
2107,0,0.35360645874275753
2108,1,0.3052589475034408
2109,1,0.35872147126320186
2110,0,0.5813279058252013
2111,0,0.4438861424478548
2112,0,0.49028856967017864
2113,1,0.517758691248311
2114,1,0.4198245749154249
2115,1,0.35459969391383384
2116,1,0.7700224676321552
2117,1,0.7716797551840513
2118,0,0.6138084665168059
2119,0,0.41139149966775884
2120,0,0.3282628179577009
2121,0,0.4510261737244697
2122,0,0.4482992350306482
2123,0,0.3295526994775066
2124,1,0.5115702015836282
2125,1,0.7518856661289647
2126,0,0.4251822185624215
2127,1,0.6527906085555754
2128,1,0.7047350480527664
2129,1,0.7228875189998551
2130,1,0.6365161561497378
2131,1,0.7158344171055558
2132,1,0.4773698588265515
2133,1,0.4464759345490445
2134,1,0.4046113481458018
2135,1,0.5822775501525426
2136,0,0.462397709475031
2137,0,0.329116359775846
2138,0,0.3474084741975691
2139,1,0.3535753703753569
2140,1,0.3306773086327535
2141,0,0.33290762750460695
2142,1,0.5828126834541149
2143,0,0.5106497804730842
2144,0,0.6653096254440484
2145,1,0.6894429095508486
2146,1,0.39588508566907693
2147,0,0.2993355863131224
2148,1,0.723936315908569
2149,1,0.6451824444993407
2150,0,0.3135108935480636
2151,0,0.4519641228557954
2152,1,0.4171317702470195
2153,1,0.3815975258376758
2154,0,0.694811780092011
2155,0,0.3180793183568757
2156,0,0.3322772000081081
2157,1,0.6929820629877881
2158,1,0.559619995345031
2159,1,0.3672515814086391
2160,0,0.35305920653379336
2161,1,0.4791880877038025
2162,0,0.6775659777993525
2163,1,0.7075186509282005
2164,0,0.34631349936000544
2165,0,0.3850360073196112
2166,0,0.3939860761284704
2167,0,0.471442503946601
2168,1,0.6792290599348515
2169,0,0.4519066230411163
2170,1,0.5620627910299056
2171,1,0.5968771087287367
2172,0,0.4313723087641329
2173,0,0.5
2174,1,0.38173234217057694
2175,0,0.6796034662211176
2176,0,0.8014195673636773
2177,1,0.7155328224388648
2178,0,0.534278469624327
2179,0,0.4260066919846583
2180,0,0.4141635512854446
2181,1,0.5443325127337266
2182,1,0.7140675681821264
2183,1,0.6692566386663522
2184,0,0.3374316081929697
2185,0,0.5
2186,1,0.4161641466698057
2187,1,0.47663512220608384
2188,0,0.37975412237878436
2189,1,0.3327297468456867
2190,1,0.3976845317424193
2191,1,0.3501125010296956
2192,1,0.5250845798909524
2193,1,0.43941311753794465
2194,1,0.4540287966837159
2195,0,0.3311065970126813
2196,1,0.660742372603696
2197,0,0.35530653602965434
2198,0,0.5248802625475443
2199,1,0.36550076561034023
2200,0,0.3628479937533566
2201,1,0.6207624862877347
2202,1,0.6402161033157697
2203,0,0.43609403722770435
2204,0,0.744883883230479
2205,1,0.7095662912918734
2206,0,0.5398179428178758
2207,1,0.6742423234287217
2208,0,0.35057276696467893
2209,1,0.5807536298514425
2210,0,0.5843743545466283
2211,1,0.693791084458374
2212,1,0.678633553585076
2213,1,0.321167264196801
2214,1,0.5799144928002082
2215,0,0.40789965199932465
2216,0,0.44498314875720013
2217,1,0.6364352623974512
2218,0,0.3497926243409684
2219,1,0.3771893785321333
2220,0,0.40473139474694947
2221,1,0.6275954157569517
2222,1,0.3713332553846213
2223,0,0.7514762640534387
2224,1,0.4214481088579103
2225,0,0.3630650478992744
2226,0,0.3768116244209808
2227,1,0.361410043161389
2228,0,0.32924300046856253
2229,0,0.5831178839061371
2230,0,0.43911843075828727
2231,0,0.36078247470403274
2232,1,0.39607679790812933
2233,0,0.5419939182749439
2234,0,0.36222303894707747
2235,1,0.6067890842328373
2236,0,0.48051402196258536
2237,0,0.36834429565869264
2238,1,0.3497320054280784
2239,1,0.6938590107849765
2240,0,0.44213256365521125
2241,0,0.34861565198470273
2242,0,0.34604513229286654
2243,1,0.6868322869831411
2244,1,0.645033388057027
2245,1,0.7235166031953526
2246,1,0.6689316311309065
2247,1,0.7618560817623199
2248,0,0.3431435816901078
2249,1,0.4837559655838896
2250,0,0.31616812867899935
2251,1,0.3661657985383193
2252,1,0.35235487549227645
2253,0,0.5451475881239827
2254,0,0.43688944083230724
2255,1,0.34093417662700065
2256,0,0.44378760278565893
2257,0,0.32992284918887427
2258,0,0.2963434167165394
2259,1,0.5452107818522975
2260,1,0.5
2261,0,0.7083341269467537
2262,0,0.3450874685781935
2263,0,0.4522732928456252
2264,0,0.4130627671138183
2265,1,0.38252012522512857
2266,0,0.542138513225215
2267,1,0.8421130904122722
2268,0,0.35446941979442326
2269,1,0.7701842426349867
2270,0,0.3699799488862256
2271,0,0.36717684958701985
2272,0,0.41774717226841607
2273,0,0.35311315397267534
2274,0,0.6446379636780819
2275,1,0.6284654533649997
2276,0,0.4826508004240665
2277,1,0.5901096323186066
2278,0,0.4533703330231912
2279,0,0.32114725838783414
2280,0,0.6328975675536634
2281,1,0.3322218016279321
2282,0,0.32752449218874863
2283,1,0.6847892591637474
2284,0,0.29644420881092115
2285,0,0.4075263607260205
2286,1,0.568218912065333
2287,1,0.5448666823464795
2288,0,0.35248978684564547
2289,1,0.3708785606441739
2290,0,0.33631817830475147
2291,0,0.3215474607058547
2292,1,0.43313668075104794
2293,0,0.31564856295333943
2294,0,0.4100500743195908
2295,1,0.6704464085837022
2296,0,0.6446605979473707
2297,1,0.46216165098614387
2298,1,0.6630845261519944
2299,0,0.33630020249143616
2300,1,0.44774453966814615
2301,1,0.4111946566385177
2302,1,0.535749914967194
2303,1,0.4404916014501501
2304,0,0.7666015725028433
2305,1,0.4698803288687884
2306,0,0.5778219885007634
2307,1,0.37224392458208844
2308,0,0.31688066724169844
2309,0,0.3890268701106225
2310,0,0.3939909946637432
2311,0,0.3441152190398174
2312,1,0.37120747445114743
2313,0,0.5829894434581363
2314,0,0.3592450312768038
2315,0,0.36167787724550454
2316,1,0.5235233465844473
2317,1,0.5
2318,1,0.4789609768529542
2319,1,0.7580320916017184
2320,1,0.4638115329835938
2321,0,0.47766480336197564
2322,1,0.6789055355491338
2323,0,0.32193210897059643
2324,0,0.4564607113961374
2325,0,0.3664640198636313
2326,0,0.7865775547187459
2327,0,0.7288150667939045
2328,0,0.31700582834810703
2329,1,0.7450365310854281
2330,0,0.7183267580402372
2331,0,0.3280159140454363
2332,1,0.6786592554893085
2333,1,0.700647072843859
2334,0,0.30846768493434934
2335,1,0.3880290788498021
2336,0,0.31812440082649196
2337,1,0.4141374119827863
2338,1,0.7230185928938857
2339,0,0.3493218451057247
2340,1,0.5238099505903988
2341,0,0.41749674223575695
2342,1,0.6746821900250979
2343,1,0.5244538442555914
2344,0,0.5625641882722949
2345,0,0.3419441902260136
2346,1,0.47159896785688704
2347,1,0.7032048487882491
2348,0,0.35823683843383197
2349,1,0.742698598387138
2350,0,0.72752920122759
2351,0,0.37093493822678725
2352,0,0.35505748998067427
2353,1,0.34266749263899027
2354,1,0.802863242278982
2355,0,0.6569521544213187
2356,0,0.320016800194702
2357,0,0.4934073691269922
2358,1,0.44363047787150556
2359,1,0.6385545920042291
2360,0,0.5593153352542932
2361,0,0.5527378146886939
2362,1,0.5191394943808231
2363,1,0.7968698811166404
2364,0,0.7303650143723571
2365,1,0.6027392441482923
2366,1,0.48783000984307634
2367,1,0.5
2368,1,0.5914325594488834
2369,0,0.3870307092763603
2370,0,0.5889150308586472
2371,0,0.36153889318511195
2372,1,0.6281721263440834
2373,1,0.5278087798050217
2374,1,0.598027771199606
2375,1,0.6273100688589266
2376,1,0.8126257468342329
2377,1,0.731179090412095
2378,0,0.41900238149718894
2379,0,0.35422503297073527
2380,0,0.37790378055221124
2381,1,0.6201711962665026
2382,0,0.6271610548056041
2383,0,0.6076242874207044
2384,1,0.5
2385,1,0.7073276246285171
2386,0,0.3587249832068722
2387,0,0.36904566265992567
2388,0,0.645259545836003
2389,1,0.3510872094540795
2390,0,0.36051560889591444
2391,0,0.3557483521553793
2392,1,0.3223281007124358
2393,0,0.39211368385198775
2394,1,0.6571458123698284
2395,0,0.3914506069718972
2396,0,0.3504027878897494
2397,1,0.42653720249958804
2398,0,0.46046532769635906
2399,0,0.512919005896213
2400,0,0.3451031519569986
2401,1,0.7156720968133721
2402,0,0.403076123087533
2403,1,0.38850329491295127
2404,0,0.3784455345681223
2405,0,0.7275601497697138
2406,0,0.36823833702613595
2407,1,0.5698508135004783
2408,0,0.31539160721209886
2409,1,0.5092565819447307
2410,0,0.33152562011310166
2411,1,0.5805194632912328
2412,1,0.6502891114214503
2413,1,0.7076353374370288
2414,1,0.379025066204343
2415,0,0.34073103250755327
2416,1,0.5850123837316933
2417,0,0.4079717399671344
2418,0,0.6085568237399319
2419,1,0.30933398555274505
2420,0,0.44865982601131205
2421,1,0.7268447100738986
2422,1,0.6479267804973314
2423,1,0.41080707036375064
2424,1,0.6470924383599798
2425,1,0.6748535216933955
2426,1,0.4499343348538903
2427,0,0.41510586578180225
2428,1,0.39939330605023154
2429,1,0.5583037666928959
2430,0,0.4651400433344368
2431,0,0.35290241389358706
2432,1,0.5051124699863121
2433,0,0.38440424032986814
2434,0,0.46729618343852625
2435,0,0.5662745813729926
2436,1,0.5288331419907212
2437,1,0.3930787718586652
2438,1,0.7052255277622714
2439,1,0.7045839679952155
2440,1,0.7162319846429029
2441,0,0.5993518020210287
2442,0,0.3336381226081767
2443,1,0.740764539967766
2444,0,0.4046249228539303
2445,1,0.40805425464395906
2446,0,0.42061416316305505
2447,0,0.765790151458712
2448,1,0.41899090815479445
2449,1,0.6455438189714623
2450,0,0.5698937276958501
2451,0,0.3574897950514104
2452,1,0.8051242556641837
2453,1,0.3910874585722784
2454,1,0.43061376528625733
2455,1,0.6760924901359745
2456,0,0.35404809106560964
2457,1,0.3572211989745951
2458,1,0.35605690703452103
2459,0,0.36521168132066
2460,1,0.5818873928672391
2461,1,0.47580332199598335
2462,1,0.5207072495200692
2463,0,0.37379665294151554
2464,1,0.5483386911344369
2465,1,0.7668670202192847
2466,1,0.5304912664324628
2467,0,0.30559549042032513
2468,1,0.6081983040870083
2469,0,0.3344355282931912
2470,1,0.6784304163834618
2471,1,0.6505177526082684
2472,1,0.4901960736809093
2473,1,0.36587360672444047
2474,1,0.6143603695773759
2475,1,0.4074870509665197
2476,0,0.3921149012209577
2477,1,0.5
2478,1,0.6339561773686946
2479,1,0.7011514894428998
2480,1,0.3222281636013129
2481,1,0.33336694731520017
2482,1,0.48151609730492967
2483,1,0.41177140041957266
2484,1,0.358526511568656
2485,0,0.5
2486,0,0.46732615454953963
2487,1,0.537565524908196
2488,0,0.47742429493571575
2489,0,0.35222545545879563
2490,0,0.29979650990794665
2491,1,0.527643090512135
2492,0,0.39246561549773984
2493,1,0.6668727036952316
2494,1,0.5836713063151974
2495,0,0.321029689413805
2496,0,0.3610683656601615
2497,1,0.6338352785858145
2498,0,0.329421928993117
2499,0,0.6474447674301232
2500,0,0.35508158833722187
2501,1,0.40538511958250034
2502,1,0.6697153928942756
2503,1,0.6454062206066048
2504,0,0.3489728264118493
2505,1,0.5798198982791642
2506,1,0.7038644477835799
2507,0,0.6031497299585485
2508,1,0.42264246039452213
2509,1,0.7108661547399445
2510,0,0.5855077257628261
2511,0,0.31934765096477635
2512,1,0.448021332393912
2513,0,0.6789326793496603
2514,0,0.3385050421383848
2515,0,0.34722963716700944
2516,0,0.6135265113840878
2517,1,0.48962803204492383
2518,1,0.5093885953873283
2519,0,0.33345415342320794
2520,1,0.733620895733295
2521,1,0.7135468433713495
2522,1,0.40181816911094814
2523,0,0.49480334417544936
2524,0,0.34018901665259055
2525,0,0.39457799637430047
2526,0,0.38707031477894566
2527,0,0.37106612371361924
2528,0,0.4672982592427957
2529,0,0.3222943834180236
2530,0,0.6835891391879014
2531,1,0.34538338603887997
2532,1,0.6942828288553131
2533,1,0.40297755213645753
2534,1,0.7804835665686182
2535,0,0.39942901507016915
2536,0,0.35084954720126865
2537,0,0.38312465446996197
2538,0,0.31999561864314074
2539,0,0.3716068908906503
2540,1,0.7667453416892813
2541,1,0.7305864528180452
2542,0,0.3505474710379869
2543,1,0.6760197446494766
2544,0,0.4207137389572954
2545,1,0.48205391640642437
2546,0,0.536790606667897
2547,0,0.44127697100956265
2548,1,0.7046119025327494
2549,1,0.6202351745736495
2550,0,0.515119758086971
2551,0,0.42024121466840836
2552,1,0.7419068199682792
2553,0,0.4438599730713544
2554,1,0.6595797063748624
2555,1,0.7059728060087511
2556,0,0.34384074749351096
2557,1,0.4039215281548547
2558,1,0.8129190136687088
2559,0,0.48049267257613043
2560,0,0.6384018071957615
2561,0,0.3771702943612185
2562,1,0.7354720081636633
2563,1,0.7385131918913939
2564,1,0.48824980433211196
2565,0,0.6119160819032512
2566,1,0.4207784338466608
2567,0,0.43540690193385384
2568,0,0.561708428050408
2569,1,0.7230040553385135
2570,0,0.3645656993408258
2571,1,0.6602865535951402
2572,1,0.6597585445730487
2573,0,0.5793945234284489
2574,0,0.6938103559694323
2575,0,0.3153802881115727
2576,0,0.3057353298856077
2577,0,0.3588081028662688
2578,0,0.3310466876142262
2579,0,0.7031117618176503
2580,1,0.7318212809870704
2581,0,0.5146302356952326
2582,0,0.3171734627236273
2583,0,0.5172535658118447
2584,0,0.3512620183668829
2585,0,0.34125767344964764
2586,0,0.5804202939446367
2587,0,0.7160293142968402
2588,0,0.3475007355952103
2589,0,0.33483999336520337
2590,1,0.7162250882066091
2591,1,0.7549559069547909
2592,1,0.5054850307483177
2593,0,0.6365153123552372
2594,0,0.7376476889919258
2595,0,0.4639740946285287
2596,1,0.49463382127146793
2597,1,0.7814107282072545
2598,1,0.7710592500744285
2599,0,0.3289551770423785
2600,1,0.36745583765228884
2601,1,0.5361823415210208
2602,0,0.4779485280341862
2603,1,0.453833709962947
2604,1,0.320648012981955
2605,1,0.5
2606,0,0.33705793963636055
2607,1,0.3313877552897921
2608,1,0.7738537225979616
2609,0,0.383487148336317
2610,0,0.6692973692938093
2611,0,0.5626984536626835
2612,1,0.526500715211322
2613,1,0.3674163523361334
2614,0,0.3483377717857927
2615,1,0.681947874379239
2616,0,0.34057608421502067
2617,0,0.38290503240462087
2618,0,0.46805852365059997
2619,1,0.5733723521019389
2620,1,0.3610895070339948
2621,0,0.3629519693271996
2622,0,0.3392874468553109
2623,0,0.6917997972240282
2624,1,0.3688987929059521
2625,1,0.7546085377855553
2626,0,0.35958446123625826
2627,1,0.38568910142917534
2628,0,0.4063210972687594
2629,1,0.5874091154645539
2630,0,0.5
2631,1,0.4332662699494304
2632,1,0.5872800737842874
2633,0,0.46904481208286536
2634,0,0.3201659960613004
2635,0,0.4022295167848679
2636,1,0.6516556013881005
2637,1,0.2987820987295799
2638,1,0.38899787173496936
2639,1,0.7127879502855902
2640,0,0.4622815836539931
2641,1,0.6841598547655998
2642,1,0.6098763371382273
2643,1,0.4497529210257077
2644,0,0.6985981326164351
2645,0,0.7878670324127679
2646,0,0.40276835543576694
2647,0,0.5799193810213702
2648,1,0.6625162330124716
2649,0,0.3488249923091318
2650,1,0.677263793128694
2651,1,0.6733673165871871
2652,0,0.39216710928536697
2653,0,0.34459858253397857
2654,1,0.665112070051208
2655,1,0.32775066963363325
2656,0,0.7211439175701546
2657,1,0.5781686609655342
2658,1,0.5
2659,1,0.34044641670194803
2660,1,0.3295975868897107
2661,1,0.5779118942137355
2662,0,0.5
2663,0,0.5
2664,1,0.3900790445457449
2665,1,0.436749188216932
2666,1,0.725646744076276
2667,0,0.31984256572753733
2668,1,0.5599719472420802
2669,1,0.5
2670,0,0.4202853943805614
2671,0,0.5984490791187767
2672,1,0.5056775255593812
2673,1,0.6233715109097717
2674,0,0.5
2675,1,0.7771519605535716
2676,0,0.46243705374327915
2677,1,0.7735688536017765
2678,1,0.3583247445731212
2679,1,0.33123970365776606
2680,0,0.6645952818838795
2681,1,0.4821223922592662
2682,1,0.32995146818126087
2683,1,0.7937520966379801
2684,1,0.30995677989688086
2685,1,0.707469525465855
2686,1,0.833682452338067
2687,1,0.3397055320505405
2688,1,0.6043391485882975
2689,0,0.5
2690,1,0.6270797840768648
2691,1,0.32166303158792486
2692,0,0.4326035972556617
2693,0,0.3230315052375231
2694,1,0.36710527425648287
2695,1,0.7542287697598424
2696,1,0.38042976759340164
2697,1,0.3989538229007546
2698,0,0.4619125544415409
2699,0,0.6365039096377213
2700,0,0.5676433871670523
2701,1,0.7758524425576778
2702,1,0.3432020902058068
2703,1,0.632900107523219
2704,1,0.5133153993836004
2705,1,0.4896367274497536
2706,0,0.6055280335134299
2707,0,0.3931620516229741
2708,1,0.7624682306084706
2709,0,0.39398803400407667
2710,1,0.349367386247415
2711,1,0.4159803885211954
2712,1,0.7540796125294836
2713,0,0.7255194598973399
2714,0,0.6328397701768639
2715,0,0.45663238321813027
2716,1,0.3181236788997138
2717,1,0.32847263752193767
2718,0,0.7148940106687499
2719,0,0.6682136541169406
2720,1,0.5948456323860827
2721,1,0.36055197021713664
2722,0,0.6890314125018411
2723,1,0.5741549793312083
2724,0,0.3336108020387267
2725,0,0.32160750194767207
2726,1,0.6241101256556955
2727,1,0.35051354099953097
2728,1,0.3148452005104575
2729,1,0.8413218811819768
2730,0,0.4061219772287626
2731,1,0.34598492535491376
2732,0,0.7770877534563657
2733,0,0.3915824267384466
2734,0,0.3344274285167848
2735,1,0.3155172612168773
2736,1,0.3102159960259605
2737,1,0.33646156392150095
2738,1,0.48392114863930197
2739,0,0.3680394253206298
2740,1,0.7999318595026285
2741,1,0.3809600563099626
2742,0,0.5119658503211877
2743,0,0.5756573735951516
2744,1,0.6567406605686857
2745,1,0.8076783240221432
2746,1,0.3488534430363397
2747,1,0.5556454786078475
2748,1,0.700187274088816
2749,1,0.4469605210538021
2750,1,0.45738989207435865
2751,0,0.4751292395488661
2752,1,0.6553713074482694
2753,1,0.4767747874611811
2754,1,0.3592270435710365
2755,1,0.6657105357505769
2756,1,0.3568174718198357
2757,1,0.409018306516249
2758,0,0.3432194431070664
2759,0,0.547476974234442
2760,0,0.3898214935105287
2761,1,0.5092458752390411
2762,0,0.494390951526809
2763,1,0.6481072036057733
2764,0,0.6434903026427469
2765,0,0.48246472212197344
2766,0,0.48705697738437276
2767,1,0.4490334720842347
2768,1,0.4473428619249522
2769,1,0.6983467296484813
2770,1,0.6980698708256388
2771,1,0.5337793725127707
2772,1,0.49411946007212776
2773,0,0.3320376218429872
2774,1,0.5472983309471492
2775,1,0.7041284610942209
2776,1,0.47457003280252785
2777,0,0.49449610376630726
2778,1,0.4589828679853216
2779,1,0.3379749875686382
2780,1,0.34567700672659407
2781,0,0.39158950118505276
2782,0,0.7541163205328378
2783,1,0.37272293335847545
2784,0,0.33728694596901115
2785,0,0.5925364608538158
2786,0,0.38254859601935665
2787,1,0.6663070626327465
2788,1,0.3475266373222922
2789,1,0.7481151104025079
2790,1,0.6305027913651087
2791,0,0.541682682950373
2792,0,0.40541787971721094
2793,0,0.3484122190034025
2794,0,0.3489831333385854
2795,0,0.46512506817809707
2796,1,0.4521109117925991
2797,0,0.36545383640810736
2798,1,0.35468373422159816
2799,0,0.7356468941018155
2800,0,0.48130480008947607
2801,0,0.31649236000976166
2802,0,0.31953984745437797
2803,0,0.6581259245014541
2804,1,0.3291087118824229
2805,1,0.7110134801006376
2806,1,0.47337022248173505
2807,0,0.43331997647481035
2808,1,0.5701580400157187
2809,0,0.34086027899325805
2810,1,0.5
2811,1,0.5
2812,1,0.5604766848861924
2813,1,0.5686830274902102
2814,0,0.5748770085807707
2815,0,0.30120800650784996
2816,1,0.7199069551734013
2817,1,0.6946091920262151
2818,0,0.5072214934783831
2819,1,0.3861167997924112
2820,0,0.5065477132107001
2821,1,0.5090302953734064
2822,1,0.6577757662485236
2823,1,0.4429704958995952
2824,1,0.36617364866304813
2825,0,0.5908468249887675
2826,1,0.5614734840659734
2827,1,0.36662718179369547
2828,0,0.6447371352219613
2829,0,0.3474571411673659
2830,0,0.3078867720199514
2831,0,0.44572067012052247
2832,1,0.7162478808173266
2833,1,0.5124770744745225
2834,1,0.3916278519360665
2835,0,0.4877288591435856
2836,1,0.5681333032015949
2837,0,0.47064407594054125
2838,0,0.5652894362624553
2839,0,0.3611447805873865
2840,0,0.3457723025663528
2841,1,0.7234737874793323
2842,1,0.3837576580658624
2843,0,0.5064998265704623
2844,1,0.4461630324901983
2845,0,0.4610032030109518
2846,0,0.35054684014817045
2847,1,0.6794479089249278
2848,0,0.5441170912121945
2849,1,0.6753341542123992
2850,0,0.6671461509459923
2851,0,0.35410550571686966
2852,0,0.5982844093361532
2853,1,0.47177423143054453
2854,0,0.35521647226227104
2855,1,0.3671115293090043
2856,1,0.4060627691707766
2857,1,0.46052296309180285
2858,1,0.6303271520667448
2859,1,0.5991840969837844
2860,1,0.7153906750920261
2861,1,0.37019410629375016
2862,1,0.7054092577474355
2863,0,0.354577498214027
2864,0,0.3545569447793151
2865,0,0.5778722205645573
2866,1,0.45110596280377246
2867,1,0.7151177778780149
2868,1,0.7353834150034397
2869,0,0.798556970977749
2870,1,0.6501961709471554
2871,1,0.7539220721766441
2872,0,0.3594253682360731
2873,1,0.3585888498465643
2874,1,0.3537573594383455
2875,1,0.6896147964926597
2876,0,0.6546033119641604
2877,1,0.8242586431553247
2878,0,0.39415201792240667
2879,1,0.7181487967457687
2880,0,0.4014463767060032
2881,1,0.34351964075721675
2882,0,0.3549318127499474
2883,1,0.7162145541477245
2884,0,0.3603870432860754
2885,1,0.691190607758613
2886,0,0.4344047767674335
2887,0,0.5357651248402933
2888,0,0.34599976192098836
2889,0,0.6043992689860476
2890,0,0.42921677621849924
2891,0,0.39273708109548333
2892,0,0.4462119593784555
2893,0,0.3875869879488883
2894,1,0.6274537255363763
2895,1,0.4059511298066987
2896,1,0.4623086127392245
2897,0,0.31466836531726405
2898,1,0.42496792327219063
2899,1,0.5
2900,0,0.4180412848419067
2901,1,0.5253855858779302
2902,0,0.70518575250952
2903,1,0.6988064724698724
2904,0,0.4594019303337503
2905,0,0.3448028354923306
2906,1,0.5408586150394551
2907,1,0.38795830950497356
2908,0,0.35329280256691975
2909,1,0.4227387721768734
2910,1,0.6330893031320575
2911,0,0.7314215004033585
2912,0,0.4107657828064952
2913,0,0.32049711663551034
2914,1,0.3389766348990757
2915,1,0.5622709964326895
2916,0,0.33749110871476773
2917,1,0.7194922470334846
2918,0,0.4738101038460505
2919,0,0.34007681201058054
2920,1,0.5578595882035522
2921,1,0.3409897416729013
2922,0,0.5289375896453451
2923,1,0.3235179328839503
2924,1,0.7026867790930854
2925,1,0.6188540811775017
2926,1,0.5542375513090086
2927,1,0.46589914619656286
2928,0,0.6708363460970229
2929,1,0.7840068135290842
2930,0,0.406947698764265
2931,1,0.6862522562739375
2932,0,0.6476471210107806
2933,1,0.7300363228263975
2934,0,0.6529285778641897
2935,0,0.3374136609694654
2936,0,0.4866247259520724
2937,0,0.3395830731429072
2938,0,0.751033654537976
2939,0,0.35507324190015777
2940,0,0.5165410333759565
2941,0,0.6017192698128678
2942,0,0.3546268278475877
2943,0,0.408754533352397
2944,0,0.6867541739305245
2945,1,0.3973379769355971
2946,1,0.39595917311051787
2947,1,0.5693698856112739
2948,1,0.39586425134994124
2949,0,0.5085095234545076
2950,1,0.6458496814704169
2951,0,0.4112740882387199
2952,0,0.626165382455292
2953,0,0.34392454090392427
2954,0,0.7076848817969992
2955,1,0.4942654079505684
2956,0,0.6943567993428573
2957,0,0.4785806513179527
2958,0,0.33220417439949596
2959,0,0.7170456646079604
2960,0,0.53513334244405
2961,0,0.3781589369588759
2962,1,0.5383973507617023
2963,0,0.4534007483693458
2964,0,0.675058139964973
2965,1,0.6322876602862556
2966,0,0.4930571745880796
2967,1,0.7272400142082829
2968,0,0.3785874142746165
2969,0,0.33109047988106766
2970,0,0.6457853815533121
2971,0,0.41532902123325705
2972,1,0.7034877652390542
2973,0,0.45206167820855614
2974,1,0.5
2975,0,0.3925227615028441
2976,0,0.47133539740365643
2977,0,0.6642140636691651
2978,1,0.3874868696708438
2979,1,0.7433677808311561
2980,1,0.6276607093361635
2981,1,0.6944182100375107
2982,0,0.32982947763589354
2983,0,0.4103976708690821
2984,1,0.42242066234303427
2985,1,0.4795829823075412
2986,0,0.5199401655250642
2987,0,0.33900967984273955
2988,1,0.72198592283597
2989,0,0.656615790931101
2990,1,0.3335801151865393
2991,0,0.42299078219670677
2992,0,0.3696296695008122
2993,1,0.38120867933882985
2994,0,0.4675114392523388
2995,0,0.3370776667687981
2996,1,0.4112341289604004
2997,0,0.35720828788567427
2998,0,0.35073057564274884
2999,1,0.4302081864027938
3000,0,0.3458866112467456
3001,1,0.6192557757518309
3002,1,0.5120894436213755
3003,0,0.45186598673689354
3004,0,0.3404265147066097
3005,0,0.3277679371728028
3006,0,0.35495528681362354
3007,1,0.7579575916237936
3008,0,0.5774511167961089
3009,0,0.7035006034644701
3010,1,0.36754303327044757
3011,0,0.44520885174916414
3012,1,0.4048809967268519
3013,0,0.37601741739556915
3014,1,0.7164320846127635
3015,1,0.5705373890616905
3016,0,0.3695268384864396
3017,1,0.44826534348660657
3018,1,0.6890730019721042
3019,1,0.34385046050954554
3020,1,0.6136505913357551
3021,0,0.33814219585906424
3022,0,0.5399275018825885
3023,0,0.4108444580306944
3024,1,0.33592072045185073
3025,0,0.4606648116208751
3026,0,0.5064286801040192
3027,0,0.3216099929128116
3028,1,0.7840560400643672
3029,0,0.6032925150295094
3030,1,0.709529720148932
3031,1,0.7821299107331462
3032,0,0.7798775700113064
3033,0,0.3342554671898278
3034,1,0.3820235809528163
3035,0,0.34553443195781464
3036,0,0.36566975516339084
3037,0,0.30345365803582247
3038,1,0.7689317463549907
3039,1,0.5736101361437709
3040,0,0.297067158766651
3041,1,0.46187096023237956
3042,1,0.679566995373138
3043,0,0.6476919144253699
3044,1,0.4865412241666628
3045,0,0.3547152644806171
3046,0,0.5381338857404125
3047,0,0.44809809561547603
3048,1,0.3398122811454991
3049,0,0.713012485477225
3050,0,0.6807516535896937
3051,1,0.5576762343340177
3052,1,0.6419696515361689
3053,1,0.57683089927046
3054,1,0.6471430270450003
3055,1,0.3729350670566881
3056,0,0.31278637883193233
3057,0,0.4770872869163572
3058,0,0.41438079656680604
3059,1,0.7376064266550117
3060,0,0.3594007034593535
3061,0,0.3877698384671645
3062,1,0.7273120638908313
3063,1,0.5240789200633259
3064,1,0.5489833396083174
3065,1,0.3283828872813467
3066,0,0.40975989202595453
3067,0,0.4225578358332383
3068,1,0.4134072185568894
3069,0,0.6192032442629358
3070,0,0.38640599725171954
3071,1,0.5481745643756475
3072,0,0.4776538152609334
3073,1,0.426487102497744
3074,1,0.4553044780591377
3075,0,0.49171647195314694
3076,1,0.44873206358043055
3077,1,0.7223180324205546
3078,0,0.5257587346055437
3079,1,0.49232124167281877
3080,0,0.6879450645526356
3081,1,0.6570428871287298
3082,1,0.35601311687040776
3083,0,0.33671288839976987
3084,0,0.36105393132954305
3085,0,0.32946424536754393
3086,1,0.6100192215543634
3087,1,0.7395142195835699
3088,1,0.4381452529114827
3089,0,0.4746409391485363
3090,1,0.6927233915411596
3091,0,0.3476651328905794
3092,1,0.2933320238093301
3093,1,0.7537311932954912
3094,0,0.40816275605325497
3095,1,0.5
3096,1,0.5128248270082485
3097,0,0.37235585299786633
3098,0,0.4074979645051302
3099,0,0.33940938647906
3100,1,0.5284429863781457
3101,0,0.7209880347507146
3102,1,0.7521370540135313
3103,0,0.42684462945610596
3104,0,0.5216334921012232
3105,0,0.31042861320274995
3106,1,0.5
3107,0,0.43584503521755774
3108,0,0.5066059917570878
3109,1,0.4349925690168831
3110,1,0.4682046834065128
3111,1,0.7093717130109438
3112,0,0.7575018371979327
3113,1,0.6739448984568351
3114,0,0.5
3115,0,0.7504383854057682
3116,0,0.6367177430865105
3117,0,0.47741938043462995
3118,0,0.3581219735871487
3119,0,0.46570543316030355
3120,0,0.3693892354509093
3121,0,0.48923228704217436
3122,1,0.603195935601897
3123,1,0.3189093930159287
3124,1,0.5567098362131125
3125,1,0.6149666168480031
3126,1,0.5384934807568085
3127,1,0.67607849996852
3128,1,0.4381485218097373
3129,1,0.6841898933973646
3130,1,0.4219078171996135
3131,1,0.7143887357485039
3132,0,0.5521972345107299
3133,0,0.6665057796302539
3134,0,0.43879481093841144
3135,1,0.3311193295716464
3136,1,0.5980508979174449
3137,1,0.4887596801851353
3138,1,0.7876234434195583
3139,1,0.6310774237722971
3140,1,0.482881928951015
3141,0,0.38330242753988264
3142,0,0.6429690885859637
3143,0,0.3081184023326298
3144,0,0.34059382359887613
3145,1,0.35427613507497824
3146,0,0.38320880821631076
3147,1,0.5
3148,1,0.4174176512638809
3149,0,0.335268395633339
3150,1,0.7389728204253962
3151,0,0.38792589100657293
3152,1,0.4189466857174006
3153,0,0.33378973348557944
3154,1,0.46945853765272516
3155,0,0.3530782882514879
3156,0,0.3702023420923292
3157,1,0.7061773010474078
3158,0,0.4184020841211362
3159,1,0.5127479677549464
3160,1,0.7527105225752581
3161,0,0.320908465496033
3162,0,0.44725387011390755
3163,0,0.334319667233093
3164,0,0.33128911371012576
3165,1,0.7414491989428956
3166,0,0.3511803652669521
3167,0,0.43107897105529897
3168,1,0.5939605586359726
3169,1,0.36186142066271343
3170,1,0.6881829157619767
3171,0,0.5158087620339045
3172,0,0.40871185088611744
3173,0,0.30843279503292975
3174,1,0.4044083092718219
3175,0,0.3597215156377484
3176,0,0.5517490631466555
3177,1,0.46661751946270913
3178,0,0.47140241285697443
3179,1,0.5939420434180401
3180,0,0.441582487860808
3181,0,0.7151325079028388
3182,0,0.4413802018360761
3183,0,0.36293611161689243
3184,1,0.41734572395579295
3185,1,0.5212210927337603
3186,1,0.6276556450739652
3187,0,0.31873830717398266
3188,1,0.47946892013220593
3189,1,0.5582144850559272
3190,1,0.6162879813431186
3191,0,0.5397770454854883
3192,1,0.46877012010036473
3193,1,0.7478270305889803
3194,1,0.4767606034672383
3195,1,0.5733865679772462
3196,1,0.34297437707228323
3197,0,0.4267223641835048
3198,0,0.47954105395344604
3199,1,0.6942528825827335
3200,1,0.48068177714147187
3201,1,0.4269989682637571
3202,1,0.6083081129801218
3203,0,0.6136879455864641
3204,1,0.5931321981697846
3205,1,0.585025325043007
3206,0,0.5057612931168859
3207,0,0.4544956586697931
3208,0,0.6468215022311183
3209,1,0.4766198771650072
3210,0,0.4233631583885635
3211,1,0.4807884565517774
3212,1,0.7107943674707954
3213,1,0.6739045215005657
3214,0,0.5201771610540382
3215,0,0.5466653960777332
3216,1,0.41159363379283553
3217,0,0.42624434722586635
3218,0,0.46170739897417074
3219,1,0.39970110778096923
3220,1,0.7371027975324852
3221,1,0.7500186629639951
3222,0,0.47601093585814164
3223,1,0.7003060528197729
3224,1,0.5598056217467511
3225,1,0.7117459181262742
3226,0,0.512137612556342
3227,0,0.533516434592656
3228,0,0.6685542268315012
3229,1,0.5628814339863848
3230,1,0.7598999993078746
3231,0,0.6055846145184466
3232,0,0.3545432028480442
3233,1,0.34818936942435297
3234,1,0.541826612101804
3235,0,0.7214623067457704
3236,0,0.40031974545481164
3237,0,0.5
3238,1,0.5684277161782594
3239,1,0.45982982674133327
3240,1,0.6323826796244717
3241,0,0.3297919517567838
3242,0,0.45526998064162993
3243,1,0.5
3244,1,0.47448980697263987
3245,1,0.6195173275442905
3246,0,0.34805602549814224
3247,1,0.7947946423474809
3248,0,0.3872321505133614
3249,1,0.4493275822216285
3250,1,0.5235980723056683
3251,1,0.45501357169239265
3252,1,0.5859414586460973
3253,0,0.4736123587840255
3254,0,0.7286547291633191
3255,1,0.5750473771990717
3256,1,0.5594931784665497
3257,0,0.39958869556499055
3258,1,0.6111550389853171
3259,1,0.561034165118608
3260,0,0.5459232559237853
3261,0,0.42772409963845753
3262,1,0.505604321299441
3263,0,0.694345952177144
3264,1,0.801520757813215
3265,1,0.3911849525190734
3266,0,0.33732556621131804
3267,1,0.7398420295949407
3268,0,0.32345759843051175
3269,0,0.6094337179524706
3270,0,0.557085655338119
3271,1,0.5119450113283244
3272,1,0.3356261677803807
3273,1,0.4084222248444538
3274,1,0.7044024640346075
3275,1,0.5214868239590947
3276,1,0.48056801642954294
3277,1,0.4904636810932076
3278,0,0.3294193492532013
3279,1,0.41576074101123817
3280,0,0.31397979265897064
3281,1,0.6656546371887021
3282,0,0.3883150994496973
3283,1,0.588827208865508
3284,0,0.697967370771251
3285,0,0.35865814065690765
3286,1,0.3934937443476703
3287,1,0.45575728724829273
3288,0,0.7134629448650045
3289,1,0.44167654155907105
3290,1,0.44403585709302723
3291,0,0.5
3292,1,0.37927110002013326
3293,1,0.5858950288677327
3294,0,0.3671148851030269
3295,1,0.3294876186587377
3296,0,0.37307888971873
3297,1,0.5706876629901595
3298,1,0.4883010421923595
3299,0,0.584264198655145
3300,0,0.4057829430403269
3301,1,0.5873503907748805
3302,1,0.7368963040991277
3303,1,0.33847240834222103
3304,1,0.4860271369632229
3305,0,0.3322901667747893
3306,1,0.6860269866449425
3307,0,0.5743574907201678
3308,1,0.7055909133666104
3309,0,0.374546403922012
3310,1,0.5908334441981058
3311,1,0.33393076697264157
3312,0,0.4345680857609771
3313,1,0.671443962015962
3314,0,0.3292159266222794
3315,1,0.43245403696444956
3316,1,0.3099701855053369
3317,0,0.3357856021045595
3318,0,0.5679026671609796
3319,0,0.34148592008054957
3320,0,0.3666074105892611
3321,0,0.29934529013618816
3322,0,0.3123028628076448
3323,1,0.4186146917706065
3324,1,0.3437456202527911
3325,1,0.5482889605244585
3326,0,0.48746305564639725
3327,1,0.41348344755698485
3328,0,0.5168803626681007
3329,1,0.7304397174002708
3330,0,0.3286684040629424
3331,0,0.514494016856434
3332,0,0.3387094601458679
3333,0,0.35887430552234023
3334,1,0.4900773552235387
3335,1,0.7294318960528363
3336,1,0.590035922518528
3337,0,0.358635976619521
3338,0,0.5
3339,1,0.3173226068050645
3340,0,0.3064478194155767
3341,1,0.328022343365396
3342,1,0.640378933915724
3343,0,0.6237405186569689
3344,1,0.686043615851813
3345,0,0.32034333990952624
3346,0,0.6069044024034249
3347,0,0.48754615658744627
3348,1,0.3964390916594345
3349,0,0.34380228099217647
3350,1,0.7271756228445309
3351,1,0.632373127220596
3352,0,0.4592745486663926
3353,1,0.632153310349006
3354,1,0.3716576364033205
3355,1,0.6561668079947995
3356,0,0.38963397258677995
3357,1,0.6921556248411957
3358,1,0.3927385659956139
3359,0,0.4639126079797693
3360,0,0.43759326722750624
3361,0,0.684266773516997
3362,0,0.3460783871212253
3363,0,0.5245280764838424
3364,1,0.5547125686342893
3365,1,0.5518295481163497
3366,1,0.536228592951207
3367,0,0.6561945812634385
3368,0,0.3404747855148001
3369,1,0.4388032871287716
3370,1,0.7043395225162267
3371,0,0.38919032252559815
3372,0,0.7343003900743542
3373,0,0.3759271313920002
3374,1,0.681999842418812
3375,0,0.573762842237688
3376,1,0.5185147510018487
3377,0,0.35482665208334596
3378,0,0.7031535308753203
3379,1,0.29605438589853306
3380,0,0.3445788718808209
3381,1,0.34093713869955167
3382,0,0.33592545914354255
3383,1,0.5695110071172381
3384,1,0.4200849822378997
3385,0,0.6490404989872904
3386,0,0.4710990920610939
3387,1,0.5096088078475499
3388,0,0.6448144036825157
3389,0,0.47572187773768293
3390,0,0.36899603450248764
3391,0,0.39631991628953694
3392,0,0.38485166014110217
3393,1,0.3904789063283608
3394,1,0.5741840998853446
3395,1,0.6695461707039956
3396,1,0.5203956504871751
3397,0,0.6375062059703835
3398,0,0.4223117573675397
3399,1,0.38380638143744866
3400,0,0.44766162106932406
3401,1,0.5699567429224923
3402,1,0.5903893758840139
3403,0,0.6452506295374235
3404,1,0.7716108355119657
3405,0,0.4273115389522382
3406,0,0.37968246485419743
3407,0,0.5069605908904218
3408,0,0.3535116107367249
3409,0,0.3582041124537303
3410,1,0.3924043608454872
3411,1,0.49303955603898086
3412,0,0.5717176632027982
3413,0,0.4673221875705824
3414,0,0.6491564239876702
3415,0,0.34481206209750254
3416,1,0.6380889473029722
3417,0,0.42703474599642766
3418,0,0.3721625185273289
3419,1,0.449054447758896
3420,0,0.5833333142916913
3421,0,0.39544217676244126
3422,0,0.6191523269852447
3423,1,0.7547997615346956
3424,0,0.5183678722421587
3425,0,0.44071519385071944
3426,1,0.5790412758225482
3427,0,0.5246305697993437
3428,0,0.5245878749586651
3429,0,0.6535218839801176
3430,0,0.5250619965041644
3431,1,0.51927078322734
3432,1,0.5792928332090853
3433,0,0.5595081507243836
3434,1,0.3534626719547832
3435,0,0.5918568411100241
3436,1,0.30606961114446574
3437,1,0.3621457135490352
3438,0,0.47928082627819185
3439,0,0.3188045558999654
3440,0,0.551102071210125
3441,1,0.38083683621586184
3442,1,0.5373332298834631
3443,0,0.35160712297186947
3444,0,0.42691187441102174
3445,1,0.3852759782907171
3446,1,0.5
3447,0,0.3456082106760862
3448,1,0.7176286400308176
3449,0,0.5278481987422315
3450,0,0.31862745067696274
3451,1,0.4081602903474786
3452,0,0.35746264055359844
3453,0,0.34773323501074443
3454,0,0.534000838916705
3455,0,0.3729568438345725
3456,0,0.4915835793622581
3457,0,0.685150176462061
3458,0,0.3590816375769358
3459,0,0.29944464851983926
3460,0,0.4295798516842738
3461,0,0.4067938123703121
3462,0,0.6233178111927957
3463,1,0.5603140952959559
3464,0,0.3850665971547925
3465,0,0.3226348554526857
3466,0,0.37915252080687667
3467,1,0.5611499451096005
3468,1,0.381556618053074
3469,1,0.5
3470,0,0.4661563315068445
3471,1,0.7118556703175812
3472,1,0.4029827138233511
3473,0,0.5923581318512191
3474,0,0.42303304965254435
3475,1,0.32139985512699637
3476,1,0.40529248559561726
3477,0,0.5644941964564864
3478,1,0.5812826273326368
3479,0,0.5612984994717438
3480,0,0.3347598376263552
3481,1,0.6445341375407381
3482,0,0.3597439040928106
3483,1,0.6424026136679999
3484,0,0.45176200482598605
3485,0,0.6129183135523864
3486,0,0.5
3487,0,0.35287632281486564
3488,1,0.6536213823943199
3489,0,0.33430464323369813
3490,1,0.338208324616399
3491,0,0.3638121205076077
3492,1,0.6593734457936784
3493,0,0.5856413129048694
3494,1,0.7084550012630491
3495,0,0.33930092279983126
3496,1,0.8012124787426693
3497,0,0.39313948418920175
3498,0,0.5
3499,1,0.35107111220523624
3500,0,0.33584494465518755
3501,1,0.7325811273146546
3502,0,0.6347092758219032
3503,1,0.5888278591525568
3504,0,0.692887508336572
3505,1,0.7552263488856875
3506,1,0.5784343964004252
3507,1,0.43867350334800825
3508,1,0.7060904079002246
3509,0,0.31880395724341093
3510,0,0.33933091346400274
3511,0,0.42547604152797525
3512,0,0.43748491337314677
3513,0,0.5083981221715762
3514,1,0.6895945815538576
3515,0,0.5065638967007597
3516,0,0.333856253821736
3517,0,0.40173672583909126
3518,0,0.5849873030097537
3519,0,0.5500762191568469
3520,1,0.3530307057325212
3521,1,0.6058082316307102
3522,1,0.5433404601814649
3523,0,0.3672583165171467
3524,1,0.5660975192325799
3525,0,0.695175458126102
3526,1,0.7792073610909518
3527,1,0.730183421438361
3528,0,0.5117922101808734
3529,0,0.3178682976112972
3530,0,0.697081896430977
3531,1,0.3714364311957953
3532,0,0.42637336493224215
3533,0,0.3777795797408577
3534,1,0.6568988047556791
3535,1,0.5575557295961585
3536,1,0.5651916111236971
3537,0,0.3308165319099303
3538,1,0.49008941197655076
3539,1,0.3925133920842179
3540,1,0.475130472839732
3541,0,0.36695339758110807
3542,1,0.5632971388253684
3543,0,0.6009566005711806
3544,1,0.3227001558186071
3545,1,0.5102298918185731
3546,0,0.41152683219671654
3547,1,0.44930288772757576
3548,1,0.33149767940236025
3549,1,0.3575845608034999
3550,1,0.37328656660984505
3551,0,0.33193507079784623
3552,1,0.3884020901725604
3553,1,0.6338511312076444
3554,0,0.4532042540607646
3555,1,0.7217963131366867
3556,0,0.3824289441205076
3557,0,0.3304593012911865
3558,1,0.6820031595836415
3559,0,0.5524067153017683
3560,1,0.3982329222798644
3561,0,0.3745504605254703
3562,0,0.6261365194579024
3563,1,0.609006201546805
3564,0,0.3989106389414743
3565,1,0.4896587224733466
3566,0,0.6350836965619926
3567,1,0.29666957606889827
3568,0,0.5564966107866491
3569,1,0.31854263459432514
3570,0,0.505468804009925
3571,0,0.6800064953792757
3572,0,0.38796134287362993
3573,1,0.3989961705895064
3574,0,0.3338146815886983
3575,0,0.40217039794715576
3576,0,0.5886141310491425
3577,1,0.7679957471420319
3578,1,0.3380774371519016
3579,1,0.7283382853863434
3580,1,0.4880932124911991
3581,1,0.6950535606680607
3582,1,0.6176140112804535
3583,0,0.3230116864396319
3584,1,0.3820543269654699
3585,0,0.4228283333166567
3586,1,0.3103607354812349
3587,0,0.41909357556657795
3588,0,0.5549051561449567
3589,0,0.43389548324233285
3590,0,0.5509134264689587
3591,1,0.5829484523087523
3592,1,0.3351997223804328
3593,0,0.7059890654538642
3594,0,0.33678698764450377
3595,0,0.4549749382030259
3596,1,0.6097617404023855
3597,1,0.4440245616966415
3598,0,0.36075975532702337
3599,1,0.35293538302026706
3600,1,0.8524790323399253
3601,0,0.5538066587299627
3602,0,0.5514569861763488
3603,1,0.7649058870014277
3604,0,0.3757402147324527
3605,0,0.6968163842491221
3606,1,0.7597776455308356
3607,0,0.6061916502574817
3608,1,0.6827020585289244
3609,1,0.37503900353780073
3610,0,0.6787335653641355
3611,0,0.3437847404414338
3612,0,0.6582577429510811
3613,1,0.5349950804179037
3614,0,0.6201974404365908
3615,0,0.35936989909671335
3616,0,0.46742361422244505
3617,1,0.6458975554872325
3618,0,0.353488198767165
3619,1,0.7237762901570437
3620,0,0.4814136566613442
3621,0,0.336053429328623
3622,0,0.4241631296186836
3623,0,0.5188821399767756
3624,0,0.48829839010841497
3625,0,0.3563289571257739
3626,1,0.4226409312157149
3627,0,0.6278055549361775
3628,1,0.6535834810668679
3629,1,0.3208934620475969
3630,1,0.6058511711341488
3631,0,0.6409638893682735
3632,0,0.43297247881483963
3633,1,0.7591464919008528
3634,0,0.3399914961671835
3635,0,0.35411416312315697
3636,1,0.6923595676850284
3637,0,0.6097189062927486
3638,1,0.7159070669606571
3639,0,0.33788323086049105
3640,1,0.7467969360705334
3641,1,0.4041931937447186
3642,0,0.35193990423257393
3643,0,0.47980774027830836
3644,1,0.4004655436231167
3645,0,0.32178422853515143
3646,1,0.7336900851817932
3647,1,0.7091633497428829
3648,1,0.4675888263285618
3649,0,0.44088095690381146
3650,1,0.4252560389770027
3651,1,0.6164608061269411
3652,1,0.36707989655804246
3653,1,0.7022944731573085
3654,0,0.6021973992158874
3655,0,0.35215760526584683
3656,1,0.3773930605142742
3657,0,0.625941280949508
3658,0,0.3728701966724338
3659,1,0.7651404733525962
3660,0,0.4050350698648048
3661,0,0.31273208372300015
3662,0,0.34177356367652933
3663,1,0.42258342813330735
3664,0,0.35190745637630366
3665,0,0.33726529230457186
3666,1,0.6176842729941945
3667,0,0.3309002054511823
3668,1,0.7664448958492023
3669,0,0.49214476017680964
3670,0,0.379156782337937
3671,1,0.7244433735414387
3672,0,0.7037752160749846
3673,0,0.7099927713068058
3674,0,0.40612037995962574
3675,1,0.36230049052593494
3676,1,0.6621569887080222
3677,0,0.340158200254295
3678,0,0.4029139672972242
3679,1,0.7508505828731223
3680,1,0.7344185177279344
3681,1,0.3230198703124795
3682,0,0.4193423109384694
3683,0,0.3474913000900912
3684,1,0.33727225650750553
3685,1,0.3575477506864849
3686,0,0.34623350899851196
3687,0,0.35508327256346056
3688,0,0.3419840389885485
3689,0,0.3341180835913391
3690,1,0.3396140114745064
3691,0,0.5741164160372646
3692,0,0.3189467439006112
3693,0,0.4790232742838042
3694,0,0.4554033650444514
3695,1,0.6317815163779649
3696,0,0.34473949767312206
3697,0,0.5517731501498923
3698,0,0.38155867230871776
3699,1,0.30760472855305465
3700,0,0.5
3701,1,0.7402777708199877
3702,0,0.41596271855392486
3703,1,0.6670857777597593
3704,0,0.6106958905276795
3705,0,0.7253142435437374
3706,0,0.35255168706430384
3707,1,0.5806264205353714
3708,0,0.6583324313082692
3709,1,0.3659799278829772
3710,0,0.5886282567478808
3711,0,0.32355331303169443
3712,0,0.5548659365036968
3713,1,0.7531892510576421
3714,1,0.5829202702059408
3715,1,0.4663628076082017
3716,0,0.3879862168482331
3717,1,0.4604506825712554
3718,0,0.373012284350196
3719,1,0.3650875309959152
3720,1,0.45843159879659195
3721,1,0.39157668927556544
3722,1,0.5906938334071848
3723,0,0.33123723525450166
3724,0,0.4044786407051494
3725,0,0.35169430838628724
3726,1,0.7419355716423455
3727,0,0.3710432865716845
3728,0,0.3341194542547764
3729,1,0.3484300053250361
3730,1,0.7190565897287993
3731,0,0.30687101096587033
3732,1,0.7442384035665272
3733,0,0.5145145911567854
3734,1,0.7271817205487514
3735,1,0.716320389939146
3736,0,0.4038429881154919
3737,1,0.5
3738,0,0.369232561011615
3739,1,0.7135870735725057
3740,0,0.38517967340706477
3741,0,0.31111362733730613
3742,0,0.3408479581018089
3743,0,0.5530704982512968
3744,0,0.38262793536295847
3745,1,0.4345011388546447
3746,0,0.6086892520371199
3747,1,0.37284955601742986
3748,0,0.4224872878671445
3749,0,0.3638399345168326
3750,1,0.7443258018319818
3751,0,0.3198692547813367
3752,1,0.49148649997400834
3753,0,0.3143369279926005
3754,1,0.444696212518698
3755,0,0.7783487602273607
3756,0,0.3552095580838414
3757,1,0.5180699157557119
3758,1,0.7252402865339156
3759,0,0.7274835853471241
3760,0,0.38514698760861366
3761,0,0.30260223003291675
3762,1,0.6126303439372922
3763,0,0.3691024095225247
3764,1,0.3561804655675871
3765,0,0.6074847864995387
3766,1,0.43189319259752473
3767,1,0.6779462888770149
3768,1,0.6431872095474626
3769,0,0.532149644479386
3770,0,0.48340013226391526
3771,0,0.4867164660715913
3772,1,0.38179714412482846
3773,0,0.3520001451516072
3774,1,0.6660444028736825
3775,1,0.5752933293697707
3776,1,0.5650194203159169
3777,1,0.3607786416800832
3778,0,0.4914832835826604
3779,0,0.41679418030137366
3780,1,0.705927523489278
3781,1,0.47799464374202827
3782,0,0.42220269903024876
3783,1,0.5082969294466972
3784,0,0.3206634912940855
3785,0,0.4839135651220707
3786,0,0.5675355025213271
3787,0,0.3152063881406701
3788,1,0.4494719853240871
3789,1,0.5138342730364815
3790,0,0.3234496608584005
3791,0,0.3932956107161565
3792,0,0.41762040526602173
3793,0,0.3794083670531834
3794,0,0.3905407093621746
3795,0,0.3280681972902863
3796,0,0.34644712008027323
3797,0,0.43951221370745736
3798,0,0.3535622603046568
3799,0,0.36552780572494575
3800,1,0.6275394571343238
3801,0,0.3970227389651641
3802,1,0.5566717502968648
3803,0,0.7148187557007747
3804,0,0.5706967631397631
3805,1,0.7702714602399143
3806,0,0.3152620755352859
3807,0,0.3279332996005725
3808,0,0.3228181871616789
3809,0,0.38763440179450537
3810,0,0.42435480687909194
3811,1,0.7053563496150695
3812,0,0.7360304006625233
3813,1,0.5495560592012567
3814,0,0.3684573159860636
3815,1,0.39424055002484765
3816,1,0.37850109347334737
3817,0,0.3296771513523412
3818,0,0.714557076948134
3819,1,0.3311517484793039
3820,1,0.6736106389159353
3821,0,0.33714698999912635
3822,0,0.4833971143991339
3823,0,0.37197369378884343
3824,1,0.3393636892128765
3825,0,0.6752625068586425
3826,0,0.3922268760967304
3827,0,0.35354265269902746
3828,0,0.34378404155500814
3829,1,0.4544243738944875
3830,1,0.7128384519547707
3831,0,0.5611775079418589
3832,1,0.7062903907592224
3833,1,0.594936520737983
3834,1,0.5726295627621937
3835,1,0.711770263896199
3836,1,0.5193809214863115
3837,0,0.5368085327701531
3838,1,0.5477965955531429
3839,1,0.7171489307569158
3840,0,0.4197351316732665
3841,1,0.34500844839903055
3842,1,0.5099861434787547
3843,1,0.6923206134701673
3844,0,0.3456726790175138
3845,1,0.3089069524242373
3846,1,0.5830146154576535
3847,1,0.7464253498772114
3848,1,0.5695996308908604
3849,1,0.7165699760985443
3850,0,0.35021999006495586
3851,1,0.6612729358535154
3852,0,0.48166305512267044
3853,0,0.5790766996734806
3854,1,0.34010803657314836
3855,0,0.6025081260801698
3856,0,0.3389536701472619
3857,0,0.3549586171252539
3858,1,0.5186172172302073
3859,1,0.4100376960545127
3860,1,0.683585324191249
3861,1,0.36990931012874545
3862,1,0.7333274444329367
3863,1,0.4595254441362135
3864,0,0.47665535767982514
3865,0,0.34936455013876694
3866,0,0.32175834947496507
3867,1,0.5300524975636823
3868,0,0.3323671133533486
3869,0,0.32050335906438265
3870,1,0.7463202554449244
3871,0,0.37986890835350356
3872,1,0.6060305067691015
3873,0,0.723619191102166
3874,1,0.3594964963024853
3875,0,0.4911501524959992
3876,0,0.6558500205419652
3877,0,0.5337758473829401
3878,1,0.7001640359916868
3879,0,0.3330579113535567
3880,1,0.3716067647923694
3881,0,0.720522465708301
3882,1,0.3958309059333106
3883,1,0.33677550026247777
3884,1,0.3325604768637756
3885,0,0.6231031914249957
3886,1,0.4213961411579346
3887,0,0.37858711684606633
3888,1,0.38182760065791216
3889,0,0.44295890840094526
3890,1,0.7983101080213415
3891,0,0.4306038208019694
3892,1,0.3694427703300888
3893,0,0.521666891077671
3894,1,0.6617405657714411
3895,1,0.4373573174185754
3896,0,0.36108037140789284
3897,1,0.6968912205212027
3898,0,0.32357026060831834
3899,1,0.6133757946211305
3900,1,0.5941851746123211
3901,0,0.4868849274888473
3902,1,0.7617339483910696
3903,0,0.3302389108014888
3904,0,0.6254801045879672
3905,1,0.4910225069725553
3906,0,0.6843519496475052
3907,1,0.6657652171893536
3908,1,0.7072626299863161
3909,1,0.7101192808148766
3910,0,0.7276110886710772
3911,0,0.4264954079261533
3912,1,0.4677388858538973
3913,1,0.41417245486400006
3914,0,0.3392456978392517
3915,0,0.5323358127318484
3916,0,0.5
3917,1,0.3431482246324123
3918,0,0.3810177492299927
3919,0,0.33478246421817626
3920,0,0.44455149123003007
3921,1,0.5932557320574632
3922,1,0.5846858786662508
3923,1,0.31382205194523255
3924,1,0.5534930362111615
3925,1,0.6770101294855256
3926,0,0.4012005523736216
3927,0,0.3950071280919602
3928,1,0.5531961528798304
3929,1,0.6885375519454205
3930,0,0.6452948077865639
3931,0,0.322406201797744
3932,1,0.4502499611750376
3933,1,0.33547785761256377
3934,1,0.37187996680549185
3935,1,0.3097758896252895
3936,1,0.5995116340024812
3937,1,0.4450877421242891
3938,0,0.3576653587502072
3939,1,0.4618271677516389
3940,1,0.5081507696329782
3941,0,0.35365862982908985
3942,1,0.33856186777040337
3943,1,0.46676193658989223
3944,0,0.39232381321228016
3945,1,0.665857532025228
3946,0,0.4439386153248197
3947,1,0.6788826119488648
3948,0,0.46596057268670293
3949,0,0.4149457359079585
3950,0,0.5862594675121614
3951,0,0.3403421508793971
3952,0,0.32986774566971044
3953,0,0.39622290746335687
3954,0,0.3698264490865661
3955,1,0.3117416543744293
3956,0,0.339292995253681
3957,1,0.36624335722038526
3958,0,0.46999000349648107
3959,0,0.2988618334403262
3960,1,0.6123895137522636
3961,1,0.3568027883859011
3962,1,0.3799845152807347
3963,1,0.5112479058163746
3964,1,0.6815346963969849
3965,1,0.519510542933518
3966,0,0.4295715665858232
3967,0,0.3972851819116802
3968,1,0.6491572083981689
3969,1,0.5580098625914555
3970,0,0.33933548271182884
3971,1,0.32150286245215204
3972,0,0.5473726804308839
3973,1,0.4205294877691432
3974,0,0.5119133751732716
3975,0,0.47231014693525514
3976,0,0.5514696821924234
3977,0,0.5375578176620129
3978,1,0.34623395204685753
3979,1,0.6666996535334101
3980,0,0.3802538813445148
3981,0,0.5832579410005739
3982,1,0.6304213497190655
3983,1,0.546870426634578
3984,1,0.46467719330092466
3985,1,0.5093968158571412
3986,0,0.3920103184323531
3987,0,0.4215373100703968
3988,1,0.3560086761512398
3989,1,0.37381967748825917
3990,0,0.41784436246045864
3991,0,0.33232596711873924
3992,1,0.39927979897427096
3993,0,0.45595277532664474
3994,0,0.5
3995,0,0.6341328949547959
3996,1,0.7023184395776187
3997,1,0.6664932281674717
3998,1,0.6110126172156342
3999,0,0.4475421925628036
4000,0,0.3442299971457464
4001,1,0.600606620534773
4002,0,0.313821829010864
4003,1,0.6617165440796684
4004,0,0.3367222401041508
4005,0,0.737729419925598
4006,1,0.5591881901372582
4007,0,0.41685974725946884
4008,1,0.3824473955180165
4009,1,0.3143780777617002
4010,1,0.7750042575019161
4011,0,0.720336194214061
4012,0,0.3525995994825874
4013,0,0.5802166018975606
4014,0,0.5
4015,0,0.43677324701205916
4016,1,0.7123654187247969
4017,0,0.43510458521451806
4018,0,0.5479801054137449
4019,0,0.5958797988116415
4020,1,0.48261586877465223
4021,1,0.8081493830572286
4022,0,0.3832226328686925
4023,1,0.636616064526579
4024,1,0.6672275630990012
4025,0,0.4356563305051067
4026,1,0.5967423426482488
4027,0,0.4668841080949413
4028,0,0.802379529064272
4029,0,0.35337332612129985
4030,1,0.6661022754619677
4031,0,0.40951688963700267
4032,1,0.6028966741902503
4033,1,0.7126786457043589
4034,0,0.3429624616463126
4035,0,0.3511296890004801
4036,0,0.5900810872134903
4037,0,0.33675735618589364
4038,0,0.31466815064953946
4039,1,0.757744938549886
4040,1,0.3479067617175799
4041,1,0.8358044964501257
4042,0,0.5564896845932081
4043,0,0.627876814398766
4044,1,0.48390616852981994
4045,1,0.3628522702029575
4046,0,0.6455880460025876
4047,0,0.48802390414236746
4048,0,0.424915538111278
4049,1,0.3020368332771159
4050,0,0.2879465563080773
4051,0,0.3435560156194988
4052,1,0.40247300355443993
4053,1,0.7385194807251116
4054,1,0.3444341006744197
4055,1,0.6346105073263149
4056,1,0.5827232605449885
4057,0,0.4233855873304376
4058,0,0.5152268315563306
4059,0,0.37816832822757074
4060,1,0.37979979507153316
4061,0,0.6355341197629746
4062,0,0.589254518449629
4063,0,0.5691909816551293
4064,1,0.330329928946265
4065,0,0.357055457998941
4066,1,0.6369522615871862
4067,0,0.4122835009360762
4068,0,0.33752767205057327
4069,1,0.6907627679537314
4070,1,0.763399632917672
4071,0,0.5893422523455565
4072,0,0.3275044090433612
4073,0,0.3843411456396993
4074,0,0.5204456790886619
4075,1,0.6682687697776368
4076,0,0.33941471335189854
4077,1,0.7108231198681629
4078,1,0.4352708848156546
4079,0,0.35120770422887765
4080,1,0.4218423564934264
4081,1,0.7569706062346325
4082,0,0.5698246047940804
4083,1,0.7239590353187066
4084,0,0.4854681150870713
4085,0,0.36699768520011805
4086,1,0.5422992908963289
4087,0,0.3680955920920063
4088,1,0.6578596740851423
4089,0,0.6495870789010604
4090,1,0.5076363542340895
4091,1,0.316209614236447
4092,1,0.41346278205464576
4093,1,0.691098883172225
4094,1,0.7683297830988973
4095,1,0.41447999882948783
4096,0,0.3820827917537974
4097,1,0.6126231656400192
4098,1,0.6938849677538749
4099,1,0.667494939203985
4100,0,0.5
4101,0,0.4552103476874357
4102,0,0.34088492560533507
4103,0,0.44879657411085594
4104,1,0.3592124576377022
4105,1,0.6457991515341465
4106,1,0.3636123877572566
4107,0,0.34104553757233286
4108,1,0.6588864881035383
4109,1,0.5248492625720094
4110,0,0.6701360010219181
4111,0,0.6453027636731851
4112,1,0.6789192618484104
4113,0,0.6174265130102284
4114,1,0.3420571502358286
4115,0,0.5813036992006486
4116,0,0.6163046772533266
4117,1,0.47266348886642046
4118,1,0.4557611231383599
4119,1,0.4025993378428894
4120,0,0.3757717058133678
4121,1,0.7885519472337009
4122,1,0.382428592940163
4123,1,0.7059648314078619
4124,1,0.4239144123336727
4125,1,0.7659193956173455
4126,1,0.36783020680017864
4127,1,0.566407915261893
4128,1,0.6962112284855988
4129,0,0.3475884530310645
4130,1,0.35726103705808854
4131,1,0.39491503826306795
4132,1,0.5643399468392054
4133,0,0.3780169661155508
4134,0,0.5593187983294716
4135,0,0.6162386377327393
4136,1,0.8127196583331144
4137,1,0.34494919727945805
4138,1,0.6317305280266823
4139,1,0.6654883178925013
4140,0,0.3796930682341726
4141,1,0.6481055661369004
4142,0,0.6023130090151184
4143,1,0.47750662331146215
4144,0,0.7075912274072472
4145,0,0.3354687822361362
4146,1,0.43962452123708584
4147,0,0.5216385708242328
4148,1,0.6702365128425547
4149,0,0.3329228537984234
4150,0,0.5545905851332524
4151,0,0.3740009151580205
4152,1,0.3533378151408831
4153,1,0.637043182343779
4154,0,0.3917072628002745
4155,1,0.640338863640917
4156,1,0.4272824328157181
4157,0,0.4526140674108794
4158,0,0.33347095928193127
4159,1,0.4271484255489761
4160,1,0.4462897410238306
4161,1,0.3310166028433125
4162,1,0.5184912761708145
4163,0,0.3798954654033435
4164,0,0.5353021013423462
4165,0,0.44354080983391003
4166,0,0.6548536438738731
4167,0,0.6802159983814783
4168,0,0.3467716358720291
4169,0,0.32046913312604475
4170,1,0.45787204348143595
4171,1,0.6723162222199108
4172,1,0.5570856654534941
4173,0,0.3096407555451019
4174,1,0.6193543715296518
4175,0,0.36941050227085503
4176,1,0.6151859843340746
4177,1,0.6535671451224287
4178,1,0.7079365338520928
4179,0,0.3763187588286306
4180,0,0.4716602982589557
4181,0,0.429356185647853
4182,1,0.8441089399880797
4183,1,0.7149460704684656
4184,0,0.5536285369387214
4185,1,0.6840974714249682
4186,1,0.46134896930045044
4187,1,0.3964748819877205
4188,1,0.6954967119952344
4189,0,0.3408293305822248
4190,0,0.5595886103177086
4191,0,0.46439759162167354
4192,1,0.3483072080848101
4193,0,0.4704161865056975
4194,1,0.7454129536125513
4195,0,0.348370373230885
4196,0,0.3319299638548303
4197,1,0.4549186951045096
4198,1,0.4616508770351261
4199,0,0.6425961524412764
4200,0,0.6183289762638099
4201,0,0.49383414903920375
4202,1,0.3379311140537351
4203,0,0.49226649508406856
4204,0,0.35393468579555215
4205,1,0.6479715312612988
4206,1,0.3718918488525038
4207,0,0.34144493159393274
4208,0,0.34276817735230447
4209,1,0.4180434335902451
4210,1,0.4476069667547977
4211,0,0.4106957901799081
4212,1,0.7302362556855593
4213,1,0.41479773468966014
4214,0,0.4838276052988503
4215,1,0.5873089479317096
4216,1,0.7393631471163106
4217,1,0.6986788797736132
4218,1,0.4804954168290868
4219,0,0.40419495626050056
4220,0,0.40561714670823124
4221,0,0.49397689540608364
4222,0,0.5197311814223076
4223,0,0.6484326492118279
4224,1,0.5641889516196117
4225,0,0.35629130306542434
4226,0,0.33538090178319885
4227,0,0.3229245333708333
4228,0,0.6038843226647846
4229,1,0.3318681008598346
4230,0,0.6199364620396794
4231,1,0.7639530833955176
4232,1,0.3152353539456116
4233,1,0.37517513577619643
4234,1,0.48952833272994895
4235,0,0.31125210246533924
4236,1,0.7157647710559802
4237,0,0.3979066421360802
4238,0,0.3214725808916296
4239,0,0.34506747512606084
4240,0,0.5459449134416159
4241,1,0.5050210428179559
4242,0,0.6922135007904574
4243,1,0.7688461651790541
4244,1,0.6781132971286611
4245,1,0.32881382245313806
4246,0,0.3439468176779775
4247,1,0.34257238197560624
4248,1,0.3459647129409697
4249,1,0.7106318861982559
4250,1,0.5242841936802377
4251,0,0.4489192505146761
4252,0,0.33672652276913556
4253,1,0.31567798245845974
4254,1,0.7883883674708401
4255,0,0.5639344950469054
4256,0,0.5
4257,1,0.40373190283261023
4258,1,0.37939268947791127
4259,1,0.36161598960781144
4260,0,0.3857362667266588
4261,0,0.3594747774014498
4262,1,0.31908792809881237
4263,1,0.44022752705135537
4264,0,0.6789119049235959
4265,0,0.32161975584959474
4266,0,0.4428686432553343
4267,1,0.4600974607977665
4268,0,0.31367616594265424
4269,1,0.418388311281989
4270,1,0.8053704049804133
4271,0,0.35494446050661993
4272,1,0.5835206821180411
4273,0,0.35235919187973364
4274,1,0.6091781399015284
4275,1,0.6122556945799063
4276,1,0.44257266194136563
4277,1,0.3783209173030825
4278,0,0.5119183234462643
4279,1,0.7305892769907449
4280,0,0.33877646920390597
4281,1,0.5
4282,0,0.35109984760680774
4283,1,0.5500661206703434
4284,1,0.6920373823287042
4285,1,0.4469578083928373
4286,1,0.3674563926413639
4287,0,0.3130456227569964
4288,1,0.4352309499891213
4289,0,0.3363992246120327
4290,1,0.36830897827495335
4291,0,0.7143491957999354
4292,1,0.6183504782805502
4293,1,0.5
4294,1,0.72086382552356
4295,1,0.4039538738334882
4296,1,0.34277012834848447
4297,1,0.6727784885353378
4298,1,0.3108772275966288
4299,0,0.40678134348162626
4300,1,0.3949330872292622
4301,1,0.6561052036608906
4302,0,0.31084878794472404
4303,1,0.3069344105190616
4304,1,0.31435033052486616
4305,1,0.5438233281824097
4306,1,0.7673127943237633
4307,1,0.4284923220676752
4308,1,0.7509641911308094
4309,0,0.4802016046262724
4310,1,0.7505861777694935
4311,1,0.7137291607424555
4312,0,0.420229655090242
4313,0,0.3489532520344746
4314,1,0.6650653986157723
4315,0,0.5755147284063383
4316,1,0.6493588831666776
4317,0,0.6380369758250797
4318,1,0.3193544459389119
4319,1,0.5249301471383386
4320,1,0.7012774505395346
4321,1,0.43245798218007686
4322,1,0.31993670222863174
4323,0,0.48481071912073553
4324,0,0.31008734975639185
4325,1,0.7768858414544709
4326,1,0.4249034804236715
4327,0,0.33977625274751616
4328,1,0.7084155680435754
4329,1,0.6728007997965516
4330,0,0.3688082731849261
4331,1,0.330055855480762
4332,0,0.7930949517178644
4333,0,0.4858699598024723
4334,0,0.3567341925889291
4335,0,0.5408197877530221
4336,0,0.4201300250097658
4337,1,0.41257364606379343
4338,1,0.34945487513030227
4339,1,0.7105272182531718
4340,0,0.6064012749452972
4341,1,0.31592706933532433
4342,1,0.7332388731035507
4343,0,0.40333494379873863
4344,0,0.30793247087426134
4345,1,0.7175932659681962
4346,0,0.39510468101503987
4347,1,0.3001966612629705
4348,1,0.4869153891171087
4349,0,0.3584261600971447
4350,0,0.5310446929966703
4351,1,0.4338572057498417
4352,0,0.6325130549252012
4353,0,0.36691393483936874
4354,1,0.3118775430238039
4355,0,0.3536024830107856
4356,1,0.6821621446496309
4357,1,0.5932530963751046
4358,0,0.532810656747689
4359,0,0.35603205178406533
4360,1,0.49218880323219166
4361,1,0.46075103612921675
4362,0,0.47120036529510206
4363,0,0.4224381305124875
4364,0,0.4404341264150944
4365,1,0.3357778407535012
4366,1,0.7114276681228037
4367,0,0.3399525530171885
4368,0,0.3337525164107491
4369,1,0.5225303451004991
4370,0,0.35848361896008607
4371,0,0.3363921556061397
4372,0,0.3134386940259204
4373,0,0.4498649739821091
4374,0,0.5688017247959073
4375,0,0.38335215379769644
4376,1,0.37974750627223114
4377,0,0.35305765354289026
4378,1,0.5787033437064074
4379,1,0.3108444838826362
4380,0,0.6293942949351675
4381,0,0.7589147003392824
4382,1,0.7240369862314685
4383,1,0.3639983877903698
4384,0,0.38793575353868787
4385,0,0.3861227250415038
4386,1,0.7825607249724369
4387,1,0.47330203590846226
4388,0,0.6166952848825706
4389,0,0.3829086591036259
4390,0,0.5564701566518724
4391,1,0.7388076456891798
4392,0,0.4078284569024899
4393,1,0.7336795225070727
4394,1,0.7073660534942138
4395,1,0.45272894188990576
4396,0,0.6718415455806854
4397,1,0.7364418821305581
4398,1,0.7406475318345876
4399,0,0.330515673980068
4400,0,0.5163277041528817
4401,0,0.5191269125657373
4402,1,0.5351042438323895
4403,1,0.5068787066209312
4404,0,0.3332921450040363
4405,1,0.6650641213660078
4406,1,0.3396996919130768
4407,0,0.3558760789226861
4408,0,0.3680768263031293
4409,1,0.6677404618133802
4410,0,0.46427740833085407
4411,0,0.4331628833071455
4412,0,0.5902553537962919
4413,0,0.29108152819180144
4414,1,0.7360620090869356
4415,0,0.5551772994029045
4416,1,0.42587184581740795
4417,0,0.35883176479514006
4418,0,0.3230466952280493
4419,1,0.6478152265576295
4420,1,0.5245155321486461
4421,1,0.5814117580395738
4422,0,0.4832370024240985
4423,0,0.3399600680727007
4424,0,0.3453086919249138
4425,0,0.333056992970728
4426,0,0.3583384510996661
4427,0,0.633667018294635
4428,0,0.5337826661218877
4429,1,0.3560563389825375
4430,1,0.593761404710357
4431,0,0.7100251727912955
4432,1,0.3778313560438944
4433,0,0.5253526519742808
4434,1,0.6138597914640772
4435,1,0.5822769245444475
4436,0,0.35463879451028135
4437,1,0.5469889818341931
4438,1,0.7356174989240222
4439,1,0.7657400968042221
4440,1,0.40582924862501885
4441,1,0.5
4442,0,0.3590486494648881
4443,1,0.37249878868165576
4444,0,0.4185977137283329
4445,0,0.3488252005934614
4446,1,0.45266129629467766
4447,0,0.49464619728975534
4448,1,0.6946384287786487
4449,0,0.5280756963078674
4450,1,0.5801707344918628
4451,0,0.5579877800257518
4452,1,0.6421810099138414
4453,1,0.7132555606771367
4454,1,0.7650264370367259
4455,1,0.5
4456,0,0.47668932600457264
4457,0,0.32097260606906697
4458,0,0.5074309965675421
4459,1,0.5275208942123003
4460,0,0.5223148998315774
4461,1,0.6913164840014521
4462,0,0.5222229355496211
4463,1,0.3857283952547155
4464,1,0.4196597925550029
4465,1,0.708634930952815
4466,0,0.4632151613133341
4467,1,0.5855698641202045
4468,0,0.4095545395511709
4469,1,0.46372697701703053
4470,1,0.4869249111108335
4471,0,0.3675070036051494
4472,0,0.5164308247148334
4473,1,0.6356027280231618
4474,1,0.7428550561129306
4475,0,0.6627639474131296
4476,0,0.4126761343936776
4477,0,0.774104780758219
4478,1,0.6319293233314061
4479,1,0.8073174753763372
4480,1,0.4784910214016564
4481,0,0.569959681494628
4482,0,0.3798699642053381
4483,1,0.5508538362471547
4484,0,0.4151387525257826
4485,0,0.31795861646630214
4486,0,0.6490153541944219
4487,1,0.6136727200462486
4488,0,0.6035678277651955
4489,1,0.36062877145663796
4490,1,0.3623527001650774
4491,1,0.6690640361539473
4492,1,0.7807928440731339
4493,1,0.31884728135185403
4494,1,0.34220004250852804
4495,0,0.4400975253598266
4496,1,0.3445667158524155
4497,1,0.6875885602969167
4498,0,0.5444591314509568
4499,0,0.44982902145038056
4500,0,0.42474010416675917
4501,0,0.5
4502,1,0.4325544554446866
4503,0,0.37591844356258597
4504,0,0.6783680248913858
4505,1,0.7737425259161886
4506,0,0.36912765474802517
4507,1,0.33839480338646405
4508,1,0.7228392990547143
4509,1,0.7559998727667357
4510,0,0.5857869940100713
4511,1,0.5497417376733336
4512,0,0.3329752092450649
4513,0,0.35018037952645004
4514,0,0.35890258283961984
4515,1,0.6907574895036386
4516,1,0.4513319444640203
4517,0,0.4522940476493573
4518,1,0.7486933323408738
4519,1,0.7128741389331757
4520,0,0.5783729991916635
4521,1,0.7747408309272173
4522,0,0.6761552559489784
4523,0,0.4693478093128311
4524,0,0.5852601665773846
4525,0,0.4336663139018164
4526,0,0.36256184778542494
4527,0,0.3620248673969467
4528,0,0.31784798248847723
4529,0,0.37157539964276476
4530,1,0.44183863454574324
4531,1,0.7003619038488799
4532,0,0.744219622565441
4533,0,0.3437354350203153
4534,1,0.36287581552222253
4535,0,0.5600523367162192
4536,1,0.6087119656478399
4537,1,0.579242799141961
4538,1,0.7704717318201393
4539,0,0.6535610499422001
4540,1,0.7706454542159745
4541,0,0.3657366410281895
4542,0,0.3337629559900844
4543,1,0.5973830331600194
4544,1,0.7456902658545078
4545,0,0.6511919605466414
4546,0,0.38690454864786117
4547,1,0.34390828021143
4548,1,0.6529597319040364
4549,1,0.4110861951784173
4550,1,0.5562086373606073
4551,1,0.5697811784314096
4552,1,0.7293996388669751
4553,1,0.4689958894578765
4554,0,0.36326644442376393
4555,0,0.6747124699072897
4556,1,0.3625261164843335
4557,0,0.36070976034967883
4558,1,0.36116849834997966
4559,1,0.6278179271335871
4560,0,0.774892999752719
4561,0,0.3322808248142314
4562,0,0.5997101287230374
4563,0,0.5269853575356109
4564,0,0.38026645774613027
4565,1,0.40416301937746635
4566,1,0.3775179604565981
4567,1,0.630246970049588
4568,0,0.3637643224549511
4569,0,0.6863404949431834
4570,0,0.7163520638916944
4571,1,0.597300698606264
4572,0,0.34971335862297204
4573,1,0.5375600952411088
4574,1,0.7303583876609904
4575,0,0.6216402851176607
4576,1,0.35355804409771074
4577,0,0.4418804052226931
4578,1,0.7206274963710588
4579,0,0.4075777765600974
4580,1,0.6801484416396872
4581,1,0.41350728048098573
4582,1,0.44678463733466156
4583,0,0.4195149599683001
4584,0,0.7429000122168087
4585,0,0.35613820304426297
4586,0,0.4719076939241227
4587,1,0.3435287983723956
4588,1,0.3172027103253687
4589,0,0.3738629624815277
4590,0,0.34785960941092686
4591,1,0.6818464975712312
4592,0,0.4677141870453515
4593,0,0.530581675058835
4594,0,0.32017110739039917
4595,1,0.8001832221133559
4596,0,0.7332690740743731
4597,1,0.675541129757312
4598,1,0.516397914854511
4599,1,0.34533574589821264
4600,1,0.7285632803634886
4601,0,0.6382698705392793
4602,1,0.40960772929703143
4603,1,0.33132008096880716
4604,0,0.5
4605,1,0.3813157785424279
4606,1,0.34751303384015964
4607,1,0.6239517472973017
4608,0,0.3307747319015986
4609,0,0.4781890185056191
4610,1,0.46622721613739826
4611,1,0.4438438734764773
4612,0,0.3196529414061679
4613,1,0.5188826274890754
4614,1,0.4672651758412592
4615,0,0.6115599210875756
4616,1,0.5908065441340463
4617,0,0.3433431361479968
4618,0,0.40471082159317123
4619,1,0.5237582488175999
4620,1,0.3433627135904351
4621,0,0.603418658291852
4622,0,0.31519779549187343
4623,1,0.557514012579082
4624,1,0.5474347181446724
4625,0,0.3300817529576387
4626,0,0.47400884399479043
4627,1,0.6389673839714787
4628,1,0.7415872727120847
4629,1,0.6906217666054055
4630,1,0.7107276445889417
4631,1,0.6185464280962224
4632,1,0.5864304662105831
4633,0,0.3173905562822309
4634,0,0.43668980432752474
4635,1,0.7513723242841197
4636,1,0.4537962479749046
4637,1,0.34618726297243796
4638,1,0.6868894704298284
4639,0,0.669969652226025
4640,0,0.3125386720314884
4641,0,0.311705847682002
4642,0,0.36710908254268443
4643,0,0.3221618665545603
4644,1,0.3938012274173529
4645,1,0.35246034399495163
4646,1,0.4480575434037045
4647,0,0.42990763916698815
4648,1,0.5277294836506876
4649,0,0.3433481286610176
4650,0,0.6332737148082789
4651,1,0.748774431321741
4652,1,0.6951896271108966
4653,0,0.7399167194954221
4654,0,0.4140763095783903
4655,0,0.36964519535811297
4656,0,0.3972514161193698
4657,0,0.3719821609624506
4658,0,0.33114689052767043
4659,0,0.4342750861297447
4660,1,0.34248373792322473
4661,1,0.6714058261254434
4662,1,0.31507411583676254
4663,1,0.7073155569315016
4664,0,0.6767598223477944
4665,0,0.4041651748162443
4666,1,0.6182332760671639
4667,0,0.6174246269814415
4668,1,0.3388499086139169
4669,0,0.45883022791750094
4670,0,0.34484339017633686
4671,1,0.7355703125752194
4672,0,0.5640775156935922
4673,0,0.4047017591547507
4674,1,0.5401009943485373
4675,1,0.40790160843493095
4676,0,0.36576821687868044
4677,1,0.6270670298796954
4678,0,0.31638157651014787
4679,1,0.7763291391825503
4680,0,0.3693313502949114
4681,1,0.4333903626184339
4682,0,0.43459015513624766
4683,1,0.5302419586308771
4684,0,0.3541897952558268
4685,1,0.48102232300526165
4686,0,0.36584473471783746
4687,1,0.7175858566039321
4688,1,0.4597143586912959
4689,1,0.3759584399082143
4690,0,0.48636068920333864
4691,1,0.5774093149624498
4692,1,0.30780990175673706
4693,1,0.33719709948418947
4694,1,0.545276792651729
4695,1,0.3574478931787123
4696,1,0.35533160018940624
4697,0,0.33273511523825444
4698,1,0.3985146725469695
4699,1,0.3908412164564296
4700,1,0.32282897281151646
4701,1,0.31215903915073473
4702,0,0.40591177228479947
4703,1,0.6664521908818678
4704,0,0.3503792408322016
4705,1,0.3128129192801103
4706,1,0.3949974506288858
4707,0,0.3216181367227411
4708,0,0.31396236087410395
4709,0,0.3421771070386794
4710,0,0.6778410579536503
4711,1,0.7140620164461782
4712,0,0.440832158075532
4713,0,0.4644449836504457
4714,1,0.6217144369876099
4715,0,0.45981906193445476
4716,1,0.6681357640511868
4717,0,0.355397325112162
4718,0,0.5437160889046951
4719,1,0.5
4720,0,0.3920076264418948
4721,0,0.8065439381179684
4722,1,0.40954830706691825
4723,0,0.48805136641090024
4724,0,0.45003141514247624
4725,1,0.6715951174694081
4726,0,0.4909312255481501
4727,0,0.3353660010037536
4728,1,0.43108233512178185
4729,0,0.3459146927071156
4730,1,0.766128974603854
4731,1,0.7952809674728859
4732,1,0.3760869802432147
4733,1,0.48988131632177645
4734,0,0.46977744306180635
4735,0,0.6353343528962905
4736,0,0.35738392016558007
4737,1,0.6140593107118559
4738,0,0.670208809566708
4739,1,0.3878801603495352
4740,1,0.5645505071315984
4741,1,0.49375403485864644
4742,0,0.413087416302763
4743,1,0.46719832420241414
4744,1,0.813844099999158
4745,1,0.7196510621604838
4746,0,0.47423701733828055
4747,0,0.35742849560326745
4748,0,0.4900833042946213
4749,1,0.3596507938054181
4750,1,0.4437575023499384
4751,0,0.5
4752,0,0.34138831912425477
4753,1,0.7219259288622837
4754,1,0.5519329604630118
4755,0,0.434513245537514
4756,0,0.6873943791531926
4757,1,0.6357233693021356
4758,0,0.3170621819836158
4759,1,0.3766113310363532
4760,0,0.5187615325522164
4761,1,0.7216684591689323
4762,1,0.7489008055675836
4763,1,0.6461230661361893
4764,0,0.5606259014499376
4765,1,0.3721198466630133
4766,1,0.8043422722989084
4767,1,0.6486187344082087
4768,1,0.38840482198109305
4769,1,0.6869543892191006
4770,1,0.381477848521976
4771,1,0.6875702484827552
4772,0,0.5970166741234211
4773,0,0.35975347525418194
4774,0,0.5614292294859634
4775,1,0.5416971274275875
4776,1,0.6931681866800916
4777,1,0.7208695036610641
4778,0,0.3886084491309681
4779,0,0.3961820149944794
4780,0,0.45622881479448396
4781,0,0.3517158522208459
4782,1,0.7434415082711434
4783,0,0.5484679364616711
4784,1,0.46725731598696113
4785,0,0.6091817072193061
4786,0,0.3019815878683492
4787,1,0.3999002300735159
4788,1,0.7858119030346872
4789,1,0.6969750733906622
4790,0,0.366806907161971
4791,1,0.5227788381706213
4792,0,0.41237269007781924
4793,0,0.3579522417709943
4794,0,0.441327869842301
4795,0,0.4464645871334052
4796,1,0.7660377922907399
4797,0,0.5240412021685383
4798,0,0.3537666636078627
4799,0,0.39881327854539356
4800,0,0.36139000070197747
4801,0,0.30231342799817834
4802,0,0.42147585055907033
4803,1,0.7217610983454155
4804,1,0.7392863842432666
4805,0,0.4278320942128746
4806,1,0.555781531254948
4807,0,0.356154477181546
4808,1,0.37558873790459746
4809,0,0.3708089769197337
4810,0,0.3729369061330714
4811,1,0.4046184740931081
4812,0,0.7164385430798192
4813,1,0.33083444772381104
4814,0,0.4086454584943964
4815,0,0.4073466116021943
4816,1,0.3384725693218349
4817,1,0.4006293307143911
4818,0,0.4944816776643457
4819,1,0.6547777867693677
4820,1,0.6817016376071454
4821,1,0.560091685085257
4822,1,0.47645391311621577
4823,1,0.7020287683076206
4824,1,0.7519803903239742
4825,1,0.6997431464821465
4826,0,0.3551447254246285
4827,1,0.743135693034858
4828,1,0.4634585255117678
4829,0,0.761420447618482
4830,1,0.4336544096234065
4831,1,0.7049830977044083
4832,0,0.4035252785928953
4833,0,0.41604305893568805
4834,0,0.3877304236614998
4835,0,0.6469920806666091
4836,0,0.5592548264923562
4837,0,0.38424242337818804
4838,1,0.41081825742404704
4839,1,0.3325066993346103
4840,0,0.36614383912009074
4841,0,0.7125225203574764
4842,0,0.3209833559334101
4843,0,0.3430219748816732
4844,0,0.6403654692560304
4845,0,0.31325817979492937
4846,0,0.3495879748695574
4847,1,0.4006023946004726
4848,0,0.42488129118267953
4849,0,0.3556715389201152
4850,1,0.6710541656478933
4851,0,0.40356031083541205
4852,1,0.30994986976434263
4853,0,0.37773995072406397
4854,1,0.7352864470072695
4855,0,0.5909481182689735
4856,0,0.463080106252923
4857,0,0.3388987613425429
4858,1,0.7403330458753287
4859,0,0.4854815037117076
4860,0,0.5
4861,1,0.5
4862,1,0.6635835671921587
4863,0,0.6176309016000117
4864,1,0.40655121235249464
4865,0,0.36044276802784964
4866,0,0.7624871695475142
4867,0,0.374775941942562
4868,0,0.7015571633894472
4869,1,0.5076806827720306
4870,1,0.7548983431747389
4871,1,0.6531080094320193
4872,1,0.36698740650528294
4873,1,0.3359765475565993
4874,0,0.38864810211294204
4875,0,0.34929666521159897
4876,0,0.6633111047129719
4877,1,0.4888171034324382
4878,0,0.385232210008113
4879,0,0.3402616057556061
4880,0,0.5
4881,1,0.398181434632639
4882,0,0.5537764147394071
4883,1,0.7354155523538092
4884,1,0.5538116801888333
4885,1,0.38456514991804713
4886,1,0.5691039141992439
4887,0,0.32934673516546714
4888,0,0.593893862081034
4889,1,0.6523537517525567
4890,1,0.554790004407753
4891,1,0.7232864925700262
4892,0,0.5942661434429025
4893,0,0.3547650394817497
4894,0,0.48234813155058115
4895,0,0.42110495433933814
4896,1,0.7556686060303026
4897,0,0.44037264179718394
4898,1,0.7697183252497942
4899,1,0.5194985428186999
4900,0,0.506239795977581
4901,1,0.3799156506489814
4902,1,0.38247604155064985
4903,0,0.4873522725411076
4904,1,0.6048665472537613
4905,0,0.5872426275722159
4906,1,0.7197309428923785
4907,1,0.3486077066366741
4908,1,0.4211025712110445
4909,1,0.6908944885517795
4910,0,0.34008298301118556
4911,0,0.3122745735717488
4912,0,0.5226210606441655
4913,1,0.5755787801853517
4914,0,0.5926157092873052
4915,1,0.4354223445742487
4916,0,0.3285423380531922
4917,0,0.5567766863695507
4918,0,0.672390249862227
4919,0,0.37298656333469454
4920,0,0.3334557756515765
4921,0,0.7311164578850529
4922,1,0.6455826685711559
4923,1,0.6865858557503716
4924,1,0.3846492620869187
4925,0,0.3827418950333485
4926,0,0.48772487034660544
4927,0,0.656136603776172
4928,0,0.3691204079569652
4929,0,0.5463106987760519
4930,0,0.3723828589259203
4931,0,0.38728333598480646
4932,1,0.36966235335496994
4933,0,0.3652126805538838
4934,1,0.5139775572565083
4935,1,0.6835701564668021
4936,0,0.6462152044569025
4937,1,0.48181294043163253
4938,0,0.3409957313656101
4939,1,0.6653713562854147
4940,0,0.32069963802613793
4941,0,0.3337769954690568
4942,1,0.650970691070444
4943,0,0.6066646591316082
4944,0,0.3418908878005248
4945,0,0.6861725079755088
4946,1,0.6576120138404346
4947,1,0.37305573590276775
4948,1,0.3406225192786818
4949,1,0.541642653659264
4950,0,0.645395473970687
4951,0,0.40428622010709026
4952,1,0.6485594173305417
4953,1,0.6989475378431745
4954,0,0.5
4955,1,0.38733161782483877
4956,0,0.3440757804215461
4957,1,0.6466634982536312
4958,1,0.3477916895006058
4959,0,0.3915200012179461
4960,1,0.3858184894227328
4961,0,0.6793392621889534
4962,1,0.42214049564886574
4963,1,0.6368286971126131
4964,0,0.5965656782494094
4965,0,0.7301856548812957
4966,0,0.520498571281021
4967,0,0.3867598012783654
4968,1,0.4114722728778573
4969,0,0.4007044717186841
4970,0,0.7449277845900729
4971,0,0.32878692515109414
4972,1,0.6668033431120449
4973,0,0.4809781126127623
4974,0,0.3319246431870682
4975,1,0.3726830032022466
4976,1,0.5407513178832674
4977,1,0.3889214991864884
4978,0,0.3475873329129
4979,0,0.6470761266577683
4980,0,0.3865094553909238
4981,0,0.39965081415515186
4982,0,0.372646878544543
4983,1,0.5092742399304728
4984,1,0.3550753167434772
4985,1,0.7231266168101402
4986,1,0.5784609466228312
4987,1,0.43186851743307014
4988,1,0.42595327970533764
4989,1,0.33489300350762474
4990,0,0.338422991982328
4991,1,0.36364051187049923
4992,1,0.7201631463798206
4993,0,0.5164281439799454
4994,1,0.31962259819872524
4995,1,0.7731950526035156
4996,1,0.33930352314979606
4997,1,0.6996374150670923
4998,1,0.31936742631162196
4999,0,0.3417396695248356
