index,probability
0,0.3057112886721473
1,0.5078132635190727
2,0.5843441451723735
3,0.42774061746779596
4,0.4177327400131414
5,0.4600459582079106
6,0.39902350959387334
7,0.630431921790805
8,0.5655297438607604
9,0.44041887721819845
10,0.7156075798190737
11,0.5805009264323825
12,0.6283223862471689
13,0.5814185053646008
14,0.5031448575114307
15,0.44012443482515007
16,0.3242081875142962
17,0.6089326788943169
18,0.2840981922234247
19,0.4597608540288936
20,0.6364970770996713
21,0.623043673091182
22,0.3105693727334992
23,0.356928189169151
24,0.5826811935747749
25,0.8784802585479278
26,0.3675896451258306
27,0.9785555164436246
28,0.38523742883456924
29,0.4465306576242716
30,0.5561910450090469
31,0.2891881218587897
32,0.5009958486688663
33,0.3636409909668264
34,0.3784524360071987
35,0.4527346337782226
36,0.33859457481113325
37,0.7430606773254235
38,0.601077868147026
39,0.6342626744567638
40,0.2999909064187618
41,0.37894803065728666
42,0.3599641851112494
43,0.6471023401657812
44,0.4739321459158443
45,0.2820969124291263
46,0.4148317504331273
47,0.39679122538658196
48,0.8322879085623109
49,0.4804516284981176
50,0.47363037455893353
51,0.4041095623670619
52,0.6545786608154232
53,0.5756231841578647
54,0.7356431693059018
55,0.5348585765249638
56,0.46051605158334097
57,0.5191764411255327
58,0.3967694412812017
59,0.6985453499434208
60,0.6065968424524625
61,0.6487621550939634
62,0.8143215181642887
63,0.5768679426470471
64,0.5821896734014296
65,0.5903280083907017
66,0.8598850608993266
67,0.8574659750433415
68,0.6030637405430234
69,0.6714873893911576
70,0.5377476499713163
71,0.26666306150670255
72,0.3217480814547388
73,0.34259859172901014
74,0.6268091226063542
75,0.3304077954157109
76,0.6865748139162741
77,0.559957432565527
78,0.4605428532868781
79,0.34840290434365934
80,0.5659187440017229
81,0.36818841114141054
82,0.5246367566398464
83,0.5524210323016095
84,0.6064544527355016
85,0.3618633718417571
86,0.3425282318961817
87,0.30773239811216163
88,0.3592416407143902
89,0.5470046456463185
90,0.28923144605912177
91,0.28677363584992305
92,0.4489405874747724
93,0.6763746956726145
94,0.5531373411227052
95,0.629045373055756
96,0.630445699653698
97,0.5028998477804196
98,0.6032037792713886
99,0.3772906226837626
100,0.4215770872647917
101,0.5434522474389051
102,0.3731224001984607
103,0.5555664399743947
104,0.5333927619204449
105,0.3310562400156598
106,0.4324291950871861
107,0.6167935667600671
108,0.8720577077395735
109,0.48296785119423113
110,0.5790671132262637
111,0.32822621407615643
112,0.3146206011438238
113,0.30718437202261833
114,0.811526585617216
115,0.47139115233192036
116,0.5574745660098537
117,0.4716364112785723
118,0.3230238044129923
119,0.7627001025346064
120,0.31588454610374894
121,0.4993390642747651
122,0.3691441429291908
123,0.6089306261802038
124,0.4198216401680268
125,0.32784401312063816
126,0.774962525118898
127,0.6011556330095557
128,0.3322991858875632
129,0.5668321228761848
130,0.45398621098940517
131,0.3728941506181905
132,0.5631968584757774
133,0.39323039098997237
134,0.5354123612735691
135,0.45469867837474126
136,0.43949461769947606
137,0.3636934765400617
138,0.6488732396832073
139,0.3856009021006771
140,0.5430363474468417
141,0.4664903702841621
142,0.7522928922498542
143,0.5602064104096757
144,0.34894136657218205
145,0.47405509676939167
146,0.31343109706130556
147,0.3337428230739408
148,0.3103723435227838
149,0.4461976010348323
150,0.5590689167535667
151,0.5708893254401748
152,0.9601126208428586
153,0.7572374554426559
154,0.6360997303178757
155,0.39302669850169175
156,0.3757785392914789
157,0.6794806597765526
158,0.4484013414490229
159,0.622789252102828
160,0.3140231528260646
161,0.431751419201354
162,0.4178178655882674
163,0.5803272306893229
164,0.40913193634261386
165,0.5237139020535015
166,0.5531493219063878
167,0.5236964300358588
168,0.7874571486661711
169,0.33856144948240047
170,0.3770204723196655
171,0.6933914619602399
172,0.6053633622889033
173,0.43636680848181786
174,0.6644204701523273
175,0.362476350866509
176,0.3705626724239371
177,0.28481039782363976
178,0.37920351544967335
179,0.7242534984573814
180,0.491549421537041
181,0.7439909518935408
182,0.3424989184120979
183,0.42232290220641744
184,0.9020189604725759
185,0.63760404125847
186,0.4989872269471931
187,0.49104744421456514
188,0.6330038424026043
189,0.4042306982648342
190,0.775111224566087
191,0.6691734230739238
192,0.4691471622731537
193,0.4770784917241109
194,0.31855107856317005
195,0.5863693349542968
196,0.47773155990711635
197,0.5606002167887373
198,0.5427050200034036
199,0.3857930292019579
200,0.6743596439632105
201,0.49233555252887634
202,0.5010934809460178
203,0.35981812614857583
204,0.9378316701916811
205,0.41607417452817264
206,0.6088334157605566
207,0.5018204989769347
208,0.46228448218524193
209,0.6884713805840682
210,0.4022074816859344
211,0.44526495140488814
212,0.5779476922488597
213,0.4186220745477257
214,0.5847978598337312
215,0.7680086522089165
216,0.5315724188579555
217,0.39282683020246656
218,0.515972611237685
219,0.4861774164528352
220,0.6063600382176818
221,0.4691337757195474
222,0.34670063559160497
223,0.4644057171501989
224,0.3369869360764987
225,0.6188664350910072
226,0.3351118040661259
227,0.5038690829296185
228,0.6256356145052345
229,0.5151278214094712
230,0.33057535653804937
231,0.4927018282868061
232,0.49796675708406235
233,0.37382840741163936
234,0.6679762743057053
235,0.5283120283889219
236,0.7376718219054296
237,0.3964515224597083
238,0.5746936496283597
239,0.6892618219442374
240,0.3953469675381334
241,0.39789440667372306
242,0.4741952021420926
243,0.5788071895322844
244,0.6696575184568241
245,0.9068593167201849
246,0.6570613667068858
247,0.4570041213722724
248,0.8346376280909505
249,0.42898955802687705
250,0.3282132981606552
251,0.5262585342519517
252,0.3159867543157014
253,0.31776953773126826
254,0.418723503430983
255,0.6744579818882901
256,0.43893606492568554
257,0.5015567796104017
258,0.5412087234605435
259,0.42294411116003455
260,0.634073589957666
261,0.35101837510513634
262,0.4201785781220141
263,0.302101057060323
264,0.3060295658888878
265,0.6110715505936413
266,0.4750791465815243
267,0.4198697353857397
268,0.6308470288046404
269,0.49329761980121933
270,0.6519385469057366
271,0.35951261163277176
272,0.4689964498147139
273,0.5885140515442411
274,0.5592704030715525
275,0.5256016291027369
276,0.5219058028878113
277,0.305449564628311
278,0.49320192834313215
279,0.4148701559257195
280,0.5430970107815997
281,0.6383077990222611
282,0.6994127440781931
283,0.521391366981933
284,0.43070676780895417
285,0.36073706604208894
286,0.34808752833223205
287,0.3599774677333003
288,0.47116599444406515
289,0.623260844631478
290,0.28259424464149896
291,0.4567473164871992
292,0.8391006822407387
293,0.4011995024183833
294,0.6436106330029859
295,0.47644735265821686
296,0.3719777843636956
297,0.5932073568744931
298,0.6550969512819261
299,0.9414107869229094
300,0.4340220218014348
301,0.32327235342131405
302,0.2837713150980574
303,0.8891451318058966
304,0.7889230589114126
305,0.558667671976647
306,0.7021277947912417
307,0.5153353970351547
308,0.714499414513915
309,0.4215467037500114
310,0.3483116033885708
311,0.5000522736402495
312,0.6499364314400139
313,0.844316604448092
314,0.7527560826657621
315,0.36561846289049993
316,0.27057427857655275
317,0.3077446263259523
318,0.37853563904355747
319,0.36837676310725537
320,0.49343258254847416
321,0.8632142218072398
322,0.4414811276795084
323,0.5241553316409278
324,0.59868246379482
325,0.6758765396371428
326,0.5758790759620033
327,0.4846119901294568
328,0.8023626905781562
329,0.44824722487186386
330,0.9238949499926511
331,0.3849765953825256
332,0.49619147422516413
333,0.4023887927703798
334,0.43479826486774664
335,0.7102194950822932
336,0.41781293678258286
337,0.896191806131012
338,0.6811561310547926
339,0.44800999723421053
340,0.3432416014610804
341,0.41909556183800245
342,0.5029979478032282
343,0.6623214644676432
344,0.475168812274412
345,0.755403231899002
346,0.5858768049437549
347,0.5921656394576358
348,0.4826971427058774
349,0.33953504897912085
350,0.2985141144144428
351,0.5934136373505868
352,0.40067507433093097
353,0.370714072914219
354,0.5700564341415882
355,0.33392592217722056
356,0.5199337987316935
357,0.682519417321017
358,0.26298871440362603
359,0.2894633756073235
360,0.8045678003026892
361,0.30632833466830156
362,0.3808577551575342
363,0.6116625523553455
364,0.6905948721140579
365,0.5036358685884704
366,0.43371376917171606
367,0.6874903841745982
368,0.6993616555597241
369,0.46235382424551236
370,0.4380492783090025
371,0.6925936975007241
372,0.5163558473800101
373,0.28438185886311595
374,0.5466477918871134
375,0.38976585693223226
376,0.3280676321657708
377,0.7253444979419442
378,0.4027232704108299
379,0.5933050197891998
380,0.3772198145371871
381,0.8550353371869506
382,0.395817951070149
383,0.7067248980705074
384,0.4788001061454788
385,0.6341676136012785
386,0.4250121408664858
387,0.4995532763592707
388,0.5146368614705485
389,0.9507371803220097
390,0.40039799439399976
391,0.9641292706720944
392,0.5453262261432864
393,0.4051906367545394
394,0.4067134952126826
395,0.3087259172840129
396,0.38925248183220884
397,0.36662514768117876
398,0.5662892906840918
399,0.5122173885664106
400,0.6612283119766799
401,0.8466644109211866
402,0.43093288414866016
403,0.49756551642288127
404,0.43875048032558467
405,0.48506767113906313
406,0.4823923214157582
407,0.374657895083172
408,0.3505161068959693
409,0.28070374202172216
410,0.732499057292564
411,0.7665135270137089
412,0.3251023555112306
413,0.41629769090334934
414,0.5262711972567781
415,0.41987038054471737
416,0.3650705675759508
417,0.2991316784953784
418,0.45232457330049597
419,0.43718923821254607
420,0.7924892423952334
421,0.5739992175112373
422,0.27706609535716953
423,0.3822792892727215
424,0.3961526587163947
425,0.31332615490237536
426,0.8241041920365121
427,0.4457911088814072
428,0.3633658519622524
429,0.4203962653045676
430,0.7788828252473838
431,0.6100339323005078
432,0.32415949936864974
433,0.4774622645493827
434,0.7891508060525064
435,0.49664441373741897
436,0.8492910472679749
437,0.26312870891779866
438,0.5262530910704345
439,0.5027529218000524
440,0.30789942116282987
441,0.5426181359852221
442,0.340644392585428
443,0.5225766150512644
444,0.3582167698401408
445,0.5295058051665861
446,0.5087205722376217
447,0.42238804754022125
448,0.46504212396890116
449,0.5618872533355783
450,0.35873098508485274
451,0.43830236752112683
452,0.5296962437931184
453,0.4326799499047279
454,0.45361368944302605
455,0.4154552725936627
456,0.8176434934566794
457,0.7407686853480403
458,0.3439286166303626
459,0.5610101729039657
460,0.7033959103372323
461,0.32162848112396875
462,0.41841654953045015
463,0.35877297967142285
464,0.44315901181262235
465,0.9328414587661615
466,0.8983614553169643
467,0.5594464059745973
468,0.39613938257637354
469,0.595636051531214
470,0.44831243167315693
471,0.34443780291160464
472,0.5423527860121806
473,0.3379445285725853
474,0.41450411298572937
475,0.7263988062882529
476,0.5481065702113396
477,0.32488789667528245
478,0.42319356332213004
479,0.44384651198633834
480,0.49406856030846646
481,0.43061824147437994
482,0.5799801736347592
483,0.3364847350939445
484,0.7475951713187525
485,0.41839306487082306
486,0.3484817609396423
487,0.5354227762725396
488,0.34839147635576223
489,0.45750249244551544
490,0.3097674668999436
491,0.5178313442345724
492,0.523267216216911
493,0.9036845471090295
494,0.5413603370318436
495,0.49726328262231057
496,0.6676325349938751
497,0.3392216257375325
498,0.2910914843942659
499,0.3696522261976148
500,0.7862125108365848
501,0.3889725403317046
502,0.786140740490597
503,0.6344493534694896
504,0.6575376197471419
505,0.3317804277510254
506,0.2842005123270913
507,0.2954974615800021
508,0.41306433262863584
509,0.5496173558433856
510,0.3439132181157989
511,0.29414435753621565
512,0.4403942810016169
513,0.35427555300306385
514,0.6002471380750867
515,0.6942423134543662
516,0.5230138173218195
517,0.7612666097745393
518,0.430732647014943
519,0.6088598469644801
520,0.4372990418933395
521,0.4951268515483871
522,0.2860106547717018
523,0.7246028932743671
524,0.5470634691879697
525,0.28271163991004994
526,0.6532887352482469
527,0.5320128025435061
528,0.5628449933909702
529,0.42580246331912597
530,0.7292313064414742
531,0.6049384979455241
532,0.3491917174872196
533,0.4757638925450077
534,0.544256749632672
535,0.6178993294168641
536,0.7569027798925811
537,0.44425703720624166
538,0.5224989810468044
539,0.40078471065633786
540,0.30635957897056404
541,0.414741945406881
542,0.43586223557178455
543,0.3666557031469728
544,0.5185089195918964
545,0.32321615942351395
546,0.37528493456440337
547,0.3142928120322316
548,0.6040240933170562
549,0.44955449284542964
550,0.5810904478058775
551,0.37365312669704687
552,0.332987848047988
553,0.4218147086315101
554,0.39621299789488407
555,0.3181514858421497
556,0.581097164719345
557,0.5321256708008558
558,0.36358028252840663
559,0.419857126915986
560,0.8561712039549754
561,0.7524528089946021
562,0.5703081881111572
563,0.5552035996807029
564,0.5526374522141545
565,0.3229377521107016
566,0.7322647701662405
567,0.50672832423083
568,0.4730915776017378
569,0.5133024732641727
570,0.7084987462384741
571,0.2783798000674308
572,0.3950149082767061
573,0.36854944053934285
574,0.5789240366491271
575,0.47551910668903197
576,0.7077443494570568
577,0.3295715325846256
578,0.3416474146791695
579,0.39017537290246257
580,0.6866801805013094
581,0.753338650455555
582,0.5053973672295257
583,0.8081847464075231
584,0.4546697752631321
585,0.5954030528866212
586,0.375510687106054
587,0.5168074177602409
588,0.3405503842619936
589,0.8690045180703335
590,0.3062603345747841
591,0.6943491896496452
592,0.40362107258703217
593,0.4894334719286921
594,0.3261711035858045
595,0.3765189054701959
596,0.9882143157788801
597,0.5744544989300095
598,0.3991915267152148
599,0.5416334228425872
600,0.30068010227038244
601,0.30147095117256006
602,0.41443131820510026
603,0.9129754961119239
604,0.8551762509158403
605,0.7469268300701182
606,0.5409835820742955
607,0.3410425807444121
608,0.3122766967738782
609,0.8460005915295832
610,0.47314923132105813
611,0.4405052830090373
612,0.5543086133996306
613,0.7148836445464363
614,0.538440519172785
615,0.49843195827624315
616,0.7800109462310292
617,0.8401738851502975
618,0.35444091549208384
619,0.27054690881363364
620,0.37689780941687895
621,0.3346209216713581
622,0.525089811233669
623,0.6336534355290782
624,0.5595401330139155
625,0.4757950135253956
626,0.42293437827006225
627,0.35772122944169793
628,0.3856931183051538
629,0.3235687792688624
630,0.611692556055511
631,0.5209013612860648
632,0.554567815736676
633,0.3819769484944638
634,0.5272535057070769
635,0.4924818177197131
636,0.5972337624205906
637,0.5847891799023186
638,0.47132641207454407
639,0.3511803188608599
640,0.4819209189830884
641,0.39302594626694143
642,0.7228140948815114
643,0.34938693013391375
644,0.4668379746615785
645,0.6117144218483457
646,0.40525248439616857
647,0.6339010784369239
648,0.5470351397200225
649,0.33043153773181566
650,0.412171245398008
651,0.38529057543508405
652,0.5741743767724188
653,0.39195904535164794
654,0.8520336349199105
655,0.28920241953528625
656,0.5061987164392661
657,0.3578504894414017
658,0.41182365498022655
659,0.7350255676928359
660,0.45283022909703263
661,0.6421829275381725
662,0.7696140332262511
663,0.6619755771308731
664,0.35973116999643
665,0.6068719145032555
666,0.4694585033529316
667,0.2783889392250418
668,0.3287456737525319
669,0.40375986242496475
670,0.5774838889477053
671,0.3038081159316499
672,0.5708737193015546
673,0.7106837190401099
674,0.3882359779282018
675,0.5332897731507567
676,0.3301143111038737
677,0.4224200607295343
678,0.4190013903867724
679,0.7697361429910929
680,0.3968397585570923
681,0.4260906088688296
682,0.6715056701153248
683,0.6339187500682539
684,0.5506506776826128
685,0.3112110423037294
686,0.7074592164828789
687,0.6795990223828732
688,0.5270797626567632
689,0.4140918376382023
690,0.40665716121474615
691,0.4241378560211524
692,0.3533722500166077
693,0.31435859282351825
694,0.3692207598149728
695,0.4597581157851726
696,0.33007507562154254
697,0.40057547564543106
698,0.5173269613996677
699,0.6429437484933387
700,0.3349840409280203
701,0.461783378448119
702,0.39939871286652817
703,0.7751991392134109
704,0.721928866248982
705,0.808544576583076
706,0.37629199583542267
707,0.48718057431128
708,0.43871852098740954
709,0.34744221220107174
710,0.6287160709320722
711,0.4126958068450577
712,0.8064499170290106
713,0.37486711378609633
714,0.48410188467210835
715,0.8310534336686994
716,0.5010545862016893
717,0.6589406241982133
718,0.7281202867877862
719,0.5506769862048946
720,0.36480009451706297
721,0.40398572129104715
722,0.5486667444218389
723,0.6453878998294362
724,0.3892012196814938
725,0.3787968844059695
726,0.3581838651019036
727,0.38856475962554793
728,0.4369505604723634
729,0.7153544503058058
730,0.5505670480609158
731,0.48064112643733464
732,0.32218103266318876
733,0.5955093901650638
734,0.6357327567711836
735,0.46646697943822735
736,0.4898178762759337
737,0.3355680007794647
738,0.5029142508978036
739,0.41870599222763155
740,0.48139666263516595
741,0.5597394070992046
742,0.620047698328781
743,0.41323110894933535
744,0.39325993706462753
745,0.31676525855357046
746,0.4808494880757805
747,0.5704500179155447
748,0.3502402602735494
749,0.3406130754784146
750,0.5504542087005903
751,0.34385524435065495
752,0.4270213528326985
753,0.40638486443159555
754,0.4762112785642724
755,0.5140787035749039
756,0.3298795163103907
757,0.5949897075911292
758,0.607293868880864
759,0.32018838409252637
760,0.5597798730850042
761,0.5149038290165442
762,0.837520791488878
763,0.4924930183267915
764,0.40521344872713644
765,0.523584727066112
766,0.8146528506024232
767,0.602888675514348
768,0.47076786790772995
769,0.29659342441672437
770,0.4081826341052593
771,0.6943375285260165
772,0.6739233586285689
773,0.26752185888102387
774,0.4577361402722346
775,0.4464226280368908
776,0.5580201156433191
777,0.3738220996365562
778,0.3675355300063501
779,0.49817801333481637
780,0.627057178529381
781,0.38452229833514723
782,0.3764098308865172
783,0.30003090140088634
784,0.6040247073292541
785,0.5255198275011846
786,0.3692079317332609
787,0.5130734498970723
788,0.7261181431130337
789,0.420806478526808
790,0.4681028527469959
791,0.41709879695002205
792,0.5059760434828561
793,0.48216734260878796
794,0.41400462417367356
795,0.5556766016508212
796,0.39813869426448717
797,0.43828959337326956
798,0.26534968402363796
799,0.2889629704128239
800,0.5545106961553179
801,0.8605588679999794
802,0.4666007079396334
803,0.6543375934474579
804,0.4712792992826345
805,0.3432499510312007
806,0.6143061820331437
807,0.43542912363827485
808,0.7236563128347283
809,0.5016624474888174
810,0.3699553035145809
811,0.319760232192249
812,0.39580370220133193
813,0.7557049942571041
814,0.3958822481960533
815,0.8757605093102704
816,0.5641757334902441
817,0.3700049813906578
818,0.800868981783357
819,0.3442693082989495
820,0.5187666957355563
821,0.5696591136324813
822,0.9686144288187944
823,0.33768502755051344
824,0.33515325224897086
825,0.40092086285460193
826,0.5401333834251271
827,0.4867249571721447
828,0.5709639983665472
829,0.5814067202946377
830,0.3951885333177345
831,0.6010257932556445
832,0.5605399347247029
833,0.36408230415632475
834,0.6525980321396437
835,0.768255025326026
836,0.4576613326071548
837,0.3331796766951625
838,0.4518639103687449
839,0.8516487630566004
840,0.5816219253642497
841,0.46894550108358796
842,0.42354005504613906
843,0.47731335273205944
844,0.4037431763110166
845,0.5686862475799783
846,0.8151097882424609
847,0.8004202063787141
848,0.6104348227209023
849,0.4686725152692697
850,0.5719705490457249
851,0.33132094841925736
852,0.5529110198800921
853,0.6970250166745421
854,0.4811138587908801
855,0.8436141096091263
856,0.3005132697543482
857,0.505830233012629
858,0.38203363020227743
859,0.5274624737765022
860,0.45373269189720566
861,0.33876136693944076
862,0.4570937559441618
863,0.3227894978278395
864,0.551829475359463
865,0.4816114139231297
866,0.39500598634429146
867,0.3735456952541625
868,0.4842775595855643
869,0.8043249045982271
870,0.6690108797424705
871,0.47816260466168836
872,0.51513108293817
873,0.42535374378483176
874,0.4954700146579701
875,0.5970723663511162
876,0.45002155021296936
877,0.612607742413998
878,0.5305215523829323
879,0.2931607396510351
880,0.6201488230835868
881,0.7222376988535404
882,0.6824250662121288
883,0.7052690457031624
884,0.48123860936146207
885,0.348009861066342
886,0.4702342563115044
887,0.6023297577494439
888,0.3608479766217218
889,0.4375369901434861
890,0.9303857669286039
891,0.4946526834807808
892,0.38610676211347494
893,0.44595645048503374
894,0.5008247197793716
895,0.5955250326733516
896,0.5558763272613613
897,0.3783166791974985
898,0.3491688706209264
899,0.34886198303266014
900,0.5284814756776318
901,0.44291350843749094
902,0.6114271106398961
903,0.669111016602311
904,0.5364325765554797
905,0.4291491285900243
906,0.3903690945042837
907,0.3379637718264277
908,0.3428698515472271
909,0.48512152628711813
910,0.6099819871179989
911,0.40148667418396905
912,0.6067635302934754
913,0.5276763956463509
914,0.5779164921035888
915,0.7659319516222893
916,0.29690087933188675
917,0.7392388387247605
918,0.4414247363071228
919,0.7163349442399614
920,0.8358261605330181
921,0.34127826216939217
922,0.3162119729971502
923,0.3497545742120229
924,0.550434947495857
925,0.4636789252099291
926,0.3451621376404732
927,0.4415286494854895
928,0.402400629675188
929,0.5320200414025817
930,0.3334007608293857
931,0.3514519271522688
932,0.3628515093041511
933,0.7043003963983088
934,0.37030647877886036
935,0.5334196232662949
936,0.4834463739401048
937,0.4145029974519879
938,0.9341019639917293
939,0.6610648773474669
940,0.5750164241433304
941,0.3545555765379678
942,0.5179218919773411
943,0.8068181287454035
944,0.8490707478520042
945,0.644016817146432
946,0.4801506388989019
947,0.33412974341325796
948,0.627516507923358
949,0.4196804286508116
950,0.8292347043187448
951,0.42969656083814456
952,0.4779737746158546
953,0.47246746697634884
954,0.3075528695290819
955,0.6028971225085935
956,0.29775423332610235
957,0.3792212194948951
958,0.38393819932271006
959,0.4018718718099523
960,0.47688769548503535
961,0.2729527112001229
962,0.4993103648234549
963,0.5907459312025835
964,0.39190038249168635
965,0.41839650591723354
966,0.36152398891255544
967,0.3721490673846916
968,0.4620142871975976
969,0.3354153354814341
970,0.4169353801010572
971,0.7024686329839128
972,0.5489771628016566
973,0.338534697885682
974,0.6197702652892221
975,0.32729413150332654
976,0.3742921434103701
977,0.6289245431695316
978,0.35146954674837766
979,0.8166459172179411
980,0.4236399123460625
981,0.6100761230533861
982,0.4061281938873463
983,0.5147430853091713
984,0.6561282687881063
985,0.4208757917428876
986,0.41376755617521166
987,0.6398680363766822
988,0.3956336073944446
989,0.6672778349253167
990,0.34976612661370465
991,0.582186103136297
992,0.3169801470698554
993,0.33452969195621746
994,0.30133182387008717
995,0.4537654851901892
996,0.6080980037169472
997,0.6394800996806689
998,0.3651571787989062
999,0.6410058029858919
1000,0.37840245916020837
1001,0.49093719473430486
1002,0.29941473835711735
1003,0.5185541823705089
1004,0.32338744810388986
1005,0.7716864842856089
1006,0.4340428988249969
1007,0.6712511257252113
1008,0.2769066619817599
1009,0.48477371100407085
1010,0.3002808969303899
1011,0.6190378535223542
1012,0.37636334695471757
1013,0.3706051597378742
1014,0.8399257484206412
1015,0.41012742169724314
1016,0.4117833529946146
1017,0.3145192593779605
1018,0.46272013478090607
1019,0.34986147063130374
1020,0.44427367528026523
1021,0.4026731231792047
1022,0.5346452429555695
1023,0.470496083810259
1024,0.4835079286177973
1025,0.7579455487165628
1026,0.6493163592256475
1027,0.5755216286649811
1028,0.3412687280898476
1029,0.6072796156121578
1030,0.5034652036440966
1031,0.41882350498933646
1032,0.29075214629976237
1033,0.41386982826435065
1034,0.4085351551343795
1035,0.34147949071257466
1036,0.48970825833678355
1037,0.31040655279621265
1038,0.3153191397719247
1039,0.4922107012278309
1040,0.44823503891862
1041,0.40861133093070107
1042,0.4765050455506877
1043,0.4920844311637166
1044,0.4117569423135377
1045,0.4611357053460316
1046,0.31512893938479375
1047,0.5558692765431986
1048,0.3974934434865115
1049,0.4789819741425912
1050,0.6817524734766429
1051,0.4682720068322795
1052,0.8514757240879586
1053,0.44388032784103715
1054,0.40936300479122717
1055,0.5103447889430605
1056,0.3367356489550694
1057,0.41883596395939116
1058,0.4196264488597925
1059,0.7718857588566937
1060,0.4311995791558257
1061,0.31869819634880353
1062,0.3610470599953085
1063,0.7526270265882203
1064,0.48629108839070023
1065,0.5861290669924545
1066,0.6390888208713336
1067,0.5027580385077184
1068,0.2989017466477621
1069,0.46600880088503127
1070,0.38732391464028587
1071,0.866064759395962
1072,0.3450944962520944
1073,0.38608561875032743
1074,0.7931616799302262
1075,0.6183350869890316
1076,0.707724574358461
1077,0.8579490274518624
1078,0.4128520432985797
1079,0.46464542803558206
1080,0.5661614459121644
1081,0.34179634336183806
1082,0.6620283401144867
1083,0.36988754439721494
1084,0.5555063042306512
1085,0.39671703648713663
1086,0.47418379982721615
1087,0.5997986191026881
1088,0.4678103168757435
1089,0.3188001250647264
1090,0.32521211336709016
1091,0.4454061437634165
1092,0.4028057516219387
1093,0.7485871584881401
1094,0.5459587337800228
1095,0.4368664115455319
1096,0.6338917735297764
1097,0.5107417831531205
1098,0.3467461166806823
1099,0.6655105940833953
1100,0.5212140938783711
1101,0.3462819482979535
1102,0.44804212782886443
1103,0.4170779926828094
1104,0.3569073995438625
1105,0.4098609844401705
1106,0.36410143040004184
1107,0.6929808620572067
1108,0.3562075741202885
1109,0.5836980397371727
1110,0.5336093791230567
1111,0.3830865752521314
1112,0.4310616909161055
1113,0.32564939795373676
1114,0.4138555607216712
1115,0.4760498008135341
1116,0.4659217616149327
1117,0.6681338455143799
1118,0.3352362673771675
1119,0.428530949366594
1120,0.4715090194749285
1121,0.45589591791785344
1122,0.7278562477870063
1123,0.5746470749264884
1124,0.460453253675252
1125,0.38029724572107143
1126,0.3133668922068073
1127,0.826739158366848
1128,0.44569537797035963
1129,0.6226257416125793
1130,0.3759161362288193
1131,0.5279306582826282
1132,0.45292363971952315
1133,0.7065028516572093
1134,0.48999446375155414
1135,0.35142784907892205
1136,0.702086703830069
1137,0.5767329402321
1138,0.4065528631946683
1139,0.3195615166435409
1140,0.3247956296936334
1141,0.4705539093294398
1142,0.399106935335554
1143,0.45707992880252607
1144,0.7956239107592126
1145,0.4405704799230083
1146,0.3961172518129719
1147,0.3723185217141053
1148,0.47146124709924897
1149,0.33390228785544285
1150,0.44704613083914274
1151,0.4835591609855161
1152,0.40362505804372767
1153,0.3446716825475983
1154,0.36713438112178154
1155,0.54285987017773
1156,0.3259895303493451
1157,0.4049502491815041
1158,0.31097145531073495
1159,0.4744622292583209
1160,0.4911749253866042
1161,0.457226047186406
1162,0.7360474601082472
1163,0.29306531330402324
1164,0.6048428510023554
1165,0.31792068403356266
1166,0.36880936927348495
1167,0.5795904220049519
1168,0.3362711233334148
1169,0.39111906979671707
1170,0.34448013126984917
1171,0.46848645158686153
1172,0.5731888759713374
1173,0.30746903410391113
1174,0.7699615753625332
1175,0.38476212992949627
1176,0.28571187590277003
1177,0.5227206755922594
1178,0.3907840913560678
1179,0.36579410761641656
1180,0.5704874149737842
1181,0.5503259853117625
1182,0.30434125410735424
1183,0.538148547665882
1184,0.36360387832333657
1185,0.5383844145784975
1186,0.43680678504818427
1187,0.2657523362645951
1188,0.391731338304975
1189,0.577285040412736
1190,0.4408108970859766
1191,0.6663648852175164
1192,0.40035967325570876
1193,0.644927075189337
1194,0.649201510142453
1195,0.38969624224489074
1196,0.30070839966040824
1197,0.43352868800794514
1198,0.6219853800593473
1199,0.6009790126610083
1200,0.5334624151860224
1201,0.3503797154543496
1202,0.48079098975024326
1203,0.7067257727814961
1204,0.5629373999140795
1205,0.38883842299935784
1206,0.5175695988116762
1207,0.37188387754938707
1208,0.6661558874878165
1209,0.5091407678434043
1210,0.4603860123198163
1211,0.38617734250979774
1212,0.5026501679693314
1213,0.5612744439317128
1214,0.3790729919064199
1215,0.5992773030447514
1216,0.7881805939885063
1217,0.36947264046815875
1218,0.33033492767631434
1219,0.4801653087476856
1220,0.35944346380901315
1221,0.7475975635294905
1222,0.7155583122556901
1223,0.4548494387838034
1224,0.779376980374146
1225,0.775477490273101
1226,0.4194348325347848
1227,0.5729576691718596
1228,0.5366223325983291
1229,0.3394844009026813
1230,0.4305917411703133
1231,0.5075361608265853
1232,0.4752454591812741
1233,0.905655583881715
1234,0.5124918397160467
1235,0.3464381549320301
1236,0.3726342744821018
1237,0.3329915958757042
1238,0.42530431236061217
1239,0.4410363668055017
1240,0.4757186698931637
1241,0.39365485407919987
1242,0.33586252807453604
1243,0.5230417634691371
1244,0.7120524420214938
1245,0.4456524181840671
1246,0.6149395357616211
1247,0.3450727406079503
1248,0.5007836253730121
1249,0.4264082942247871
1250,0.6955083330916568
1251,0.4348644853492206
1252,0.3649888715390306
1253,0.34658968957016506
1254,0.5418754986255011
1255,0.41570739036838333
1256,0.3536019627124947
1257,0.8317878581809875
1258,0.3457352492162787
1259,0.6087440469007962
1260,0.495385600798538
1261,0.3320345906164341
1262,0.6848430099890108
1263,0.5451050088304178
1264,0.4341216343720546
1265,0.6377217043604086
1266,0.4400318383735762
1267,0.526789317125172
1268,0.3929627337073821
1269,0.5035088506189144
1270,0.5756444218324104
1271,0.4099293909213729
1272,0.6188318425221477
1273,0.4782488564163807
1274,0.5310317287987881
1275,0.3924894566939652
1276,0.4530527947441849
1277,0.9101420775250847
1278,0.3251694864047885
1279,0.35864952421868596
1280,0.4523320002685955
1281,0.34639181490510296
1282,0.3952673233445747
1283,0.579454872622885
1284,0.2874948231108179
1285,0.3365000451843244
1286,0.47626876311446503
1287,0.49985279054072185
1288,0.8655106668311998
1289,0.6542220460674383
1290,0.3853190228553338
1291,0.5469511959887332
1292,0.27029411027285893
1293,0.6439072564086424
1294,0.5808338568781282
1295,0.5713119926984723
1296,0.6042395337980531
1297,0.6424061370632087
1298,0.3229994886231371
1299,0.29007809232462567
1300,0.6830147671607849
1301,0.6864449889022209
1302,0.6696440385072514
1303,0.3535709858283126
1304,0.5665074056718217
1305,0.27980396123533285
1306,0.7206702686572234
1307,0.6405414708393974
1308,0.28437003520104936
1309,0.31195821207355307
1310,0.4484293488877037
1311,0.36992319059607637
1312,0.6170763313940022
1313,0.3504157286028135
1314,0.5852651994707415
1315,0.7796559112475123
1316,0.9326163377852518
1317,0.6763864910346825
1318,0.6603591962835471
1319,0.4506586034231895
1320,0.5733105500128909
1321,0.6196530644778635
1322,0.7199677042872711
1323,0.31983870380010915
1324,0.5077257756885097
1325,0.510837503450206
1326,0.44739339559816654
1327,0.49997477302269
1328,0.6261427973548601
1329,0.3394707605872407
1330,0.4357179992172075
1331,0.4720826132938734
1332,0.5556738754012929
1333,0.5052830410487411
1334,0.4633634580897692
1335,0.559902112971075
1336,0.34758804545269023
1337,0.36609597370709734
1338,0.5315230531212397
1339,0.33147562810196557
1340,0.507699632205039
1341,0.3091708501361405
1342,0.2832440312490431
1343,0.5351954204798255
1344,0.6418087524402598
1345,0.2995959654733611
1346,0.3602444389911253
1347,0.5056131269194369
1348,0.7228763404468742
1349,0.7762338282761484
1350,0.7229473524893645
1351,0.8329582540643298
1352,0.35535799929415957
1353,0.3364452235343449
1354,0.29238032402917485
1355,0.450220254840447
1356,0.32201247971112723
1357,0.5356336974162113
1358,0.5745394594062614
1359,0.39505812248698624
1360,0.4054499641544527
1361,0.47177081539064913
1362,0.38222053623314234
1363,0.7012061912020697
1364,0.636356529190759
1365,0.7222306423480653
1366,0.6490042386122007
1367,0.6578893875408984
1368,0.6419104224923923
1369,0.2925459996364799
1370,0.2891665550084684
1371,0.30577000656184294
1372,0.5768884487306492
1373,0.58253305582904
1374,0.45785351402564
1375,0.36034193351139304
1376,0.4276550553010858
1377,0.345340647689104
1378,0.7427407993996776
1379,0.328183465140418
1380,0.45955795912120834
1381,0.4325055328993312
1382,0.5046623529058383
1383,0.4302506470056954
1384,0.41848334300966455
1385,0.3838637411948507
1386,0.6263728722030868
1387,0.8057803535324908
1388,0.425710081999064
1389,0.3107765689608579
1390,0.3668986146185064
1391,0.4641370685572056
1392,0.41301596447339134
1393,0.4624039501049733
1394,0.618131049031671
1395,0.3359076107438153
1396,0.5298254498017391
1397,0.5595352902296273
1398,0.5724755188913202
1399,0.5892916750833274
1400,0.3339160751624934
1401,0.8105120246059478
1402,0.3610579128280724
1403,0.2787516388030785
1404,0.40431296340523637
1405,0.4122264123121109
1406,0.3988121825700042
1407,0.3934378886211356
1408,0.3090803726361187
1409,0.5207663075503577
1410,0.5124319292906283
1411,0.5270995175961912
1412,0.28738255001141183
1413,0.6897178418587046
1414,0.32421030946687296
1415,0.5298457067626431
1416,0.574751294437337
1417,0.9099461800013885
1418,0.4222096017062455
1419,0.4272183089513063
1420,0.8174358310683454
1421,0.35325298177404363
1422,0.6302105363951157
1423,0.4091980571252687
1424,0.34186174116936907
1425,0.35178002714672185
1426,0.7559509747514349
1427,0.43526585396497375
1428,0.3635999495320574
1429,0.6334861116403001
1430,0.3882875297602624
1431,0.39669438357685866
1432,0.3887138136527439
1433,0.4025714605797382
1434,0.3649720105031516
1435,0.2745529495509428
1436,0.594072592874681
1437,0.5074886485844529
1438,0.6488507501702478
1439,0.6795625200878751
1440,0.421273991756395
1441,0.5165710934256971
1442,0.4472763682225655
1443,0.59781378120747
1444,0.3615372301627133
1445,0.5110622772508308
1446,0.6572706638607843
1447,0.5916869080686652
1448,0.28999621434334527
1449,0.5591013397590489
1450,0.4898934521239483
1451,0.452773962861846
1452,0.3322542719818331
1453,0.8285091841259
1454,0.4263887584173362
1455,0.5356609273955889
1456,0.37634074304341575
1457,0.5240471563046634
1458,0.7001019892456023
1459,0.5206192174287577
1460,0.3765364189765987
1461,0.46496806787292805
1462,0.4730045111490777
1463,0.46731940291443425
1464,0.4108873289572476
1465,0.5513989487772882
1466,0.427527457768072
1467,0.30870875361068406
1468,0.4810059278106502
1469,0.34784222254070785
1470,0.41495572392234253
1471,0.7972604320091009
1472,0.356565759226485
1473,0.3323420383801436
1474,0.43083303969221926
1475,0.4249460170960067
1476,0.4345474738959988
1477,0.7154044633782638
1478,0.5758897555601202
1479,0.3613400033667636
1480,0.4532820736915577
1481,0.6242295115349572
1482,0.42513417338606796
1483,0.5187344672688532
1484,0.5524194949839938
1485,0.46305086102354215
1486,0.677458976527372
1487,0.3620734435287988
1488,0.4587377812558694
1489,0.35109742682949496
1490,0.5428724075234374
1491,0.38474460384094905
1492,0.4626323077297706
1493,0.5401488631724733
1494,0.7228795388753375
1495,0.6741361371920956
1496,0.8728244571780526
1497,0.5470730493738762
1498,0.4796822360132012
1499,0.42429045704701795
1500,0.7015498490488958
1501,0.6294226931450609
1502,0.36934038170944267
1503,0.2929561082169635
1504,0.4432571985427414
1505,0.6657121743898459
1506,0.6574303774477055
1507,0.525680754405653
1508,0.531160200958173
1509,0.7304430492527711
1510,0.6131746814656743
1511,0.6286161368836982
1512,0.48784899528557124
1513,0.4832420665863203
1514,0.5305427532567553
1515,0.2862345823767731
1516,0.5695464726254122
1517,0.4220990127698322
1518,0.5205507687658627
1519,0.38958018865938016
1520,0.36243688085398096
1521,0.38882379631826447
1522,0.4653493775745235
1523,0.3089352548722883
1524,0.7571183458166467
1525,0.3162761098387586
1526,0.3738679106497749
1527,0.7129009625471758
1528,0.5061756613948081
1529,0.3461211629082586
1530,0.6929885961389592
1531,0.4489810165334021
1532,0.3666064761586952
1533,0.5825643878457664
1534,0.3831585149111303
1535,0.33904237480990407
1536,0.4695169852959324
1537,0.5642805363666318
1538,0.7017744447833562
1539,0.4508326872424141
1540,0.5031011966374571
1541,0.30487261984769853
1542,0.5001438485243477
1543,0.4190829974936768
1544,0.5952437134095885
1545,0.40085409899145175
1546,0.41257173422908694
1547,0.32990357757241767
1548,0.4834124600802009
1549,0.3662839285451331
1550,0.46590611772437107
1551,0.5384610543369951
1552,0.5170711117629732
1553,0.35936441846915296
1554,0.29899020099341783
1555,0.45938597134314885
1556,0.7971302107987932
1557,0.4946379524264259
1558,0.44130529081591074
1559,0.4830073998930045
1560,0.7225411935164548
1561,0.34723627482443825
1562,0.2974454349847737
1563,0.3924876564326963
1564,0.6323056541296423
1565,0.3373075036240516
1566,0.6311274745891875
1567,0.3924918527896308
1568,0.6882341909390014
1569,0.3494483275831976
1570,0.36275203724177524
1571,0.3615442586916239
1572,0.6264842642056802
1573,0.5127448394072628
1574,0.4246968596640923
1575,0.46469957868830514
1576,0.7335635801075138
1577,0.34545797661344685
1578,0.8539928929447662
1579,0.8490856091433115
1580,0.3910623418952923
1581,0.6820000305668934
1582,0.41220186883274285
1583,0.31219023895289155
1584,0.4309396167908115
1585,0.5739258299553484
1586,0.35360980142013326
1587,0.4968442217117831
1588,0.7040669174893653
1589,0.3990272282662858
1590,0.32153889789566176
1591,0.9310555205875286
1592,0.4773068701722892
1593,0.556961796003131
1594,0.564337735614405
1595,0.6701684253297182
1596,0.6020463039003064
1597,0.7324924171628802
1598,0.4971969518657005
1599,0.3066713694288018
1600,0.3088020214834807
1601,0.6929029595898305
1602,0.43788597504613
1603,0.5775564171556915
1604,0.5233759668765163
1605,0.5330979650558253
1606,0.46662130713463384
1607,0.6190022094988857
1608,0.8200220600529533
1609,0.604859855105062
1610,0.3856692808085764
1611,0.6790597646801492
1612,0.5179331583556686
1613,0.7683866086794989
1614,0.4942468746089454
1615,0.31439432876753026
1616,0.5794023224656285
1617,0.76168132637615
1618,0.36497338593042483
1619,0.38609956946691604
1620,0.3412076597610931
1621,0.7301473893407957
1622,0.41911843802249427
1623,0.3524517645970651
1624,0.45533142123227244
1625,0.39111176598312114
1626,0.6308406107593291
1627,0.40915052676649455
1628,0.7362285377176765
1629,0.5765209109523421
1630,0.3442166527348668
1631,0.47017238604880607
1632,0.8243392977832726
1633,0.34797020959019287
1634,0.294337380862707
1635,0.3768538944574446
1636,0.30133566482337665
1637,0.29184037500678495
1638,0.47229006377612964
1639,0.4561126573816874
1640,0.4630928146907254
1641,0.6724417970360765
1642,0.39739081957420364
1643,0.5052975576369387
1644,0.678767026727341
1645,0.3427343080925965
1646,0.3137922900567581
1647,0.6535440958811494
1648,0.671922223634719
1649,0.631606319503691
1650,0.5499469550276223
1651,0.6934477929527278
1652,0.659834107552419
1653,0.6063752042797425
1654,0.6334647077570241
1655,0.3029039676181443
1656,0.29985252047173344
1657,0.4082433612683223
1658,0.35800488066206404
1659,0.332820701125639
1660,0.3421286932177939
1661,0.5427287497298143
1662,0.6927550760745783
1663,0.3254580096342982
1664,0.3657101109725242
1665,0.8579792845684241
1666,0.35871664113989893
1667,0.41949067950822544
1668,0.7510349726622709
1669,0.5615942302646163
1670,0.5563587448893583
1671,0.7838396117849525
1672,0.40718947682941126
1673,0.8093041233530248
1674,0.6726418577931988
1675,0.7507560643618924
1676,0.4699045372762551
1677,0.6611857085798526
1678,0.4833429186771702
1679,0.32467540001890205
1680,0.4644573396001837
1681,0.6393016667938878
1682,0.630376700944331
1683,0.32000351943549393
1684,0.7405943580436806
1685,0.37655775393033447
1686,0.5241236267678959
1687,0.6559193429578446
1688,0.5291621560294578
1689,0.8708365701279815
1690,0.6828649957617995
1691,0.3424666348536076
1692,0.8536814812952699
1693,0.46451751777805694
1694,0.46984069139227225
1695,0.5385585011834543
1696,0.40561212272438013
1697,0.3836227786116071
1698,0.3603031184038596
1699,0.419752801157971
1700,0.27986960814625533
1701,0.39783606645747016
1702,0.3077641606897771
1703,0.7056248578974561
1704,0.3973572217240116
1705,0.5278529274657432
1706,0.4510693419034789
1707,0.6744615203036771
1708,0.578987877778067
1709,0.5081897859268504
1710,0.47436996183377833
1711,0.34194307509612604
1712,0.582633565036955
1713,0.43927772643999596
1714,0.6539353956328445
1715,0.6535736046216061
1716,0.6787511838675544
1717,0.3853507867594615
1718,0.6632896305402429
1719,0.6303301024534707
1720,0.582663555352229
1721,0.3484023619056394
1722,0.3045995163013496
1723,0.3625643259635855
1724,0.4315379772926054
1725,0.40277107287807357
1726,0.4928614168591638
1727,0.4198817193422347
1728,0.6346950755108868
1729,0.33554586174845225
1730,0.6218781822377804
1731,0.5503625357447092
1732,0.29685278740124843
1733,0.5678703697117594
1734,0.817067535872162
1735,0.40814119557751355
1736,0.4697645581817559
1737,0.8140452909395484
1738,0.5554716515231755
1739,0.5556708898372809
1740,0.3592808920770729
1741,0.3650164325128546
1742,0.4655739130336758
1743,0.7078954550317432
1744,0.3214827381092988
1745,0.4498684722189958
1746,0.4530902979606944
1747,0.38035416614106876
1748,0.5024319640436454
1749,0.8866167477896524
1750,0.40481303184885914
1751,0.3401855962473199
1752,0.27986038604674585
1753,0.5533297563747844
1754,0.40079302134527106
1755,0.48897492919881513
1756,0.6733822346342679
1757,0.47949368158404204
1758,0.5599443072724757
1759,0.6657629875216302
1760,0.5742242017301608
1761,0.5714369044875086
1762,0.3442308124590965
1763,0.3031450453727774
1764,0.3322532600544681
1765,0.30055356193408356
1766,0.6395730345852567
1767,0.27640717987305763
1768,0.7301909376484389
1769,0.4692778560219169
1770,0.5488922185947017
1771,0.37488836518927343
1772,0.36711733573124244
1773,0.5339640714692191
1774,0.8033950211914032
1775,0.46828945642349856
1776,0.6886450956349246
1777,0.40440092838027025
1778,0.34333713327730236
1779,0.7815778438669277
1780,0.44381664039154894
1781,0.48254950370811706
1782,0.26298809956223773
1783,0.30609572470702434
1784,0.8166241918723478
1785,0.34489509719265776
1786,0.5239927020447256
1787,0.7298839293513203
1788,0.7512466060407871
1789,0.2950542582106196
1790,0.5241312173788436
1791,0.3029756534504976
1792,0.4590484840969974
1793,0.6077898867189284
1794,0.31622712206543674
1795,0.6738384366835124
1796,0.708954118748349
1797,0.7151333419900026
1798,0.6608881132420645
1799,0.4932054978061254
1800,0.43781071830544893
1801,0.30788860507311755
1802,0.3810548264970738
1803,0.9063152766291289
1804,0.44217634177171483
1805,0.6269962388587128
1806,0.4517138305981598
1807,0.34336245832347456
1808,0.29964208907118367
1809,0.40021786629783657
1810,0.7431472409881326
1811,0.5925069748275891
1812,0.47132691500446505
1813,0.30495184642640843
1814,0.3436073910959111
1815,0.5137016561956768
1816,0.347338951010097
1817,0.6908286377461891
1818,0.4760863600851453
1819,0.32793575715375595
1820,0.3005083051292291
1821,0.6827470277979987
1822,0.6745754855067421
1823,0.35175786671277653
1824,0.2791842551921713
1825,0.6973194654495206
1826,0.45457338709737527
1827,0.6636718777349087
1828,0.49445361404350585
1829,0.5308499784082612
1830,0.4044831707697967
1831,0.44446043296950255
1832,0.3769903061148574
1833,0.5786648117488343
1834,0.41331965027428974
1835,0.4650771603478089
1836,0.6309292643314443
1837,0.5572206987267855
1838,0.34201141225571796
1839,0.44006907732673495
1840,0.9109967016913696
1841,0.5943817421368065
1842,0.42135276834706564
1843,0.6776375134454601
1844,0.4391739864170401
1845,0.5079371910027798
1846,0.6864650393277001
1847,0.3626329676334858
1848,0.4112257292228259
1849,0.4384009790371006
1850,0.5076927667585502
1851,0.7736279390001355
1852,0.48962038894500387
1853,0.7374140194156028
1854,0.4237760531636456
1855,0.6304273018929878
1856,0.37207860717156443
1857,0.6176808120154158
1858,0.4404049714072836
1859,0.48597247396150983
1860,0.6253463590202625
1861,0.970176015330286
1862,0.7159486038651243
1863,0.5729540965934853
1864,0.42964565040792624
1865,0.3119922211792481
1866,0.6999909235098963
1867,0.5008161518551032
1868,0.49245853903779513
1869,0.5207728473663725
1870,0.5302059149522197
1871,0.5395242388471224
1872,0.4994470709112762
1873,0.42657882779943584
1874,0.6897111617134456
1875,0.5140304529854084
1876,0.6057504161105939
1877,0.7285786293217382
1878,0.2799915367923768
1879,0.3342682709274951
1880,0.5323550072888811
1881,0.5187106389624144
1882,0.28026221359389003
1883,0.5006863529591802
1884,0.3993221158986844
1885,0.4272788832395537
1886,0.5131154405879726
1887,0.3589491748654886
1888,0.4318881540494358
1889,0.49352357053221313
1890,0.7033569826062395
1891,0.28760075216256925
1892,0.40047746011213986
1893,0.7769890464067742
1894,0.3955280467920854
1895,0.4117255914869048
1896,0.3933839305420718
1897,0.36956014876722554
1898,0.3918172336617309
1899,0.35022837253822503
1900,0.586558855424998
1901,0.36960057846340577
1902,0.5937389842994816
1903,0.38375278876962815
1904,0.3811424947896249
1905,0.3731785461472854
1906,0.6145537707083456
1907,0.6844716905151246
1908,0.29767427146403136
1909,0.3771979085091223
1910,0.6092574418211478
1911,0.398294464749846
1912,0.6157958932584292
1913,0.27957601833521967
1914,0.5134057340866193
1915,0.577416836342216
1916,0.3920235429936305
1917,0.671168009566544
1918,0.7093262502467841
1919,0.6437392581795677
1920,0.3319867992989471
1921,0.5105346630499947
1922,0.32498759970536706
1923,0.42431077910245657
1924,0.37342017868332367
1925,0.4493706125662438
1926,0.9237330353656906
1927,0.5347014534913596
1928,0.36330519710665227
1929,0.5817197406502516
1930,0.7550240004452649
1931,0.3904596637899314
1932,0.516673452718014
1933,0.7269324589566536
1934,0.6140295112156973
1935,0.4619896488500392
1936,0.7879407361584247
1937,0.6784942172025605
1938,0.7494498397889459
1939,0.6009842519911064
1940,0.4287548757415679
1941,0.39176943652469104
1942,0.48842816578688864
1943,0.7846515096930363
1944,0.492957436742705
1945,0.5006982943060786
1946,0.3560080042406639
1947,0.6987449263079826
1948,0.6880700062545613
1949,0.7875358264369315
1950,0.5070483305195633
1951,0.5714587962340879
1952,0.4113726266652721
1953,0.4784928472418839
1954,0.31555415384331104
1955,0.37281703722434767
1956,0.43349739668090903
1957,0.5699598422053767
1958,0.3728117896897152
1959,0.46897091836671173
1960,0.51582041058613
1961,0.334072954960609
1962,0.7335493953645166
1963,0.6068244422332453
1964,0.3156915159645455
1965,0.34052941375261014
1966,0.3656357137910952
1967,0.30263155921491397
1968,0.5431023894725819
1969,0.3140209505777746
1970,0.3596120080219269
1971,0.809512617337302
1972,0.5033461332527063
1973,0.4326679572479107
1974,0.41908012303196546
1975,0.4124864511489256
1976,0.46269515472367895
1977,0.5048275621893691
1978,0.4272289018388097
1979,0.41839887068328163
1980,0.6249907948958059
1981,0.7737426053714841
1982,0.49107613967844116
1983,0.2944555130135716
1984,0.8433255798012825
1985,0.3693590634912096
1986,0.3393585064268928
1987,0.2955782645589649
1988,0.513918118498619
1989,0.6978041243275194
1990,0.4824718517224483
1991,0.28788693638370905
1992,0.3885829647549524
1993,0.4156664253798069
1994,0.34050096057187484
1995,0.48951708315174236
1996,0.7510684018859999
1997,0.36235758907570553
1998,0.38153376263351874
1999,0.33409141646930707
2000,0.42333064437780815
2001,0.5202717374638856
2002,0.5082121646378696
2003,0.42313484992641004
2004,0.4322016840751648
2005,0.766570737414107
2006,0.40066094926180096
2007,0.6362890154794472
2008,0.4362149796800898
2009,0.3809764828588451
2010,0.3967972960377719
2011,0.4108201011525555
2012,0.4304878643620281
2013,0.45943442293978254
2014,0.7440930130009067
2015,0.42535396067951764
2016,0.5088847716553728
2017,0.6325605037447254
2018,0.35707554744373005
2019,0.42731615103083553
2020,0.5522882002709261
2021,0.5907397434081955
2022,0.3532064588226371
2023,0.36053825446697624
2024,0.45361437800470455
2025,0.4495341509761423
2026,0.9455814068446846
2027,0.7250000314246491
2028,0.45918678415821
2029,0.5087357838596206
2030,0.38924746159745016
2031,0.5460798437756192
2032,0.649676357859981
2033,0.4394209686327023
2034,0.9622975333841539
2035,0.4394086986386967
2036,0.5728167598998495
2037,0.3978226324427922
2038,0.3495168564410644
2039,0.3502980045471627
2040,0.34314043491229895
2041,0.45945583218877245
2042,0.7735224445335902
2043,0.7267517310146849
2044,0.6098001532355716
2045,0.3288625458393411
2046,0.28138170578316096
2047,0.3675762223577442
2048,0.5624513351977066
2049,0.33416800957538556
2050,0.6005565734702704
2051,0.47469291076513515
2052,0.38057859630870244
2053,0.5867715347619568
2054,0.5378923764824459
2055,0.49376389672479026
2056,0.6843326322379901
2057,0.9625478237224805
2058,0.3907057445431365
2059,0.30243853274919974
2060,0.5509295519203474
2061,0.2815540723006977
2062,0.8184385359545098
2063,0.4803263689948323
2064,0.6846671436788735
2065,0.49458998653582237
2066,0.44253514108128833
2067,0.2900860080492185
2068,0.5528754159010564
2069,0.33012153532852856
2070,0.4937109127717738
2071,0.39281613098477075
2072,0.7931024896401042
2073,0.4251137708872372
2074,0.4236178512273239
2075,0.3785900476424677
2076,0.35481694651846396
2077,0.6282943143890806
2078,0.5069815434774155
2079,0.4967369536323447
2080,0.36811140022005107
2081,0.4139370219746988
2082,0.522162042644522
2083,0.314416021101182
2084,0.4478536002044947
2085,0.6304321711324309
2086,0.6117258589977044
2087,0.33143093241142824
2088,0.3487698284943954
2089,0.5384513335320923
2090,0.6139093583137719
2091,0.4686367704516512
2092,0.2846237531349687
2093,0.6278902698934896
2094,0.36925463410706605
2095,0.36937398249492737
2096,0.4596584748269304
2097,0.4543132607944773
2098,0.46040170694064203
2099,0.4777763993550721
2100,0.5083170238967285
2101,0.4617553004032797
2102,0.48096326660383176
2103,0.3618945992931359
2104,0.4051496736906102
2105,0.3489862234830263
2106,0.3325240634225324
2107,0.2869627671764241
2108,0.3261674201713122
2109,0.43688433475585375
2110,0.5231538762140161
2111,0.4293894071739719
2112,0.4388467777917281
2113,0.8273788225489723
2114,0.4545714386600779
2115,0.36216175369153286
2116,0.7066264186791648
2117,0.8269305318693365
2118,0.5215502256949097
2119,0.39332392126762367
2120,0.3770691088145141
2121,0.3906639742932798
2122,0.5428592755728352
2123,0.36741050294772404
2124,0.47645846068252923
2125,0.7106374077556766
2126,0.3723825751354309
2127,0.49217507515373016
2128,0.6174004134597194
2129,0.8217058382825417
2130,0.4847651077484767
2131,0.4544959079318059
2132,0.37500378727834394
2133,0.44884402478627217
2134,0.7141037270530666
2135,0.5324643056891828
2136,0.4684917246655176
2137,0.31084233441573983
2138,0.3828335637720051
2139,0.5398481127551521
2140,0.2911236533800877
2141,0.3625679113410876
2142,0.5816351383978058
2143,0.7134498597186424
2144,0.6480890624729841
2145,0.838462385617403
2146,0.45440186448124376
2147,0.35802795605876647
2148,0.8325402982810856
2149,0.7447496607116274
2150,0.3253918662578771
2151,0.34525543902492545
2152,0.3607521105948244
2153,0.3520296448149853
2154,0.45708637124282736
2155,0.29693748431204264
2156,0.3197645107044315
2157,0.7577246536352915
2158,0.6194529360673962
2159,0.7032782125576706
2160,0.2930051827344538
2161,0.49885775048442643
2162,0.6892222863602342
2163,0.6158397226177127
2164,0.3932586960278138
2165,0.3909026582173094
2166,0.3507508974599246
2167,0.5623681739426136
2168,0.8269421296557112
2169,0.40516554956299433
2170,0.48840426604185855
2171,0.6148273008270279
2172,0.40574049940482093
2173,0.4472640003102034
2174,0.34447505057667843
2175,0.5473858533049929
2176,0.7361042529874696
2177,0.7236984452238814
2178,0.48236164054442277
2179,0.2887813923461048
2180,0.3483515047820225
2181,0.5172851227079138
2182,0.6303319526290384
2183,0.7804702399528617
2184,0.29705837368426646
2185,0.373160375386828
2186,0.5673634121704493
2187,0.8011753212302847
2188,0.345207950031227
2189,0.45362300777545045
2190,0.7501309731668835
2191,0.3485762912509521
2192,0.4763547668838549
2193,0.3949235602600587
2194,0.4062895581818703
2195,0.35839173607709907
2196,0.4020875845657416
2197,0.36995345048284534
2198,0.3191637029357633
2199,0.3745081077039285
2200,0.35413256028466256
2201,0.5497266561516687
2202,0.8518195743575697
2203,0.4011809498043989
2204,0.6511138712449155
2205,0.9088966001083237
2206,0.4225990267295563
2207,0.8355463965275398
2208,0.3908733865307999
2209,0.6079179771290624
2210,0.5299823977119017
2211,0.7176482358723256
2212,0.7663978273470251
2213,0.4289172453006157
2214,0.5824621692915802
2215,0.35100798743748735
2216,0.4614880832742548
2217,0.6731573085523367
2218,0.3271699382937642
2219,0.3622455059906111
2220,0.3925917271815886
2221,0.44633631275018604
2222,0.5207780707231611
2223,0.69547949513027
2224,0.4592871998806853
2225,0.3447789808760457
2226,0.4161121126094918
2227,0.808119020620494
2228,0.3204703564151581
2229,0.5195303337147991
2230,0.3529747625524471
2231,0.6528108078572968
2232,0.32706627258804727
2233,0.5067297353860459
2234,0.4717312329479157
2235,0.605062788739546
2236,0.4730729942781614
2237,0.2942244755581689
2238,0.5622247552220173
2239,0.7086744026722476
2240,0.34062989990058556
2241,0.3604109702855106
2242,0.43382554345969315
2243,0.5243179182284964
2244,0.5716499268135499
2245,0.5745845493809982
2246,0.9185160278930026
2247,0.8494047517785046
2248,0.3610937995232589
2249,0.6241558926137323
2250,0.3088917932866505
2251,0.384487302428729
2252,0.4982639972453718
2253,0.5158399897262519
2254,0.5512764482999054
2255,0.4644197276524716
2256,0.3845334853133733
2257,0.30637635137405417
2258,0.2771935077221554
2259,0.575733916017321
2260,0.5112091887299859
2261,0.5868423462426393
2262,0.4270439243980545
2263,0.41798380213317243
2264,0.3036866884778571
2265,0.3518135603717335
2266,0.5544848189755166
2267,0.8365182214138716
2268,0.40253881892887283
2269,0.7853764287950538
2270,0.3477631101642795
2271,0.32958286111472734
2272,0.41463872171908167
2273,0.4422456614684519
2274,0.6314709478539644
2275,0.4410706493270031
2276,0.40266750009501057
2277,0.6283357487455303
2278,0.39413283017757006
2279,0.2752555646612801
2280,0.45074493459248943
2281,0.3221828912606889
2282,0.33060426712174856
2283,0.7885044561125732
2284,0.3055982070632575
2285,0.34089524167581203
2286,0.497958905108616
2287,0.5177719203829426
2288,0.3558822401857513
2289,0.5724599422882072
2290,0.3552388178327319
2291,0.5063414709013191
2292,0.39046893428148266
2293,0.31492643937616527
2294,0.382584513424582
2295,0.5986287915354488
2296,0.5700842268027364
2297,0.40385863897614305
2298,0.7473978731997069
2299,0.41605258468052186
2300,0.48424895980839894
2301,0.4991387274300371
2302,0.39454312179049655
2303,0.4565823548473294
2304,0.7210608467211438
2305,0.6206157225499963
2306,0.5162777701609439
2307,0.43196203008010164
2308,0.33631274378281245
2309,0.4292284449981682
2310,0.3464211968600735
2311,0.31500540613708533
2312,0.40661491469049243
2313,0.5304670724207861
2314,0.5960646522843539
2315,0.3870078304038763
2316,0.7784997513488374
2317,0.31569583035791754
2318,0.534301845294681
2319,0.6274160719543164
2320,0.403505258995585
2321,0.4718543545673558
2322,0.7706964809498914
2323,0.2954584739130602
2324,0.5134746247712181
2325,0.444183212088308
2326,0.6427345384710469
2327,0.8705876217923229
2328,0.307134882815427
2329,0.6250289441628374
2330,0.637885174758376
2331,0.2916809023837481
2332,0.4884990969230303
2333,0.6959244826437649
2334,0.2994434989097376
2335,0.4196383992708956
2336,0.4049686479237815
2337,0.3766374828243406
2338,0.4103968926705785
2339,0.48210790317763835
2340,0.5851456296299351
2341,0.36402166422558263
2342,0.5326276113237722
2343,0.8258116292717685
2344,0.5547291866151416
2345,0.2991409592612889
2346,0.560470161131177
2347,0.5158269468630108
2348,0.3688920463642323
2349,0.7421293045041939
2350,0.7377402089453772
2351,0.5597183244197749
2352,0.41025638227015215
2353,0.3264796012972824
2354,0.8391907887534721
2355,0.46804974725254367
2356,0.44032267962647403
2357,0.4041324337819071
2358,0.5090901442025761
2359,0.4546510974701137
2360,0.6486908044252248
2361,0.44366817997828484
2362,0.4982188544440932
2363,0.8024456000574192
2364,0.9503167221040841
2365,0.8071940308436617
2366,0.5550552976644376
2367,0.7974993451077643
2368,0.6325139219174868
2369,0.38318142606874905
2370,0.5581926036544005
2371,0.4846372272250823
2372,0.8405618309414887
2373,0.6011277019877225
2374,0.40607346265532235
2375,0.5491182558240458
2376,0.6703295556972326
2377,0.6811768201626004
2378,0.3835648563482372
2379,0.4401648633237976
2380,0.31213795546922396
2381,0.6528759231548736
2382,0.5331756380135639
2383,0.6529859023641694
2384,0.3705471064938476
2385,0.5709597137775096
2386,0.37529382544086554
2387,0.44418561064714457
2388,0.6036460224921004
2389,0.422945997419448
2390,0.3194644897091538
2391,0.3647790636841578
2392,0.34883245835565824
2393,0.43460159624096395
2394,0.8267363974742663
2395,0.48059404220149216
2396,0.3624988763193237
2397,0.4636768656899372
2398,0.38251460898927325
2399,0.5039141830884468
2400,0.3045356863958044
2401,0.6259839487509179
2402,0.40617030742520577
2403,0.4489456543334803
2404,0.6541907359272289
2405,0.4247974733737809
2406,0.5490926537816938
2407,0.7273429967309941
2408,0.30767750525580245
2409,0.6074512213416478
2410,0.28977585030858527
2411,0.5234493648133527
2412,0.4518722279132726
2413,0.4467823377233536
2414,0.4056817580549042
2415,0.3443352492617966
2416,0.5701073071817284
2417,0.40220326845585075
2418,0.5420070794703717
2419,0.29508315888862385
2420,0.3875360978617978
2421,0.5438274248119407
2422,0.5582776400092822
2423,0.4859406833123595
2424,0.7365181377275104
2425,0.6264761867417353
2426,0.30702212666080086
2427,0.32293106389661985
2428,0.6966807470982654
2429,0.48180942164168844
2430,0.48103129200472594
2431,0.2881987639873092
2432,0.49450437768488925
2433,0.4075186748536072
2434,0.4170771139582279
2435,0.5025597523404568
2436,0.8669961610466411
2437,0.3763646589321625
2438,0.6951271864225755
2439,0.5472858886775973
2440,0.5737363653730886
2441,0.6669870400770405
2442,0.35671644905073446
2443,0.5241639127374337
2444,0.45403402449248126
2445,0.33214059045562977
2446,0.47389998277124423
2447,0.7031104598754815
2448,0.4621860096106899
2449,0.4814576071900432
2450,0.6010663958911345
2451,0.3556072993388378
2452,0.68532958339366
2453,0.39699351016672646
2454,0.3467197877355981
2455,0.5856931248695135
2456,0.33504510409690635
2457,0.3554114809626033
2458,0.30043880915181004
2459,0.3461312383980122
2460,0.32866021013405683
2461,0.43159488139656677
2462,0.8231395598200867
2463,0.36625975966110985
2464,0.5110497715919077
2465,0.6224682116172979
2466,0.4573261394332328
2467,0.30384015907492956
2468,0.5076560218542663
2469,0.3208950914652078
2470,0.463659613962824
2471,0.621795028273655
2472,0.5007598750740057
2473,0.43575120665153144
2474,0.6649297492267073
2475,0.5130319366141453
2476,0.42431447312327314
2477,0.3275131582128146
2478,0.38569852102984886
2479,0.7126761391220459
2480,0.44742183852155853
2481,0.2823566727134786
2482,0.6651288768886249
2483,0.47694201750068627
2484,0.2960665382724494
2485,0.5653000860951283
2486,0.44472308663366183
2487,0.4830547592544123
2488,0.37810037234674115
2489,0.37968110175291103
2490,0.3009374207060658
2491,0.9514852685538957
2492,0.4713990774272489
2493,0.5035366016633726
2494,0.4913441870223445
2495,0.29477810150883466
2496,0.41373762886013876
2497,0.8305521916484371
2498,0.431098120615215
2499,0.41611617663706735
2500,0.3250496481442668
2501,0.5646628172613787
2502,0.7365849668040994
2503,0.49229453914724625
2504,0.3485452541880324
2505,0.5688349341474157
2506,0.837907669198618
2507,0.602931443819688
2508,0.5143983812090277
2509,0.8056652171287662
2510,0.5397692762494143
2511,0.2907371852349271
2512,0.46021496665643286
2513,0.5810790186356125
2514,0.38005256813687804
2515,0.35937686720095996
2516,0.39821671006238496
2517,0.41378973877567565
2518,0.5114884268170536
2519,0.32350632603383794
2520,0.7073052887731164
2521,0.618625641858934
2522,0.43305451283382373
2523,0.481972765298107
2524,0.33455011633684156
2525,0.3637121776728598
2526,0.47632045715749066
2527,0.30611801925088405
2528,0.46753532657328833
2529,0.3528745957305095
2530,0.6167441520831899
2531,0.3276658332976125
2532,0.8717917861749
2533,0.48725413220819813
2534,0.8785777372160205
2535,0.4182660222809392
2536,0.4771860354272846
2537,0.35361525523243253
2538,0.37691016016049644
2539,0.3455356962429935
2540,0.7231799929933136
2541,0.4842646846853666
2542,0.5295346628383522
2543,0.4330593507453458
2544,0.464344699568518
2545,0.39677426804887433
2546,0.5135234348574006
2547,0.4894663573295751
2548,0.725357528477129
2549,0.5369649328545177
2550,0.4107542755836335
2551,0.4527418366631515
2552,0.7513519244644512
2553,0.3435116605521358
2554,0.567320095474958
2555,0.946059300591246
2556,0.3630586485540003
2557,0.7872287784280009
2558,0.6027456945445202
2559,0.4522046713066158
2560,0.5134018011572409
2561,0.35550578967068786
2562,0.4395629918687328
2563,0.7441798719229697
2564,0.7905059689475584
2565,0.5195804880735517
2566,0.3401318389884913
2567,0.7085382444183106
2568,0.4979866418940108
2569,0.5147086017398755
2570,0.5065539184890202
2571,0.5893247884435725
2572,0.5109556971491136
2573,0.35084180069335685
2574,0.5626266475309097
2575,0.3130898238600225
2576,0.628265028567984
2577,0.3432424895526773
2578,0.33737333295736893
2579,0.6912724273135572
2580,0.4772673655748293
2581,0.43530814925316946
2582,0.32547836567630517
2583,0.5180027492847878
2584,0.34113068273467034
2585,0.37646260798774056
2586,0.5792761270105408
2587,0.49537526652753155
2588,0.6212492347268364
2589,0.341880276261569
2590,0.9391669472797184
2591,0.6101237958982422
2592,0.47286201075355705
2593,0.514267304803258
2594,0.44249035885477145
2595,0.5409032673681231
2596,0.5308477861485773
2597,0.7077888418927725
2598,0.6374232473204395
2599,0.2665972362100104
2600,0.653192333177745
2601,0.4353603576558303
2602,0.47957096437056956
2603,0.365402658520926
2604,0.3063765185121239
2605,0.4021635612965545
2606,0.32358499146129427
2607,0.36887370235600647
2608,0.807059217777005
2609,0.3049507324919057
2610,0.5031388794914867
2611,0.4798416311319802
2612,0.3410735258623055
2613,0.3538064633467624
2614,0.3297389804022721
2615,0.5421899615952037
2616,0.28466547721588803
2617,0.3572112499714424
2618,0.5952825028171198
2619,0.5233343686623276
2620,0.5342677030878491
2621,0.32690575227227836
2622,0.3932392500895094
2623,0.47116723936228744
2624,0.39199452960716336
2625,0.7854239675982819
2626,0.3255685130283982
2627,0.3927204960682317
2628,0.38441980130336967
2629,0.4112692418012409
2630,0.6337867033990531
2631,0.42029572729241094
2632,0.6390493034270062
2633,0.4394368410814916
2634,0.48496059230386884
2635,0.5399081977446603
2636,0.6646097530039223
2637,0.32411624905521813
2638,0.35646753858759134
2639,0.6187226980156814
2640,0.4046158464525747
2641,0.5684070979125511
2642,0.6554552573837537
2643,0.36471560370176104
2644,0.5198532318353662
2645,0.6702421762467243
2646,0.3840496281771433
2647,0.5157069606872784
2648,0.569536990424521
2649,0.3393427236253138
2650,0.8776378285415554
2651,0.6283035804284257
2652,0.36035052333795226
2653,0.2892137309887172
2654,0.650407369811239
2655,0.309503590167478
2656,0.7941892308320185
2657,0.5030902113082316
2658,0.4280967736081478
2659,0.41049573090617436
2660,0.34096767342993384
2661,0.48706084746299505
2662,0.39455698581232584
2663,0.5621050259801816
2664,0.4139270088572996
2665,0.5274083361942106
2666,0.5752998938334805
2667,0.38331112124326827
2668,0.5416549826906741
2669,0.591722664556746
2670,0.36908328449946914
2671,0.5728520591572693
2672,0.503052911759859
2673,0.7717417692970377
2674,0.49522757905819076
2675,0.6830341742526699
2676,0.4980696726965793
2677,0.8862948533866926
2678,0.5779739952411201
2679,0.5115265874790338
2680,0.5414174764592681
2681,0.4367840666644501
2682,0.44326005600432794
2683,0.645107948565347
2684,0.3563465440457318
2685,0.5365330014569469
2686,0.8658403912819402
2687,0.32975090478212465
2688,0.6266697526818928
2689,0.47676121541851546
2690,0.6479813199474791
2691,0.3541829966367173
2692,0.3988089365664763
2693,0.3265045634449365
2694,0.3595779991102954
2695,0.8255011150689537
2696,0.4753005328108243
2697,0.465446919863234
2698,0.46821912156162065
2699,0.6809372331459734
2700,0.39001880903744107
2701,0.8589715837836023
2702,0.3516400719220893
2703,0.5367726943851419
2704,0.336367457093265
2705,0.4837162103254378
2706,0.42393044606357283
2707,0.48067290220543907
2708,0.7959070682525746
2709,0.3751484191543693
2710,0.5987108714589257
2711,0.5434124101060048
2712,0.7013155066501789
2713,0.5980248213348004
2714,0.43308201296011706
2715,0.4035133239288034
2716,0.6158288821460941
2717,0.5740525090884285
2718,0.5257550850384177
2719,0.40773447061085605
2720,0.6465801351840791
2721,0.320375040831504
2722,0.4977713978420728
2723,0.38748323362228676
2724,0.33401181811528946
2725,0.3264153197508026
2726,0.5507587602617892
2727,0.34488454236650107
2728,0.42211381427139777
2729,0.7786540525696318
2730,0.4086795319866132
2731,0.35706585121563134
2732,0.6362787580231054
2733,0.517146996685604
2734,0.32630789459879955
2735,0.3808292962199793
2736,0.40314440727948614
2737,0.522938622817223
2738,0.5760844403799683
2739,0.3500005233892718
2740,0.7381846220286656
2741,0.6367048333588647
2742,0.48131708858011085
2743,0.36984175880011244
2744,0.6777721965551593
2745,0.8308292324612861
2746,0.302303847762348
2747,0.41598992001111523
2748,0.5296317122954457
2749,0.4944726221449806
2750,0.3862760717418007
2751,0.48209598858767994
2752,0.6010802017578593
2753,0.3799193690496727
2754,0.47898155475420967
2755,0.56115025722493
2756,0.4435246069831064
2757,0.40316034259536115
2758,0.43708916896189065
2759,0.49274093812964287
2760,0.42817046085671007
2761,0.4192093844226409
2762,0.4265043899548504
2763,0.7778665937636167
2764,0.5529103613401167
2765,0.4019551640065766
2766,0.6545824288951793
2767,0.41358507852297244
2768,0.676696661387827
2769,0.41285174029520616
2770,0.6006178009720506
2771,0.8211916738841616
2772,0.4478298390728089
2773,0.3619089582182788
2774,0.8044185281952525
2775,0.5576523555597026
2776,0.4949052073284828
2777,0.5085680983651687
2778,0.6196892864960609
2779,0.3389064500145516
2780,0.3437432728078405
2781,0.39802376532225325
2782,0.7182586110787454
2783,0.36394664244680186
2784,0.3275310331016631
2785,0.6342031271751074
2786,0.3758483039394084
2787,0.7253637229486443
2788,0.3868247385710537
2789,0.7363891273458355
2790,0.6883475154034099
2791,0.4061440529881159
2792,0.440627802572213
2793,0.3183714085496207
2794,0.307307865008052
2795,0.456647983827948
2796,0.337925411090792
2797,0.38217655435857106
2798,0.4219251154728352
2799,0.7947238308763659
2800,0.46144407894680295
2801,0.39343250835544963
2802,0.3088111705594223
2803,0.5382006008466108
2804,0.6981859991988035
2805,0.6071966710315937
2806,0.4755010285181887
2807,0.4281534968721337
2808,0.8306455969418723
2809,0.3045487507193313
2810,0.4216689716971844
2811,0.6271871198866182
2812,0.35760355212291184
2813,0.46549060669457126
2814,0.5275107984129701
2815,0.30036884330551367
2816,0.49956644540207923
2817,0.6864612066774007
2818,0.45043622361408514
2819,0.43008072154012905
2820,0.4194973508505916
2821,0.4165724573917973
2822,0.8196625765003028
2823,0.40644102571989144
2824,0.3682661247630845
2825,0.698522254702642
2826,0.45200219969958844
2827,0.3083736348066064
2828,0.6827688002762696
2829,0.2898849905888776
2830,0.3858733381072635
2831,0.395595535619045
2832,0.7951999471495559
2833,0.46943040735309655
2834,0.4012400919816536
2835,0.5194831479891413
2836,0.6335264509642272
2837,0.44150987880257303
2838,0.4867083899709347
2839,0.34294927753465243
2840,0.34195522742234136
2841,0.6093538595446639
2842,0.5365924362826889
2843,0.40725687630537616
2844,0.6201237341159976
2845,0.40765749357871295
2846,0.32532155918082567
2847,0.523320727041861
2848,0.5265371502914458
2849,0.814245631239807
2850,0.5741148164048695
2851,0.34573123171683906
2852,0.6938136209491069
2853,0.487958139416628
2854,0.4595865283988591
2855,0.6263838079778321
2856,0.4045199596117504
2857,0.462566029296263
2858,0.7463231979251551
2859,0.7903221839874058
2860,0.5265307723332079
2861,0.4132099347498428
2862,0.7203135919110156
2863,0.31205652016671837
2864,0.30729602206201084
2865,0.48467909316858
2866,0.3886546151425221
2867,0.737028994741006
2868,0.6332899418397131
2869,0.5809489501453542
2870,0.6671337896937755
2871,0.8362317498183942
2872,0.4136396066482716
2873,0.3482276983481407
2874,0.44825603124521873
2875,0.6738543295215828
2876,0.6748316317977684
2877,0.8247185562603647
2878,0.39132618850034184
2879,0.49855367446704985
2880,0.5224998546897994
2881,0.36326338352886706
2882,0.5026341713774072
2883,0.5802498116188988
2884,0.38087750870103904
2885,0.8438746696684266
2886,0.4847370983811811
2887,0.4732525382965824
2888,0.2785779017477161
2889,0.4702371807005705
2890,0.4695463362510907
2891,0.3414142998984189
2892,0.32053017104707193
2893,0.3808417561013453
2894,0.9004973977430344
2895,0.46843373795580373
2896,0.4812535543039429
2897,0.37086789392985425
2898,0.5285782604227912
2899,0.3466654397279683
2900,0.41358539970180547
2901,0.4785254362598427
2902,0.5419097045562353
2903,0.5474522654898332
2904,0.609734259470357
2905,0.2664062549828073
2906,0.4937035483834648
2907,0.7611706998730247
2908,0.35253387865548985
2909,0.40115419818299014
2910,0.7769435091929591
2911,0.4452390794440551
2912,0.4180530132265309
2913,0.3523934529214247
2914,0.4848293309584264
2915,0.5803351997828261
2916,0.3271491899213476
2917,0.45457016952828155
2918,0.3863960895267246
2919,0.4295873745706435
2920,0.4685170898432619
2921,0.3279959189153196
2922,0.39876147958944874
2923,0.27688253384072087
2924,0.5789058387749069
2925,0.7066152153615588
2926,0.46132273811164104
2927,0.38861316398874995
2928,0.5258414709292188
2929,0.8447494963803424
2930,0.4294013800111163
2931,0.6278486345504828
2932,0.45738755996077995
2933,0.7740197097991937
2934,0.5209119297208018
2935,0.3244701115730448
2936,0.5368821821490868
2937,0.3774053201248328
2938,0.7026116784760085
2939,0.372970673134646
2940,0.42576965445331644
2941,0.5188994370384306
2942,0.34529859014604847
2943,0.40312354525117666
2944,0.5911440029940623
2945,0.3463043607635957
2946,0.4718642391857307
2947,0.5452415121527614
2948,0.5531151474306328
2949,0.5097769202907342
2950,0.5712797966006347
2951,0.3461410302391237
2952,0.5637186214290232
2953,0.29987864804699976
2954,0.6986592731265069
2955,0.40277304544977205
2956,0.5711737028562125
2957,0.41167416801751205
2958,0.3040896601213519
2959,0.3987751203994912
2960,0.3930852726991263
2961,0.4027384910785512
2962,0.6241100135451687
2963,0.5494152630661252
2964,0.4215615057346635
2965,0.47340444371689794
2966,0.4968186738736253
2967,0.7507986541062734
2968,0.3877855662884304
2969,0.35234415968570443
2970,0.7921832624646757
2971,0.4357690461264339
2972,0.5329106038153446
2973,0.38118618005837146
2974,0.44324977191460474
2975,0.4108174910319633
2976,0.5736119534292586
2977,0.5788029438145834
2978,0.486704792712918
2979,0.8516852776573692
2980,0.42277787230988617
2981,0.5272202053914488
2982,0.30212734851143463
2983,0.38194266318288095
2984,0.4181631526273237
2985,0.5643911224428821
2986,0.39946632256965714
2987,0.35911832042592395
2988,0.490478557630321
2989,0.6488784702705166
2990,0.823790247257974
2991,0.4288731602948975
2992,0.39116441456365453
2993,0.6243743890984268
2994,0.42816677972881123
2995,0.33330295233296814
2996,0.45820069029977994
2997,0.3833822201289243
2998,0.2975083820287972
2999,0.7053934956803095
3000,0.35415451938792814
3001,0.6296743024543525
3002,0.6791579103939575
3003,0.3938352551777542
3004,0.3698526362990463
3005,0.3057246988521693
3006,0.363171631761182
3007,0.7335273888255632
3008,0.5864633828106723
3009,0.7431871593246351
3010,0.5074433490632749
3011,0.5302685082835549
3012,0.41802927491849107
3013,0.3741258715666772
3014,0.5514873333433193
3015,0.5513433379117094
3016,0.5406351387975176
3017,0.3675571405982606
3018,0.6487028439721919
3019,0.4779711317987091
3020,0.5252293736265622
3021,0.4373622166199727
3022,0.42889921127085445
3023,0.428332324094125
3024,0.4334768507615833
3025,0.5092809881762892
3026,0.6023469222989852
3027,0.2662042369244978
3028,0.6955129820559971
3029,0.5291413930183325
3030,0.65822416604723
3031,0.8677091029464334
3032,0.7377998939655573
3033,0.42248148600557833
3034,0.3673337271529288
3035,0.34203226363776296
3036,0.47044124515035707
3037,0.3268648036334855
3038,0.8802566207859235
3039,0.5527476023307424
3040,0.4138159824046045
3041,0.4456836975670601
3042,0.5080919400879517
3043,0.6088528236818982
3044,0.5245019909515996
3045,0.302331627659146
3046,0.5125002369321892
3047,0.4578119888139977
3048,0.5762198095821864
3049,0.8594911267988932
3050,0.6496942741155161
3051,0.4457598826632404
3052,0.618305650613756
3053,0.4582015692634567
3054,0.44533738989716387
3055,0.5288055076520466
3056,0.33548638028532657
3057,0.4152637112444656
3058,0.4088536159262304
3059,0.5046892907661765
3060,0.3944965788441764
3061,0.4013012980296025
3062,0.716013572537541
3063,0.4330224987630672
3064,0.5171032810876687
3065,0.3180313079552423
3066,0.39463175166324865
3067,0.3707428907928976
3068,0.3961730380570547
3069,0.558217048927323
3070,0.38698339318599895
3071,0.42907738951355223
3072,0.4418408266950054
3073,0.478665010214759
3074,0.3738641431082395
3075,0.4597124572131564
3076,0.474176610223937
3077,0.6988171056395137
3078,0.5180888753942954
3079,0.41380208961806364
3080,0.44876799611428236
3081,0.5092857074852195
3082,0.33707138930464786
3083,0.29566801254499975
3084,0.6001871464320463
3085,0.312631382363427
3086,0.5103171646074752
3087,0.6444716193738527
3088,0.6254744016056302
3089,0.4593025934586594
3090,0.5995508467121052
3091,0.5614613150755324
3092,0.5798140034788555
3093,0.7389810121489351
3094,0.47712328084972094
3095,0.5692041582905724
3096,0.7891264804179621
3097,0.3373492536647122
3098,0.4100512126448752
3099,0.25889855364892966
3100,0.38290460145189253
3101,0.5703687183642367
3102,0.7639239322269148
3103,0.4255965432473427
3104,0.6358199093655872
3105,0.29277671383661463
3106,0.43509109016695013
3107,0.41294969279022375
3108,0.5690685991403901
3109,0.576346261117068
3110,0.4517142099149652
3111,0.45645651948895166
3112,0.4986658480603176
3113,0.6306256572036651
3114,0.5984533205439594
3115,0.7006703043949717
3116,0.6147980448707425
3117,0.44414470302407255
3118,0.3864922771001982
3119,0.35420976032379575
3120,0.41463382875037247
3121,0.35422647675444674
3122,0.6267788014017178
3123,0.33579717104782686
3124,0.5140085984503382
3125,0.6789029835092801
3126,0.42391584152391193
3127,0.5842041717364265
3128,0.34374963521269997
3129,0.73318393468017
3130,0.3237481249127215
3131,0.4014448109642386
3132,0.41885372638595303
3133,0.5369836388544516
3134,0.4036200966860366
3135,0.48054496308619304
3136,0.7333404426340178
3137,0.6415802763967916
3138,0.9006383094545847
3139,0.52364557876183
3140,0.492027960886416
3141,0.48339090055273687
3142,0.5646939177599948
3143,0.37253612137627895
3144,0.535082500330311
3145,0.3684200119552288
3146,0.34240720080908865
3147,0.4886019869877241
3148,0.45151451892963435
3149,0.28979041369505737
3150,0.8169961902835539
3151,0.3853161288387274
3152,0.7643028283409806
3153,0.31842498392539537
3154,0.4165468479799136
3155,0.3452534989784406
3156,0.36882951758457183
3157,0.7391573381186466
3158,0.4569900514735902
3159,0.5728819939460197
3160,0.8608987250632876
3161,0.31348590148498623
3162,0.422918103545027
3163,0.3148893168254648
3164,0.357914160205244
3165,0.6144579910620369
3166,0.29327424116047324
3167,0.4301428747244533
3168,0.5303468178747663
3169,0.38765711529852004
3170,0.7107379496373454
3171,0.5360430164514459
3172,0.4585622708726673
3173,0.3400746305092274
3174,0.38366132880359094
3175,0.36431876700294447
3176,0.5468952488915372
3177,0.4484773695693123
3178,0.32877898550780027
3179,0.5712634157125552
3180,0.4205863948248704
3181,0.44715058092562787
3182,0.4463673308003613
3183,0.380974012382803
3184,0.40936605511872043
3185,0.6005636567458629
3186,0.5917022901625535
3187,0.3705397997615868
3188,0.46810086164491443
3189,0.53695268729852
3190,0.5262061385512288
3191,0.45921665847158416
3192,0.5553873823341396
3193,0.6860936258694782
3194,0.5212164623783208
3195,0.5344760824984804
3196,0.30479751736403665
3197,0.36539344694165315
3198,0.41972063734995474
3199,0.5400181922407874
3200,0.5671332624600964
3201,0.30740282269259145
3202,0.7698175697415718
3203,0.6139196476097075
3204,0.5632741634602049
3205,0.5311262415846838
3206,0.5280419533541046
3207,0.442014222468502
3208,0.5583791124905261
3209,0.3794309486708566
3210,0.4543113548959871
3211,0.7587681801028984
3212,0.6639138052620418
3213,0.5986637410295358
3214,0.5011154323084398
3215,0.6342603373907312
3216,0.4948229502315949
3217,0.4142502077447722
3218,0.5821893588843224
3219,0.3960596139477266
3220,0.7432293562175893
3221,0.7772929260099325
3222,0.514916113546057
3223,0.6825129888350423
3224,0.5264097881444713
3225,0.6284543048713728
3226,0.4840604656394414
3227,0.346624995429355
3228,0.5675637944776979
3229,0.5625892354098825
3230,0.804844594469923
3231,0.37914408016461865
3232,0.2925287748178841
3233,0.4440730686468324
3234,0.5005522532258668
3235,0.5440089588599657
3236,0.36389457022588645
3237,0.5471643965517523
3238,0.6095925077759387
3239,0.8910999506176226
3240,0.5883038415172503
3241,0.30437660741071315
3242,0.48892013929646233
3243,0.743338903802786
3244,0.5282912936231301
3245,0.5122453640720261
3246,0.3056459457343098
3247,0.7316131697134416
3248,0.41590444396267895
3249,0.3437769272548162
3250,0.5869075669944639
3251,0.5203418775800089
3252,0.5437715530047943
3253,0.42770136998082664
3254,0.6802972768904197
3255,0.4770054439549701
3256,0.4612614002420416
3257,0.35838421647928587
3258,0.4949286475402796
3259,0.6461649653071891
3260,0.4679035562626489
3261,0.5986838905624571
3262,0.5734776219698086
3263,0.6773647056059637
3264,0.8816183362959565
3265,0.35411131212338415
3266,0.3363832617717436
3267,0.4710979925418054
3268,0.2976577633214089
3269,0.7678061582566055
3270,0.6474770029225934
3271,0.567459486990585
3272,0.29169426443631163
3273,0.33707000650431085
3274,0.5223974490783251
3275,0.5612966828156832
3276,0.38976319232970025
3277,0.759139240070942
3278,0.2888453785379769
3279,0.35856518576052104
3280,0.4738800820870219
3281,0.645608185181587
3282,0.3870526034715287
3283,0.4520025077952393
3284,0.6294242087309038
3285,0.33497715556958896
3286,0.4672794865320213
3287,0.510037156631943
3288,0.5324731617350175
3289,0.48022903047009174
3290,0.41562237444229955
3291,0.4694748305265649
3292,0.5909898957174887
3293,0.6929407809709864
3294,0.400463342508827
3295,0.42876710620955605
3296,0.40168505150717354
3297,0.7799211982033798
3298,0.4808454114863292
3299,0.51052885181713
3300,0.48665954815110557
3301,0.6255255674197623
3302,0.713456013509517
3303,0.36675109993934285
3304,0.5360952463852965
3305,0.4691352868312527
3306,0.5284982128776144
3307,0.5350005116064476
3308,0.6155966562976376
3309,0.3558191971067997
3310,0.5814435690828533
3311,0.3543095022847755
3312,0.3952003352398671
3313,0.6321312745579063
3314,0.33291127237747026
3315,0.4138379899403624
3316,0.3356794884277402
3317,0.2923750493490892
3318,0.39238549088602126
3319,0.5231198406555159
3320,0.3843976765131707
3321,0.33376122752760534
3322,0.408844304096582
3323,0.7668033206862414
3324,0.49683110541429104
3325,0.47488621296995587
3326,0.4383121713924988
3327,0.43479167085721493
3328,0.4269799068528876
3329,0.47516783791598016
3330,0.3189905381003714
3331,0.5685092130529152
3332,0.29051740127842757
3333,0.3727882045682161
3334,0.49201554823793586
3335,0.6864305683682166
3336,0.6464744595444176
3337,0.39045022195699414
3338,0.554995265884228
3339,0.3346023224523794
3340,0.36872655686900135
3341,0.29907396081697885
3342,0.5533941928075192
3343,0.48137228017412637
3344,0.4639309123911324
3345,0.3282556072845212
3346,0.5114113896195254
3347,0.41356342082317005
3348,0.3984297274069294
3349,0.36433724149484453
3350,0.6389293249747422
3351,0.37118971098371295
3352,0.4496168217734312
3353,0.5036649994310788
3354,0.3862655472422886
3355,0.5671447257039506
3356,0.5434890671740781
3357,0.987428493711611
3358,0.5107893666209623
3359,0.5765743217970235
3360,0.42257736573551413
3361,0.6533847152597307
3362,0.40115974391443865
3363,0.48694530908419387
3364,0.665800490959854
3365,0.5344857635569897
3366,0.5315823603833244
3367,0.8075945728177739
3368,0.39771992100154385
3369,0.390076873321752
3370,0.7010234392396675
3371,0.3824029624653256
3372,0.6719892646460475
3373,0.37210424044452717
3374,0.5692380034185872
3375,0.3417691321109273
3376,0.5658295256162231
3377,0.33685786502107834
3378,0.6988538705489955
3379,0.29556989689772584
3380,0.31402750015161746
3381,0.36511452030690855
3382,0.34487085120061284
3383,0.5131983188358075
3384,0.6308664033363927
3385,0.6090968657389234
3386,0.5266827695887092
3387,0.41057209067485045
3388,0.49228823922467213
3389,0.3830397070537105
3390,0.6503147438456471
3391,0.39571450359473104
3392,0.3866296803312704
3393,0.48949844352387517
3394,0.5909335030545242
3395,0.8018681134577678
3396,0.5602437925091518
3397,0.40968179362053947
3398,0.3850546074015786
3399,0.5628153905101375
3400,0.537481828604413
3401,0.7580583902721153
3402,0.366809205619025
3403,0.3141870287606296
3404,0.6614063305008695
3405,0.43388110382222267
3406,0.2962708348510865
3407,0.5813398358418145
3408,0.4006595808560568
3409,0.46444501188761145
3410,0.6465780045681484
3411,0.5992957802244016
3412,0.5067834382394233
3413,0.5700086270078186
3414,0.5925965316199007
3415,0.42023163642573874
3416,0.7314992312436577
3417,0.42325138400162965
3418,0.32962827967530023
3419,0.3834140333533716
3420,0.5096059905297702
3421,0.432943453212635
3422,0.47777731812547847
3423,0.6757779979210448
3424,0.5643536050126172
3425,0.42471861128854194
3426,0.5159207229441132
3427,0.4722150128517535
3428,0.5222680421948875
3429,0.5206211557827375
3430,0.4651111980179844
3431,0.6425612512102478
3432,0.7154662063564085
3433,0.4205983957134583
3434,0.47003039064541546
3435,0.6134386277615673
3436,0.3497932094962106
3437,0.6193973712006916
3438,0.5181764589394808
3439,0.3291123423949257
3440,0.6290356751690916
3441,0.4094966168134944
3442,0.48998131989327975
3443,0.425213022782845
3444,0.6063424392401088
3445,0.3323984151767696
3446,0.5680012411089369
3447,0.3284700163503211
3448,0.49330567853860346
3449,0.5991840150016638
3450,0.31119553757451296
3451,0.41177116834336785
3452,0.412303011722977
3453,0.3810964506724012
3454,0.6116780945390726
3455,0.3523940140996405
3456,0.5420110249079008
3457,0.5236860839272776
3458,0.39683013216088053
3459,0.48300198780934644
3460,0.397220721025999
3461,0.28556535546036166
3462,0.5751978389063936
3463,0.4474405261435166
3464,0.42917865097467
3465,0.3072182957477582
3466,0.5679538485897467
3467,0.42347842854463696
3468,0.348429240132438
3469,0.6069985219498214
3470,0.5092233322904118
3471,0.6859466271587376
3472,0.4130049241918946
3473,0.4973516986608926
3474,0.44566764467781744
3475,0.30425588818280425
3476,0.27567941202640667
3477,0.3525217792564746
3478,0.6295285827262985
3479,0.5710367156578852
3480,0.3515502240689535
3481,0.6390216534197818
3482,0.31160962932184355
3483,0.4645335487687504
3484,0.583836126290034
3485,0.8410836238829147
3486,0.6482059926166469
3487,0.5611227064654963
3488,0.7431997364267655
3489,0.29719151372251845
3490,0.3312639104246212
3491,0.35111117569155537
3492,0.4750879043659756
3493,0.42989197144089164
3494,0.6323069873558335
3495,0.4673840055299771
3496,0.9019822923710689
3497,0.4462580638450775
3498,0.4059423708080891
3499,0.6166182500714048
3500,0.27336213348055194
3501,0.7632016715548847
3502,0.7617047884601748
3503,0.3950953450866786
3504,0.5139632565444135
3505,0.6195194015835254
3506,0.7522740842949821
3507,0.4570291294963691
3508,0.6372535292247035
3509,0.2767251432096297
3510,0.33386258688433823
3511,0.33155616759424955
3512,0.43566260330174733
3513,0.5601258680346732
3514,0.4752715840128227
3515,0.4215680077119683
3516,0.29969286560086417
3517,0.297036730080563
3518,0.5160844576441358
3519,0.528265892475629
3520,0.3985512774254684
3521,0.3610164150314654
3522,0.5543802333088886
3523,0.34599329182247984
3524,0.3889030744427937
3525,0.714067201252277
3526,0.6168118081451205
3527,0.4754212304501219
3528,0.4730476921560519
3529,0.456413626895007
3530,0.3751546238613417
3531,0.38719083516509606
3532,0.43928023422828966
3533,0.47477144328484566
3534,0.5458224765777593
3535,0.6523530068342658
3536,0.5281885448004932
3537,0.32102323778908454
3538,0.4552834794327895
3539,0.379678476705032
3540,0.4497367929411657
3541,0.4220550228101812
3542,0.5685548061213516
3543,0.5190352040416771
3544,0.5651101480027089
3545,0.4826641641239035
3546,0.369434958560553
3547,0.49858989669952214
3548,0.37670113813737505
3549,0.4190650668045026
3550,0.4119900456179879
3551,0.4156235496967995
3552,0.6016653156472891
3553,0.6290170633608592
3554,0.43193958034965657
3555,0.8559709568513589
3556,0.42478952253662294
3557,0.40292878747483807
3558,0.7104427877897017
3559,0.5575456337949425
3560,0.3309344510627925
3561,0.4224284701842257
3562,0.4816202983141833
3563,0.5871471430436416
3564,0.33153986375817607
3565,0.4853532846399212
3566,0.4138529751243518
3567,0.34567189210911786
3568,0.39836814754223204
3569,0.3400065616987772
3570,0.42398877278634334
3571,0.6191805916504898
3572,0.3550288920693916
3573,0.35896898583597914
3574,0.3353737207888269
3575,0.5618875484860024
3576,0.4957786257370481
3577,0.9291273685346833
3578,0.29389380571328116
3579,0.5580198671510991
3580,0.8070794184253366
3581,0.5718823781678152
3582,0.5211396934351291
3583,0.2984295177316286
3584,0.3416474729621358
3585,0.3236049154852514
3586,0.2772616337043394
3587,0.823411292344435
3588,0.6650984864774276
3589,0.5094749825440485
3590,0.5319203890550187
3591,0.5198164265312551
3592,0.34616485419099297
3593,0.6574229794829521
3594,0.4323908533465798
3595,0.40438884446118106
3596,0.5697004168037411
3597,0.45426756259902135
3598,0.38363859763814034
3599,0.4138810192029572
3600,0.682925225332103
3601,0.5198643217641428
3602,0.4255942861355811
3603,0.7117200267603323
3604,0.41915217579576464
3605,0.5898429534842234
3606,0.690707203460511
3607,0.7232703063365407
3608,0.6242457591508446
3609,0.3753484182728057
3610,0.6496074494295437
3611,0.2870844007070704
3612,0.7624358988336286
3613,0.6315931485999107
3614,0.5721559377230444
3615,0.32368035693390884
3616,0.4842866798376823
3617,0.6841220954709802
3618,0.3511790989600929
3619,0.44123866121882066
3620,0.4311276105572379
3621,0.26154014680131954
3622,0.3800826327719672
3623,0.348970416106863
3624,0.4851702419660865
3625,0.37504080979601734
3626,0.4444564027564722
3627,0.5439878869988782
3628,0.5122454185444303
3629,0.40968179722311143
3630,0.6826398466197307
3631,0.6044945889470916
3632,0.47724971301165564
3633,0.6507389438201275
3634,0.38066901255351726
3635,0.370936841839072
3636,0.6212396490976407
3637,0.5114831871797366
3638,0.9644847149360667
3639,0.3517143163694149
3640,0.8902281064658268
3641,0.378230612760766
3642,0.39429235477931
3643,0.3695570002006389
3644,0.5159432748584519
3645,0.3247638582972754
3646,0.7519762881361368
3647,0.6554723561225939
3648,0.3825862666794543
3649,0.45151117033705274
3650,0.3754539354557425
3651,0.4467295006644908
3652,0.4872703450422189
3653,0.5656703964522982
3654,0.6726829136428608
3655,0.411696994787984
3656,0.3921546629892311
3657,0.48287038944553756
3658,0.3688145172967679
3659,0.6541603514947149
3660,0.3946992961213892
3661,0.32738683961220505
3662,0.30193743644962695
3663,0.36029837762832545
3664,0.321069975842639
3665,0.293058748433756
3666,0.6481071245556899
3667,0.2833546708074817
3668,0.45039466773457393
3669,0.31056210174297555
3670,0.3940983037663481
3671,0.6403978624025387
3672,0.527978182643454
3673,0.7339203247796677
3674,0.40646925749289137
3675,0.32418366116792097
3676,0.4999090630631183
3677,0.37366503426466874
3678,0.4580488858598107
3679,0.7147233967430625
3680,0.7329379853335377
3681,0.4371892327605794
3682,0.618400976911955
3683,0.3185041090711498
3684,0.7158287827087374
3685,0.3239358694790642
3686,0.3285901354508959
3687,0.32557663329408176
3688,0.3620364870676219
3689,0.4134791437763368
3690,0.34002844563810647
3691,0.5421114056250956
3692,0.29509542073892864
3693,0.5651742334975663
3694,0.42878843649743514
3695,0.576068325340772
3696,0.35025657586673
3697,0.4527134706539929
3698,0.38306236024519935
3699,0.3200622676869469
3700,0.5882022267555099
3701,0.7405132560812242
3702,0.5066534118204477
3703,0.568319813736508
3704,0.5242456543326894
3705,0.392729103881095
3706,0.34765824656064465
3707,0.724598695244255
3708,0.6369640589087852
3709,0.44561283471872715
3710,0.44781627604069285
3711,0.3894653655194736
3712,0.5096763806100951
3713,0.8605616766574617
3714,0.6709825879889322
3715,0.5134998132765356
3716,0.4594931031439706
3717,0.6556222914556408
3718,0.39715080790634716
3719,0.36525540678568735
3720,0.4555948534946602
3721,0.4042108655386214
3722,0.408292767968224
3723,0.31237872313260695
3724,0.39866765583093633
3725,0.3238136012874762
3726,0.45940484863058956
3727,0.4778115399002257
3728,0.562693821750626
3729,0.7314222238145004
3730,0.6738093159287545
3731,0.27212003751817276
3732,0.7650510943479085
3733,0.5035427719846348
3734,0.7083466856182746
3735,0.6430829287413882
3736,0.497828190105982
3737,0.5984422433089551
3738,0.40984316024768247
3739,0.6479221318502856
3740,0.30784989967887616
3741,0.3951159278573727
3742,0.3308225527259676
3743,0.4821520722604099
3744,0.3733615193423689
3745,0.4504475964145646
3746,0.3954584023630743
3747,0.4044666347410877
3748,0.4003982149242037
3749,0.3870312730311223
3750,0.6486911586760806
3751,0.32873666010732777
3752,0.39061570907623233
3753,0.36785193839490493
3754,0.4097731955350474
3755,0.5353214694845271
3756,0.40785200825736656
3757,0.4471982243709044
3758,0.5113359871748251
3759,0.6255672907090959
3760,0.320307877586817
3761,0.3041999871043111
3762,0.5079096668270436
3763,0.3534560620735516
3764,0.3720132400001458
3765,0.76297286691699
3766,0.6159586442205152
3767,0.5299195933103416
3768,0.5703798014519097
3769,0.387248726650676
3770,0.3841205454373897
3771,0.34709598506112593
3772,0.5745260519166292
3773,0.5404293956961506
3774,0.6638462010308533
3775,0.631243681867334
3776,0.6446307925886431
3777,0.392932473533951
3778,0.4099723398581995
3779,0.49576750533391856
3780,0.8136821673492387
3781,0.5276464762039443
3782,0.4043350782424934
3783,0.5467855234938572
3784,0.3470398681480112
3785,0.3660790261672809
3786,0.5709922838106164
3787,0.3249739158927626
3788,0.5091559195789849
3789,0.5193833633385381
3790,0.3284628503707408
3791,0.3643130089165446
3792,0.5265296002784523
3793,0.37693837343871045
3794,0.4232279063320718
3795,0.2787722581077822
3796,0.3793189373492872
3797,0.7184140578493373
3798,0.3352870966420207
3799,0.33514862065300666
3800,0.6279351097961613
3801,0.5623851931887992
3802,0.48980926121635154
3803,0.6692087760924302
3804,0.6503008231304832
3805,0.6783741551145407
3806,0.33195291144058864
3807,0.325508252154351
3808,0.30501290535832604
3809,0.46146632462823545
3810,0.4533738505454276
3811,0.9152370754367073
3812,0.5357149280130119
3813,0.38449208862274803
3814,0.3132486430399257
3815,0.38804871632861315
3816,0.3584978817384918
3817,0.3101771966300079
3818,0.5420327568031112
3819,0.32900886255609185
3820,0.5544518458761947
3821,0.33003069460569917
3822,0.4648037136825637
3823,0.5427254818271232
3824,0.37358891827626045
3825,0.4084339276279547
3826,0.4127588709363205
3827,0.34391365547965447
3828,0.6957888988610632
3829,0.5079390719454108
3830,0.7412639369817634
3831,0.521556645265328
3832,0.673254918664276
3833,0.6395635530768605
3834,0.6970622506387973
3835,0.7342778719104529
3836,0.5055714310354963
3837,0.4706510953025717
3838,0.43361810449518795
3839,0.7026768252377235
3840,0.4618318740580057
3841,0.40710374814887673
3842,0.5872363541415685
3843,0.529651678576444
3844,0.3216929568354625
3845,0.4497166944180391
3846,0.8310565514802728
3847,0.7818408517473268
3848,0.49155679785903755
3849,0.6741103798842696
3850,0.41686901741331595
3851,0.5995399674768646
3852,0.4849889292826782
3853,0.3301799624666121
3854,0.6296946610985146
3855,0.5031549811163427
3856,0.33723512939008593
3857,0.32446176855348
3858,0.5817097317820529
3859,0.5210298842436517
3860,0.6686443296681782
3861,0.3700378486913138
3862,0.7139400045529031
3863,0.966288394982855
3864,0.4089955615204126
3865,0.5072381594361642
3866,0.31844157106403514
3867,0.5898573474284753
3868,0.35980272354213666
3869,0.3413238590918936
3870,0.7237263315801655
3871,0.41494582441315325
3872,0.8181065942116604
3873,0.46103584700052624
3874,0.31767102432069505
3875,0.3440302290503717
3876,0.7687536473063087
3877,0.5176296857447175
3878,0.629287914013699
3879,0.3439042195403866
3880,0.5531254221980321
3881,0.5559294352517044
3882,0.6852633106207768
3883,0.3490133676849344
3884,0.39495909013323355
3885,0.5503466102767264
3886,0.3514113860657122
3887,0.5424525513772127
3888,0.37909860880401186
3889,0.42953522336222405
3890,0.6734095603000048
3891,0.3626820830673925
3892,0.37563970304374145
3893,0.38074597680786065
3894,0.32931688933741754
3895,0.47700192539797887
3896,0.36846770485690633
3897,0.8689591515755735
3898,0.5257010699648763
3899,0.5634420494679552
3900,0.5162605477886316
3901,0.4197152603544783
3902,0.7634117454887982
3903,0.4304309294122306
3904,0.6182221770954462
3905,0.4971550397997217
3906,0.7094671967101144
3907,0.5590748737346476
3908,0.8305333363737184
3909,0.5040783300420068
3910,0.5960374224649546
3911,0.3312213390381336
3912,0.5796199580353385
3913,0.49410521683658043
3914,0.43265722625027214
3915,0.5617261152485733
3916,0.49296959119454786
3917,0.3046060876145542
3918,0.40257723866644346
3919,0.42219435425899005
3920,0.42957021470039825
3921,0.5084583954801619
3922,0.5641896931747556
3923,0.281399111953197
3924,0.36750795842157535
3925,0.7202323457201423
3926,0.31798816970323684
3927,0.38577101508394934
3928,0.49388394435757177
3929,0.7002301082809943
3930,0.5703876234844323
3931,0.3255087960891822
3932,0.3938942894539472
3933,0.28094269480289735
3934,0.36714011555557946
3935,0.4534042174769694
3936,0.43417270353988746
3937,0.3018496372324864
3938,0.2841721868259825
3939,0.6408015334609072
3940,0.7119231309335026
3941,0.3817369094517679
3942,0.2977474028939524
3943,0.4408239707771003
3944,0.3578650804283985
3945,0.698038085199566
3946,0.35151206834443105
3947,0.6625561189364285
3948,0.49694239664886203
3949,0.40603594560083034
3950,0.32046957845638513
3951,0.38468260984932123
3952,0.33117525553060084
3953,0.5896442464726706
3954,0.5639932153752205
3955,0.3188801852430774
3956,0.3331170850454802
3957,0.337544925794353
3958,0.41212437522551026
3959,0.3853170348778302
3960,0.4411008604817219
3961,0.5614847603606624
3962,0.47883450001763894
3963,0.6123080755448346
3964,0.8644014767429573
3965,0.46272961015263325
3966,0.37631708462268454
3967,0.48589913903658977
3968,0.5936671676861905
3969,0.6793360913139925
3970,0.3368441097750699
3971,0.33635456129250674
3972,0.45129514720484315
3973,0.473440418145387
3974,0.5432309019659725
3975,0.47169054946913674
3976,0.48735120986860936
3977,0.5538697708107767
3978,0.3417664428056238
3979,0.7653590342283669
3980,0.5180715688314911
3981,0.5004072965912102
3982,0.6138154233304941
3983,0.35343336453519675
3984,0.41029267365210775
3985,0.48777209300879176
3986,0.3881276176272604
3987,0.36392503814956545
3988,0.326485930931419
3989,0.7280181247683006
3990,0.4880300440196231
3991,0.35861582989785973
3992,0.464961530408788
3993,0.3304202193624186
3994,0.3832770133039656
3995,0.47347417815729165
3996,0.6690558053595027
3997,0.7998470099897417
3998,0.5014431464628617
3999,0.5192354822247608
4000,0.47574808200294494
4001,0.6375617467590295
4002,0.3932984018427499
4003,0.64084731892008
4004,0.5162198103222946
4005,0.5571513531700707
4006,0.8342177759136331
4007,0.3963840268630036
4008,0.31283637830994854
4009,0.5593218033711752
4010,0.6889647140911912
4011,0.8421832590748601
4012,0.33208865289564027
4013,0.4077803326050254
4014,0.4273372266616563
4015,0.41271013349205204
4016,0.7480272487696566
4017,0.3890890316251022
4018,0.36262646323928605
4019,0.4421120366872267
4020,0.41580639358080757
4021,0.8920850990253945
4022,0.37904992637233975
4023,0.6543071061638693
4024,0.6287195592997864
4025,0.3452886505071467
4026,0.36055787583661747
4027,0.4945946034826513
4028,0.8565971200355521
4029,0.31471430544113754
4030,0.8233666207451704
4031,0.468005517991794
4032,0.5255339297680078
4033,0.6283128450334754
4034,0.29615149641583105
4035,0.2946470816576337
4036,0.5853434683807195
4037,0.5968009507573461
4038,0.48660070719334236
4039,0.4960218148629424
4040,0.3487310912315117
4041,0.8853480584940818
4042,0.612621013442883
4043,0.5195663427292919
4044,0.4713636810811266
4045,0.3715125805932763
4046,0.47817538033316626
4047,0.4722853119533815
4048,0.3744110762777751
4049,0.3801930564602906
4050,0.31581401764314465
4051,0.38427966988056733
4052,0.5464917203966864
4053,0.7059987749744298
4054,0.29584816139561537
4055,0.5971267346442929
4056,0.4753084483710477
4057,0.5345811263027894
4058,0.5026027029938207
4059,0.4566511834743322
4060,0.32893535146894576
4061,0.6363993964746687
4062,0.3569613678139508
4063,0.7596388187224099
4064,0.5202246214886782
4065,0.512352320081744
4066,0.5394651292405079
4067,0.4315562721617895
4068,0.44255051187939975
4069,0.5265353073770785
4070,0.6381364453761549
4071,0.3417260600902978
4072,0.449366067325689
4073,0.34122637144354967
4074,0.47188883485923
4075,0.35967947554148366
4076,0.3643372075200626
4077,0.9123213542976614
4078,0.4421409387049856
4079,0.4083103560624859
4080,0.406908617096126
4081,0.8965830935480306
4082,0.39737217440375694
4083,0.7707078885191302
4084,0.49168315167965404
4085,0.48463599131229834
4086,0.47705905971810264
4087,0.33516613934488215
4088,0.5333580171332928
4089,0.528089051447819
4090,0.5077176028066449
4091,0.2812017862297554
4092,0.38194039863928686
4093,0.700363783469483
4094,0.8343332913414667
4095,0.4266555059258122
4096,0.35716857664820606
4097,0.5704960288363302
4098,0.7388961736278848
4099,0.6802778920035327
4100,0.6118677354226009
4101,0.5146754525785399
4102,0.3738670740094722
4103,0.5403562127089383
4104,0.41256331431072746
4105,0.817963365152241
4106,0.3322673782210254
4107,0.5403069570801595
4108,0.6381564456171228
4109,0.5827169656632083
4110,0.5718113256414002
4111,0.40839238794116095
4112,0.8395037399629451
4113,0.5707619005268821
4114,0.38436273979215
4115,0.41816158610226667
4116,0.35033305368986756
4117,0.5101137758173356
4118,0.840569787289868
4119,0.37828603707658576
4120,0.39392221895189317
4121,0.8921004896942291
4122,0.3854112817532444
4123,0.9512444697308367
4124,0.4049373339459017
4125,0.7888760874098399
4126,0.35813802653328664
4127,0.6808775427516284
4128,0.6254172559211321
4129,0.2943304624903418
4130,0.6487850491322791
4131,0.5260351038898773
4132,0.714105358679983
4133,0.3737355767867703
4134,0.5582999805425816
4135,0.557562877159786
4136,0.9565543483348755
4137,0.3053164515544153
4138,0.8282482597401765
4139,0.7843793249483128
4140,0.32378600388945794
4141,0.7328592201501782
4142,0.4061006606102999
4143,0.4658509538993152
4144,0.5353045175591501
4145,0.42438002529241725
4146,0.6936789581645129
4147,0.4791204166819625
4148,0.7256322100526862
4149,0.3387848711453017
4150,0.8416085752393868
4151,0.34813393934194686
4152,0.35755304094042845
4153,0.7573770674629886
4154,0.4113083535035141
4155,0.4637715446804695
4156,0.3749297851306536
4157,0.40744229854926456
4158,0.30671491913350446
4159,0.43362900379274416
4160,0.3800762577157604
4161,0.33500180211709735
4162,0.6000696097037388
4163,0.3543370754417794
4164,0.4413744162473092
4165,0.4011485693928187
4166,0.6566437550773974
4167,0.5080649235581693
4168,0.7464709406611238
4169,0.3494188301740709
4170,0.474134788971312
4171,0.4631888449844354
4172,0.468076853386082
4173,0.3100037889514926
4174,0.6481185684241568
4175,0.38232372284748833
4176,0.5813416131262512
4177,0.6028409358966579
4178,0.5579670968596645
4179,0.4600919182706268
4180,0.5230838191845039
4181,0.43161825032657136
4182,0.7541933443799126
4183,0.7754274461034514
4184,0.6166907990587559
4185,0.6130642854336702
4186,0.37869057810746726
4187,0.36829234283698
4188,0.4215280335135228
4189,0.2949977889878542
4190,0.551231238961385
4191,0.5923849361752487
4192,0.417823507216303
4193,0.3876412960367638
4194,0.7277373322142976
4195,0.3235428486726791
4196,0.3473592205648837
4197,0.3539859282992333
4198,0.522006863740063
4199,0.6822940305114682
4200,0.6016538826641912
4201,0.49556458904730954
4202,0.34726206220026146
4203,0.4566624786425635
4204,0.45002348556981525
4205,0.3535281734725939
4206,0.2974154034155585
4207,0.3808405851021544
4208,0.35369156177775574
4209,0.38877519556302387
4210,0.6288586545018866
4211,0.39159898508834556
4212,0.8716905589098907
4213,0.33447380695850687
4214,0.512921465980771
4215,0.4950002844268474
4216,0.6954730440103227
4217,0.9440723850173377
4218,0.4888145304288356
4219,0.37351603505244974
4220,0.47285825826882744
4221,0.4549709555089246
4222,0.4445063870101422
4223,0.41960795609337925
4224,0.49362696106406834
4225,0.3399038183305061
4226,0.39081000201866195
4227,0.29137161941172174
4228,0.5350170601294796
4229,0.3263675496120421
4230,0.6408122078678051
4231,0.7026174561904874
4232,0.2874367916352969
4233,0.4286826836862824
4234,0.5730054660347325
4235,0.3422835219919018
4236,0.4996074967954392
4237,0.4781374415576817
4238,0.3142706414187176
4239,0.38294399597170764
4240,0.5617938375728957
4241,0.717680820772288
4242,0.4732089548260259
4243,0.8529152123484356
4244,0.7074615283519009
4245,0.28541196782474515
4246,0.49268400058125006
4247,0.3704397641960025
4248,0.3767327087975003
4249,0.5099838232163676
4250,0.5481305488083016
4251,0.46251425167603055
4252,0.4677105781336654
4253,0.6354743173203189
4254,0.9303016640092581
4255,0.5492332690561837
4256,0.4989463566477292
4257,0.723336943299255
4258,0.3909917487684911
4259,0.3681979033032906
4260,0.5346618287269443
4261,0.34430633588515797
4262,0.3642551044866829
4263,0.6457863037456427
4264,0.5593368415984665
4265,0.33405475859431405
4266,0.6230760076561825
4267,0.7869687723330268
4268,0.28642440014057996
4269,0.4103113667055517
4270,0.7050804767458764
4271,0.3993998646976078
4272,0.5367307431940748
4273,0.3139855325869137
4274,0.40601394590157347
4275,0.4606436252461734
4276,0.6749997421994919
4277,0.37763625010307317
4278,0.42840743006205234
4279,0.9238555482236888
4280,0.3897103857579449
4281,0.42939866572862107
4282,0.3333016836355961
4283,0.5229391241188979
4284,0.39482627258203923
4285,0.8672370264747333
4286,0.36958721323484095
4287,0.2993972261216569
4288,0.41331348880204244
4289,0.3499490620293859
4290,0.44015188111931225
4291,0.6502779043008042
4292,0.5833788543425895
4293,0.4499154300869826
4294,0.5058473319337017
4295,0.48365960217264775
4296,0.43934772495401647
4297,0.523646840876346
4298,0.3374892926315259
4299,0.3309947159483833
4300,0.43885155884016763
4301,0.5769056526001758
4302,0.3553934131588187
4303,0.39580082118953713
4304,0.5706403231716723
4305,0.3761467512466035
4306,0.540544812623094
4307,0.5256120638233437
4308,0.748362196698116
4309,0.4733765332897509
4310,0.8169507589904084
4311,0.9693696162039327
4312,0.3807018291131809
4313,0.3066873188101909
4314,0.6135716812512603
4315,0.5581920894474575
4316,0.6144246292997113
4317,0.9360231672500667
4318,0.3264599069361569
4319,0.4159711264558966
4320,0.6810329055974728
4321,0.4311559215948475
4322,0.35524908245665665
4323,0.4790348757467672
4324,0.32233111751190013
4325,0.8293298933963479
4326,0.42925677152371255
4327,0.37286813975373834
4328,0.6569739893321234
4329,0.4908627101904412
4330,0.3477908194351539
4331,0.3908557571981379
4332,0.7630533476345909
4333,0.4458375952279756
4334,0.38083591172206904
4335,0.31611973097702306
4336,0.3800554624864615
4337,0.42659351227501424
4338,0.3789712429656029
4339,0.5674532502049046
4340,0.6479510990420904
4341,0.30391193234272945
4342,0.7576411430781244
4343,0.35491822662938716
4344,0.2933250055238644
4345,0.3758464976978533
4346,0.3892550910590057
4347,0.4399194063598884
4348,0.5152920923001715
4349,0.2687671430986891
4350,0.36743975706572135
4351,0.5096794978761247
4352,0.4559609344600985
4353,0.3603447400470386
4354,0.7907901397259268
4355,0.40272782749284064
4356,0.4763948860718779
4357,0.5930275473448994
4358,0.45468285127570574
4359,0.36916061151592017
4360,0.42138809828491985
4361,0.5515601170207471
4362,0.3820995167953572
4363,0.400212258841273
4364,0.3613526670467443
4365,0.28874635343340593
4366,0.8093861186792851
4367,0.2858953483255663
4368,0.30749193986380147
4369,0.5587798964341989
4370,0.3289417777502308
4371,0.31909479049267897
4372,0.4733192943957463
4373,0.4113849298818465
4374,0.5356260527550958
4375,0.3597201155852721
4376,0.3499549058140062
4377,0.44723108584474175
4378,0.5604407818324938
4379,0.3171811241322925
4380,0.6994534744146702
4381,0.9400845966703182
4382,0.7848492831205214
4383,0.5168409874224167
4384,0.48363457426771794
4385,0.4205345743169337
4386,0.942109968092294
4387,0.5587903122332558
4388,0.5901500851761728
4389,0.4248410099814484
4390,0.5139871858902811
4391,0.794670996912539
4392,0.36987735649374653
4393,0.7675046677038787
4394,0.6008656279448281
4395,0.4778880012904236
4396,0.49522363583064255
4397,0.845029432040179
4398,0.7005362995575553
4399,0.308164032720161
4400,0.3976459335815875
4401,0.4511033861181634
4402,0.6174485423946137
4403,0.5270376204291353
4404,0.3367003446415317
4405,0.6239783702111432
4406,0.5675841223546002
4407,0.37671818239913907
4408,0.33977617924867337
4409,0.4969937326168933
4410,0.3986210448038857
4411,0.41554245863441674
4412,0.5043724167812849
4413,0.4492505337274753
4414,0.9535665129504093
4415,0.4513351812779438
4416,0.3952165575668911
4417,0.2823884325324937
4418,0.2942537291249347
4419,0.5784475886648177
4420,0.5068650501487098
4421,0.5975523442317204
4422,0.4112452755084597
4423,0.2799110363318668
4424,0.30956892134554936
4425,0.3622951091281676
4426,0.29285590345643936
4427,0.53308807250203
4428,0.5534834674395375
4429,0.5602996796467872
4430,0.44556901550701977
4431,0.7127361597471973
4432,0.4126771473098387
4433,0.467135490730084
4434,0.7246906660756119
4435,0.45717834489702225
4436,0.38267120221683215
4437,0.5249364582668927
4438,0.8747313686735727
4439,0.717645843887988
4440,0.39268104998586456
4441,0.635657602355129
4442,0.4188093475244789
4443,0.3710019459636857
4444,0.5533108916202653
4445,0.29199441460933995
4446,0.36229711266521625
4447,0.41578717815295757
4448,0.8240050038751399
4449,0.5819798001262552
4450,0.5936325742755488
4451,0.380335014386148
4452,0.43360618003232343
4453,0.787197898226698
4454,0.6618833057679713
4455,0.8342389573812888
4456,0.49502326678954633
4457,0.30065660227669583
4458,0.5291646994764787
4459,0.636556969224373
4460,0.6001072884602601
4461,0.3270793618118762
4462,0.5814355344023001
4463,0.4159437349781582
4464,0.42340782754096046
4465,0.6994724243473083
4466,0.46046211314406027
4467,0.6502714552141542
4468,0.4337178060803387
4469,0.5832614491692937
4470,0.477196573350088
4471,0.3527570555872213
4472,0.47618351742548964
4473,0.5205670984540807
4474,0.8055103772472162
4475,0.4413180040228257
4476,0.43913270360561285
4477,0.7687499409969464
4478,0.5087622923641572
4479,0.7166144273930733
4480,0.5359298310852059
4481,0.3392865442435581
4482,0.5058566037597394
4483,0.6476447763978547
4484,0.399511572101729
4485,0.2851674847084747
4486,0.4583695016010245
4487,0.4690292859996506
4488,0.552470507669387
4489,0.38472223955717527
4490,0.35442849504916285
4491,0.47503151890161455
4492,0.761573294358388
4493,0.3481243781302845
4494,0.32543276297334833
4495,0.5020249300585179
4496,0.33665818634841993
4497,0.5931914456917277
4498,0.4906655630805276
4499,0.5704234445272122
4500,0.31758341852875077
4501,0.43315989680383427
4502,0.3677893984079151
4503,0.3675496666059143
4504,0.7590915820802211
4505,0.8690265268168487
4506,0.35738954270317413
4507,0.3019177146729239
4508,0.6454202846225681
4509,0.6735629635799844
4510,0.491600770239532
4511,0.3484232164361514
4512,0.27948220240513305
4513,0.35727157845756385
4514,0.3846194822221702
4515,0.6503559489622781
4516,0.9030830266299893
4517,0.42617683757952446
4518,0.6920021102174373
4519,0.3900523332506801
4520,0.5704747868970534
4521,0.7841145650140414
4522,0.6302389059482224
4523,0.4255150971247889
4524,0.6708891718250365
4525,0.3890663663036633
4526,0.5199594640785948
4527,0.4444978378099534
4528,0.2892376394256008
4529,0.37933750882475786
4530,0.36611269068443497
4531,0.608197005727341
4532,0.6985696432320078
4533,0.33750634726069667
4534,0.41525755464943637
4535,0.3894017350164342
4536,0.6592174112583781
4537,0.528397236499461
4538,0.8906377206092271
4539,0.7207126699583305
4540,0.8893875293354713
4541,0.3888120306257266
4542,0.30190925345062664
4543,0.4459779464212594
4544,0.8596585404603025
4545,0.5051541776878511
4546,0.3941557653839479
4547,0.45477419361191257
4548,0.6534441166432768
4549,0.4164019913807009
4550,0.7690743197154066
4551,0.41026951218781615
4552,0.5493671768270736
4553,0.4336107119973504
4554,0.40707598707292225
4555,0.5432518518549349
4556,0.3146165317175168
4557,0.4161827440386845
4558,0.6476677948401651
4559,0.7108616729944329
4560,0.6220789088308165
4561,0.30240492910656624
4562,0.5149325694342447
4563,0.6195591273934484
4564,0.3421766980687402
4565,0.540518598033783
4566,0.6509588205382288
4567,0.6211582093941321
4568,0.3836542039199083
4569,0.551115406006261
4570,0.7287942396692458
4571,0.620616407805934
4572,0.5890204862153363
4573,0.42933012794401615
4574,0.7198713729576535
4575,0.7083904926221358
4576,0.5866722591603108
4577,0.4840999379370897
4578,0.3728192733771525
4579,0.3516623880151846
4580,0.4999877644868121
4581,0.6437608463141942
4582,0.658846865828616
4583,0.3692331514255274
4584,0.884806703285826
4585,0.3929908575635651
4586,0.45531851850240607
4587,0.34325350839156
4588,0.26672916560216775
4589,0.3192074130223935
4590,0.3876914212316494
4591,0.715382655720819
4592,0.4137433676842962
4593,0.5415190059252389
4594,0.29772007402038475
4595,0.9112755635793894
4596,0.6197456011059799
4597,0.5797578099123599
4598,0.4958407307008286
4599,0.6388137432328806
4600,0.6903635687224995
4601,0.5526390222537231
4602,0.36503308626611886
4603,0.2951594634019157
4604,0.5861557979454151
4605,0.4202270549354138
4606,0.4146053187240549
4607,0.41784051669824823
4608,0.3397207545654631
4609,0.4061715750576223
4610,0.5124153638354274
4611,0.2968803599689816
4612,0.5803498362515386
4613,0.5138561154207443
4614,0.5410524905635464
4615,0.6020619072533777
4616,0.5774861216102996
4617,0.3366066930780923
4618,0.41248268006214917
4619,0.44442326583822767
4620,0.3510586563730157
4621,0.6220235569455269
4622,0.46577302607893384
4623,0.5372852949185302
4624,0.8712595963161507
4625,0.29282593047932676
4626,0.4870597183695302
4627,0.5758598829559982
4628,0.8593686823064529
4629,0.5062862604353091
4630,0.7504116198625304
4631,0.5617616714123816
4632,0.5935099298080821
4633,0.3197223576113499
4634,0.4089012021690639
4635,0.5727801571246405
4636,0.4530981233970808
4637,0.3257403344857651
4638,0.7515983032921626
4639,0.631066254612232
4640,0.40293926896924204
4641,0.2940638795087646
4642,0.3604459481637795
4643,0.34606385308923865
4644,0.3675586709551374
4645,0.37782600724428905
4646,0.5005319379650428
4647,0.32821611651560023
4648,0.4332392301789918
4649,0.32390359690076326
4650,0.5024634556401408
4651,0.870512762838978
4652,0.6484338938520965
4653,0.5928934936949122
4654,0.40984703600402483
4655,0.3533602842377812
4656,0.327439021383697
4657,0.3322745193406055
4658,0.4049996464014971
4659,0.46139934776102504
4660,0.5980888129433813
4661,0.5866367961977793
4662,0.4066525096917906
4663,0.5110631391027257
4664,0.35749806640348003
4665,0.38093977018762565
4666,0.5419781375202195
4667,0.5557723240780722
4668,0.30754425983233585
4669,0.4292409295020379
4670,0.504312800303213
4671,0.715476451550229
4672,0.6371915911917213
4673,0.49217942957203575
4674,0.5065778182336861
4675,0.8199714182492066
4676,0.3348517472238556
4677,0.3502784473339063
4678,0.3363012514568446
4679,0.6292967445319051
4680,0.4251060962436671
4681,0.533866177496612
4682,0.36703882173950425
4683,0.3526653304612734
4684,0.44220616285905706
4685,0.3943739390402259
4686,0.3679149817633891
4687,0.5642511381351153
4688,0.5506487917851386
4689,0.5053361281787779
4690,0.36605469275207836
4691,0.49789473216784874
4692,0.3264893755975251
4693,0.41701938821326523
4694,0.5570528254384259
4695,0.48342608506654045
4696,0.4054223196598686
4697,0.2914193111909715
4698,0.5957314420477487
4699,0.4156231912948773
4700,0.28743111292233103
4701,0.2754299879990886
4702,0.4154924184000736
4703,0.7195697992583612
4704,0.34630737066068606
4705,0.28894693227281626
4706,0.46160474205522306
4707,0.2784670753130987
4708,0.463654757240265
4709,0.31007379703504745
4710,0.6195905026847613
4711,0.8240298464450626
4712,0.36735962335649525
4713,0.3763746466164837
4714,0.598227159963517
4715,0.4898151908946033
4716,0.6877546242403031
4717,0.7773451038027827
4718,0.49377349890009625
4719,0.41880269346039795
4720,0.6118485857374009
4721,0.8161587577696631
4722,0.4416843615953729
4723,0.3789060982336402
4724,0.44894360621987833
4725,0.7283228891705895
4726,0.49757169310853305
4727,0.26443349052128856
4728,0.512107128435134
4729,0.2869105356030714
4730,0.6551134935946811
4731,0.6491954145904649
4732,0.3711637746030695
4733,0.4835510062914796
4734,0.5137649458829409
4735,0.5985535566692113
4736,0.3995936028490192
4737,0.6250232999022586
4738,0.9125581890058607
4739,0.3997050577846632
4740,0.7048997323096023
4741,0.3759566018653352
4742,0.43044522473333086
4743,0.3981915866759506
4744,0.731044146398881
4745,0.4343836887623667
4746,0.3502229689366101
4747,0.5451489167709299
4748,0.4284141322345488
4749,0.34944089865432665
4750,0.4795691576025968
4751,0.3882549013707973
4752,0.289939215303605
4753,0.6978033882540712
4754,0.44521182886337585
4755,0.3778625364651834
4756,0.5252087188584688
4757,0.5573709065324916
4758,0.5700709173185283
4759,0.5066330712823666
4760,0.4647491069106414
4761,0.5347854751528414
4762,0.7186827646189109
4763,0.48542636397026434
4764,0.4604885000922171
4765,0.3650288118198181
4766,0.7435426210086117
4767,0.7809049998095935
4768,0.36081477589176053
4769,0.8705030150792653
4770,0.5213842921719989
4771,0.6076186618866537
4772,0.6197492542089007
4773,0.4208643070583422
4774,0.4049229571649271
4775,0.4273602781418355
4776,0.840010104675192
4777,0.9511048796132731
4778,0.35028718779180085
4779,0.4098088803286307
4780,0.5487670255371835
4781,0.28644154534779953
4782,0.6892930725318099
4783,0.5788857089009306
4784,0.5896312990344215
4785,0.6936701513886675
4786,0.2914271799325874
4787,0.5156859782986224
4788,0.9071744296848057
4789,0.6290271398855067
4790,0.4116353373840867
4791,0.4072005156142001
4792,0.4268507176092069
4793,0.30484823793088345
4794,0.3760605373322776
4795,0.6137209029678954
4796,0.7606443084304545
4797,0.46449959959185105
4798,0.3629262316481714
4799,0.4817894688794435
4800,0.3155665496708818
4801,0.3671845909883997
4802,0.4402757476279136
4803,0.45081725809910655
4804,0.6748878870910616
4805,0.30976895666307364
4806,0.5954319529175564
4807,0.30453256821478136
4808,0.3231482530025896
4809,0.3336865498560264
4810,0.3558280110661613
4811,0.6259448609876072
4812,0.7557054280008355
4813,0.3538883693978228
4814,0.4402084847560792
4815,0.38167368040745675
4816,0.30863585516436987
4817,0.41455738664306796
4818,0.42495308009639726
4819,0.8619371616671406
4820,0.5633356991673832
4821,0.40856398108625097
4822,0.43522964648908513
4823,0.545156525282247
4824,0.8137383597807964
4825,0.8309041937301153
4826,0.36981579529284586
4827,0.7687272877710386
4828,0.5326158063046535
4829,0.5141173333228236
4830,0.65628730295559
4831,0.40600772781909666
4832,0.4449421011238047
4833,0.5986889052134685
4834,0.32535786011832196
4835,0.7583198089456142
4836,0.5280080825533782
4837,0.4020330660196041
4838,0.6963914879963575
4839,0.38697693009291795
4840,0.4474095583966215
4841,0.6744493404822424
4842,0.28158974017671806
4843,0.32006038926885877
4844,0.544087529514163
4845,0.40176531194564075
4846,0.3597479460477723
4847,0.36012904982070476
4848,0.4744524926409547
4849,0.5165070308893224
4850,0.5524381069629077
4851,0.4202789763965132
4852,0.3585864207505185
4853,0.519231967479276
4854,0.7073202907049062
4855,0.5890067645350819
4856,0.46727131581966375
4857,0.33311288904201214
4858,0.8588299826389791
4859,0.6590810381851697
4860,0.502825976410226
4861,0.7002827068701104
4862,0.6834023179408402
4863,0.6977684123232424
4864,0.756106611637554
4865,0.34883477272362323
4866,0.5889734151174911
4867,0.4236175215536119
4868,0.7098000286990938
4869,0.5814384607370471
4870,0.6651715685764442
4871,0.5420306419604879
4872,0.3935028616257481
4873,0.3319975190529858
4874,0.358550368241356
4875,0.29725384467065413
4876,0.5700322125546388
4877,0.6635479948876097
4878,0.38320551331845853
4879,0.2744826064062017
4880,0.4527546325784622
4881,0.41884363489792
4882,0.4445199172653316
4883,0.6761801580201211
4884,0.523597481982169
4885,0.41105467519241656
4886,0.4405021530249626
4887,0.28822972979278344
4888,0.6114449880435677
4889,0.7560267324273161
4890,0.5550923029956771
4891,0.7193167090598886
4892,0.4016386096913703
4893,0.380156018600395
4894,0.4464921739547413
4895,0.4044315861864864
4896,0.8063461626532685
4897,0.537646688000824
4898,0.829221627665578
4899,0.5624689156878135
4900,0.45803840327442225
4901,0.6835560919719986
4902,0.34628551273162944
4903,0.49133363458091334
4904,0.5061129299203136
4905,0.59641441580952
4906,0.5480389683195146
4907,0.7182770438876815
4908,0.7614984099589223
4909,0.5373056565733246
4910,0.4763517655553656
4911,0.2966763744591463
4912,0.4471953822985831
4913,0.43742036264638096
4914,0.4501138107933733
4915,0.41204211061984514
4916,0.28686603488041057
4917,0.5082166159379732
4918,0.602178475878773
4919,0.4283406777073133
4920,0.786660197983317
4921,0.7467462482354396
4922,0.5952185015342157
4923,0.6826849385512773
4924,0.46161770064797863
4925,0.4276013080044387
4926,0.4537388354267778
4927,0.4813795083236962
4928,0.3586112338022075
4929,0.574683730076255
4930,0.38293797211440656
4931,0.3660468522910572
4932,0.5958991949402077
4933,0.4599649873062935
4934,0.3964687717333707
4935,0.5331462547335084
4936,0.7225446464508656
4937,0.49371275419685834
4938,0.3014910011241589
4939,0.6655673034021956
4940,0.2948605571645802
4941,0.34226816764194906
4942,0.6643181331221378
4943,0.48305345711531983
4944,0.45934234312428407
4945,0.6259826628081837
4946,0.6688463362372042
4947,0.5257280855854007
4948,0.5524439757826857
4949,0.4983456409421052
4950,0.5468858838638286
4951,0.414367026832684
4952,0.8539717483332618
4953,0.8299182798583953
4954,0.36736449125643045
4955,0.3259877528885538
4956,0.28322761250549217
4957,0.8522911094579558
4958,0.3598396806920827
4959,0.4039887053029715
4960,0.2824832325326715
4961,0.4908994935072763
4962,0.4218916253558061
4963,0.43156629202690566
4964,0.6413051268821021
4965,0.6435438603092983
4966,0.4667721039645366
4967,0.497710254300003
4968,0.4350479949991346
4969,0.4070475914634339
4970,0.5855176533104824
4971,0.3091497235480382
4972,0.4552406073372203
4973,0.44793097478306587
4974,0.31254032993089476
4975,0.4049337632991346
4976,0.47160791603608104
4977,0.3603866242012369
4978,0.33650739472091973
4979,0.5782941075215888
4980,0.35341676999063665
4981,0.3590681899153506
4982,0.3349314174477321
4983,0.716504106448962
4984,0.4113052672652901
4985,0.5877690055257804
4986,0.5713763069183538
4987,0.5067313623830717
4988,0.5105912035732307
4989,0.3061219201635884
4990,0.3364897554878867
4991,0.5336894872883851
4992,0.9677003624206217
4993,0.605474387629392
4994,0.28724952894657385
4995,0.6966166971748006
4996,0.4536281444938469
4997,0.66412011572091
4998,0.28803956065883957
4999,0.4506956223270837
